Timestamp;Data_Hora;Par;Tipo;Preco_Entrada;Preco_Saida;Stop_Loss;Take_Profit;Lote;Risco_USD;Resultado;Lucro_Liquido_USD;Capital_Final_USD
1786866870;16/08/2026 04:54:30;DOGE/USDT;SHORT;0.06987;0.06987;0.06987;0.0691;45454.545455;15.0;EMPATE_0x0;-2.54;997.46
1786895211;16/08/2026 12:46:51;SOL/USDT;SHORT;75.32;75.5968;75.5968;74.6281;54.053068;14.96;LOSS;-18.22;979.24
1786896028;16/08/2026 13:00:28;DOGE/USDT;SHORT;0.06979;0.0701;0.0701;0.0691;48264.158358;14.96;LOSS;-17.66;961.58
1786896994;16/08/2026 13:16:34;ETH/USDT;SHORT;1881.16;1886.1978;1886.1978;1868.5656;2.97749;15.0;LOSS;-19.48;942.1
1786903676;16/08/2026 15:07:56;SOL/USDT;SHORT;75.42;75.2065;75.41146062219569;75.2065;165.474239;14.13;WIN;25.34;967.44
1786907183;16/08/2026 16:06:23;SOL/USDT;SHORT;75.18;75.2634;75.2634;74.9715;174.000845;14.51;LOSS;-24.98;942.47
1786908007;16/08/2026 16:20:07;SOL/USDT;SHORT;75.24;75.319;75.319;75.0425;178.949605;14.14;LOSS;-24.91;917.56
1786909432;16/08/2026 16:43:52;DOGE/USDT;LONG;0.07002;0.07;0.07;0.0702;706850.939286;14.14;LOSS;-53.73;863.83
1786910794;16/08/2026 17:06:34;SOL/USDT;SHORT;75.21;75.2966;75.2966;74.9936;149.623716;12.96;LOSS;-21.96;841.87
1786913541;16/08/2026 17:52:21;SOL/USDT;SHORT;75.13;75.12114979643961;75.12114979643961;74.9087;142.689426;12.63;EMPATE_0x0;-7.31;834.55
1786915051;16/08/2026 18:17:31;BTC/USDT;SHORT;63043.46;63078.6476;63078.6476;62955.491;0.355759;12.52;LOSS;-30.46;804.09
1786916145;16/08/2026 18:35:45;DOGE/USDT;SHORT;0.06985;0.0699;0.0699;0.0696;241227.99248;12.06;LOSS;-25.54;778.55
1786916392;16/08/2026 18:39:52;BTC/USDT;SHORT;63033.73;63030.5512207538;63030.5512207538;62954.2605;0.367382;11.68;EMPATE_0x0;-17.36;761.19
1786916409;16/08/2026 18:40:09;ETH/USDT;SHORT;1882.46;1877.4152;1882.2582092839766;1877.4152;5.977204;12.06;WIN;21.15;782.35
1786916974;16/08/2026 18:49:34;BTC/USDT;SHORT;62940.97;62934.65652320853;62934.65652320853;62783.1331;0.185875;11.74;EMPATE_0x0;-8.19;774.16
1786917689;16/08/2026 19:01:29;BTC/USDT;SHORT;62963.31;62810.8225;62957.21050113763;62810.8225;0.190383;11.61;WIN;19.44;793.6
1786919864;16/08/2026 19:37:44;BTC/USDT;SHORT;62920.75;62739.2682;62913.49072729454;62739.2682;0.163984;11.9;WIN;21.51;815.11
1786921903;16/08/2026 20:11:43;DOGE/USDT;SHORT;0.06955;0.0697;0.0697;0.0692;81510.749162;12.23;LOSS;-16.76;798.35
1786923874;16/08/2026 20:44:34;ETH/USDT;SHORT;1876.27;1875.9539260790839;1875.9539260790839;1868.3682;3.788776;11.98;EMPATE_0x0;-4.49;793.86
1786926495;16/08/2026 21:28:15;DOGE/USDT;SHORT;0.06959;0.06957742163099925;0.06957742163099925;0.0693;108865.311977;11.98;EMPATE_0x0;-4.69;789.16
1786926577;16/08/2026 21:29:37;ETH/USDT;SHORT;1873.45;1875.9836;1875.9836;1867.116;4.699969;11.91;LOSS;-18.95;770.21
1786927487;16/08/2026 21:44:47;ETH/USDT;SHORT;1874.84;1877.7924;1877.7924;1867.4589;3.913153;11.55;LOSS;-17.42;752.79
1786929840;16/08/2026 22:24:00;BTC/USDT;LONG;63050.36;63061.44582451228;63061.44582451228;63327.5056;0.101859;11.29;EMPATE_0x0;-4.01;748.78
1786934080;16/08/2026 23:34:40;DOGE/USDT;LONG;0.06997;0.06998754613404427;0.06998754613404427;0.0704;66068.977468;11.23;EMPATE_0x0;-2.54;746.24
1786935130;16/08/2026 23:52:10;SOL/USDT;TREND_PULLBACK_SHORT;SHORT;75.08;75.5196;75.5196;73.9811;34.121929;15.0;LOSS;-17.05;982.95
1786935209;16/08/2026 23:53:29;ETH/USDT;LONG;1894.79;1905.8118;1895.2308715278625;1905.8118;2.538989;11.19;WIN;24.14;770.38
1786981688;17/08/2026 12:48:08;SOL/USDT;TREND_PULLBACK_LONG;LONG;75.71;76.1263;75.5435;76.1263;90.09009;15.0;WIN;32.05;1032.05
1786983076;17/08/2026 13:11:16;DOGE/USDT;RANGE_REVERSION_SHORT;SHORT;0.07057;0.0704;0.0707;0.0704;119082.453219;15.48;WIN;13.52;1045.57
1786986721;17/08/2026 14:12:01;SOL/USDT;TREND_PULLBACK_LONG;LONG;76.03;75.8526;75.8526;76.4735;88.407753;15.68;LOSS;-21.06;1024.51
1786987902;17/08/2026 14:31:42;SOL/USDT;TREND_PULLBACK_LONG;LONG;75.98;75.8022;75.8022;76.4245;86.432073;15.37;LOSS;-20.62;1003.89
1786991982;17/08/2026 15:39:42;SOL/USDT;TREND_PULLBACK_LONG;LONG;76.11;75.9414;75.9414;76.5314;89.313778;15.06;LOSS;-20.5;983.39
1786993429;17/08/2026 16:03:49;BTC/USDT;RANGE_REVERSION_SHORT;SHORT;64544.81;64324.7557;64654.8372;64324.7557;0.13686;15.06;WIN;23.05;1006.44
1787004990;17/08/2026 19:16:30;SOL/USDT;TREND_PULLBACK_LONG;LONG;75.98;75.8394;75.8394;76.3315;107.372707;15.1;LOSS;-21.62;984.82
1787009543;17/08/2026 20:32:23;ETH/USDT;RANGE_REVERSION_SHORT;SHORT;1916.29;1918.2202;1918.2202;1912.4296;7.653225;14.77;LOSS;-26.5;958.31
1787010114;17/08/2026 20:41:54;ETH/USDT;RANGE_REVERSION_SHORT;SHORT;1917.15;1913.0411;1919.2045;1913.0411;6.996681;14.37;WIN;18.02;976.33
1787013674;17/08/2026 21:41:14;SOL/USDT;TREND_PULLBACK_LONG;LONG;75.96;75.8705;75.8705;76.1838;165.053134;14.77;LOSS;-24.8;951.53
1787016085;17/08/2026 22:21:25;SOL/USDT;TREND_PULLBACK_LONG;LONG;75.99;75.8975;75.8975;76.2213;154.301781;14.27;LOSS;-23.65;927.87
1787018364;17/08/2026 22:59:24;SOL/USDT;TREND_PULLBACK_SHORT;SHORT;75.78;75.5565;75.8694;75.5565;155.683627;13.92;WIN;25.36;953.23
1787019319;17/08/2026 23:15:19;SOL/USDT;TREND_PULLBACK_LONG;LONG;75.97;75.4667;75.4667;77.2281;29.803298;15.0;LOSS;-16.81;983.19
1787020040;17/08/2026 23:27:20;ETH/USDT;RANGE_REVERSION_LONG;LONG;1900.69;1898.5492;1898.5492;1904.9716;6.501362;13.92;LOSS;-23.8;929.43
1787021202;17/08/2026 23:46:42;DOGE/USDT;RANGE_REVERSION_LONG;LONG;0.06976;0.0697;0.0697;0.07;232356.942377;13.94;LOSS;-26.91;902.52
1787021224;17/08/2026 23:47:04;ETH/USDT;RANGE_REVERSION_LONG;LONG;1892.73;1890.0332;1890.0332;1898.1235;5.019944;13.54;LOSS;-21.14;881.38
1787021245;17/08/2026 23:47:25;ETH/USDT;RANGE_REVERSION_LONG;LONG;1892.87;1890.1732;1890.1732;1898.2635;4.902366;13.22;LOSS;-20.64;860.74
1787021266;17/08/2026 23:47:46;ETH/USDT;RANGE_REVERSION_LONG;LONG;1893.8;1891.1032;1891.1032;1899.1935;4.787539;12.91;LOSS;-20.16;840.57
1787021288;17/08/2026 23:48:08;ETH/USDT;RANGE_REVERSION_LONG;LONG;1894.1;1891.4032;1891.4032;1899.4935;4.675382;12.61;LOSS;-19.69;820.88
1787021309;17/08/2026 23:48:29;ETH/USDT;RANGE_REVERSION_LONG;LONG;1894.49;1891.7932;1891.7932;1899.8835;4.565846;12.31;LOSS;-19.23;801.65
1787021330;17/08/2026 23:48:50;ETH/USDT;RANGE_REVERSION_LONG;LONG;1892.79;1890.0932;1890.0932;1898.1835;4.458869;12.02;LOSS;-18.78;782.87
1787021352;17/08/2026 23:49:12;ETH/USDT;RANGE_REVERSION_LONG;LONG;1894.02;1891.3232;1891.3232;1899.4135;4.354432;11.74;LOSS;-18.34;764.53
1787021373;17/08/2026 23:49:33;ETH/USDT;RANGE_REVERSION_LONG;LONG;1895.02;1892.3232;1892.3232;1900.4135;4.252417;11.47;LOSS;-17.91;746.61
1787021395;17/08/2026 23:49:55;ETH/USDT;RANGE_REVERSION_LONG;LONG;1895.56;1892.8581;1892.8581;1900.9638;4.144934;11.2;LOSS;-17.48;729.13
1787023264;18/08/2026 00:21:04;ETH/USDT;RANGE_REVERSION_LONG;LONG;1892.95;1890.0889;1890.0889;1898.6721;3.82263;10.94;LOSS;-16.73;712.4
1787024338;18/08/2026 00:38:58;SOL/USDT;TREND_PULLBACK_SHORT;SHORT;75.39;75.5099;75.5099;75.0904;89.124597;10.69;LOSS;-16.06;696.34
1787024556;18/08/2026 00:42:36;ETH/USDT;RANGE_REVERSION_LONG;LONG;1888.21;1894.3588;1885.1356;1894.3588;3.475813;10.69;WIN;16.12;712.46
1787026045;18/08/2026 01:07:25;SOL/USDT;TREND_PULLBACK_SHORT;SHORT;75.47;75.5842;75.5842;75.1844;93.580943;10.69;LOSS;-16.34;696.13
1787031054;18/08/2026 02:30:54;SOL/USDT;TREND_PULLBACK_LONG;LONG;75.83;75.7323;75.7323;76.0742;106.877061;10.44;LOSS;-16.93;679.2
1787032857;18/08/2026 03:00:57;SOL/USDT;TREND_PULLBACK_LONG;LONG;75.79;75.6728;75.6728;76.083;86.928385;10.19;LOSS;-15.46;663.74
1787037579;18/08/2026 04:19:39;SOL/USDT;TREND_PULLBACK_LONG;LONG;75.96;76.2645;75.8382;76.2645;81.741601;9.96;WIN;19.92;683.66
1787038154;18/08/2026 04:29:14;ETH/USDT;RANGE_REVERSION_SHORT;SHORT;1905.01;1900.2102;1907.4099;1900.2102;4.148559;9.96;WIN;13.59;697.25
1787040336;18/08/2026 05:05:36;SOL/USDT;TREND_PULLBACK_LONG;LONG;76.05;75.9173;75.9173;76.3818;78.815523;10.46;LOSS;-15.25;682.0
1787045142;18/08/2026 06:25:42;SOL/USDT;TREND_PULLBACK_LONG;LONG;76.06;75.924;75.924;76.4001;75.220666;10.23;LOSS;-14.81;667.19
1787051001;18/08/2026 08:03:21;SOL/USDT;TREND_PULLBACK_SHORT;SHORT;75.82;75.9238;75.9238;75.5605;96.41527;10.01;LOSS;-15.86;651.34
1787056264;18/08/2026 09:31:04;ETH/USDT;RANGE_REVERSION_SHORT;SHORT;1904.08;1900.6194;1905.8103;1900.6194;5.646457;9.77;WIN;10.94;662.28
1787058007;18/08/2026 10:00:07;SOL/USDT;TREND_PULLBACK_LONG;LONG;76.36;76.2188;76.2188;76.713;69.193087;9.77;LOSS;-14.0;648.28
1787059388;18/08/2026 10:23:08;BTC/USDT;RANGE_REVERSION_LONG;LONG;64128.47;64092.9068;64092.9068;64199.5965;0.273434;9.72;LOSS;-23.75;624.53
1787059760;18/08/2026 10:29:20;BTC/USDT;RANGE_REVERSION_LONG;LONG;64106.89;64067.8982;64067.8982;64184.8736;0.240253;9.37;LOSS;-21.69;602.84
1787059881;18/08/2026 10:31:21;BTC/USDT;RANGE_REVERSION_LONG;LONG;64067.07;64152.1637;64024.5232;64152.1637;0.212532;9.04;WIN;7.19;610.03
1787060157;18/08/2026 10:35:57;BTC/USDT;RANGE_REVERSION_LONG;LONG;64092.0;64045.0183;64045.0183;64185.9634;0.194766;9.15;LOSS;-19.14;590.89
1787060342;18/08/2026 10:39:02;BTC/USDT;RANGE_REVERSION_LONG;LONG;64074.0;64175.3363;64023.3319;64175.3363;0.174931;8.86;WIN;8.76;599.65
1787063161;18/08/2026 11:26:01;SOL/USDT;TREND_PULLBACK_LONG;LONG;76.31;76.7542;76.1323;76.7542;50.617916;8.99;WIN;19.39;619.05
1787063207;18/08/2026 11:26:47;BTC/USDT;RANGE_REVERSION_SHORT;SHORT;64737.99;64848.0845;64848.0845;64517.8009;0.081701;8.99;LOSS;-13.23;605.82
1787063425;18/08/2026 11:30:25;SOL/USDT;TREND_PULLBACK_LONG;LONG;75.9;77.1681;75.3928;77.1681;29.076952;14.75;WIN;35.11;1018.3
1787064774;18/08/2026 11:52:54;BTC/USDT;RANGE_REVERSION_SHORT;SHORT;64989.35;64731.9127;65118.0687;64731.9127;0.070598;9.09;WIN;14.5;620.33
1787070603;18/08/2026 13:30:03;SOL/USDT;TREND_PULLBACK_LONG;LONG;77.08;76.8526;76.8526;77.6484;40.918591;9.3;LOSS;-11.83;608.5
1787086230;18/08/2026 17:50:30;SOL/USDT;TREND_PULLBACK_LONG;LONG;77.01;76.8129;76.8129;77.5029;46.308809;9.13;LOSS;-11.98;596.52
1787093207;18/08/2026 19:46:47;SOL/USDT;TREND_PULLBACK_LONG;LONG;77.1;76.98;76.98;77.4;74.564661;8.95;LOSS;-13.55;582.97
1787097709;18/08/2026 21:01:49;ETH/USDT;RANGE_REVERSION_SHORT;SHORT;1919.48;1916.6816;1920.8792;1916.6816;6.249683;8.74;WIN;7.89;590.86
1787097871;18/08/2026 21:04:31;SOL/USDT;TREND_PULLBACK_LONG;LONG;77.11;76.978;76.978;77.4401;66.246635;8.74;LOSS;-12.83;578.03
1787106385;18/08/2026 23:26:25;SOL/USDT;TREND_PULLBACK_SHORT;SHORT;76.71;76.8822;76.8822;76.2795;50.351168;8.67;LOSS;-11.76;566.27
1787106398;18/08/2026 23:26:38;SOL/USDT;TREND_PULLBACK_SHORT;SHORT;76.71;76.8822;76.8822;76.2795;87.108014;15.0;LOSS;-20.35;979.65
1787115052;19/08/2026 01:50:52;SOL/USDT;TREND_PULLBACK_LONG;LONG;77.02;76.8767;76.8767;77.3782;59.274702;8.49;LOSS;-12.15;554.12
1787115054;19/08/2026 01:50:54;SOL/USDT;TREND_PULLBACK_LONG;LONG;77.02;76.8767;76.8767;77.3782;102.545815;14.69;LOSS;-21.01;958.64
1787115855;19/08/2026 02:04:15;SOL/USDT;TREND_PULLBACK_SHORT;SHORT;76.84;76.9585;76.9585;76.5436;121.346972;14.38;LOSS;-21.84;936.8
1787116234;19/08/2026 02:10:34;SOL/USDT;TREND_PULLBACK_SHORT;SHORT;76.86;76.986;76.986;76.5449;65.96722;8.31;LOSS;-12.37;541.76
1787120408;19/08/2026 03:20:08;BTC/USDT;RANGE_REVERSION_LONG;LONG;64179.59;64249.4686;64144.6507;64249.4686;0.402184;14.05;WIN;7.45;944.26
1787120414;19/08/2026 03:20:14;BTC/USDT;RANGE_REVERSION_LONG;LONG;64177.56;64247.4386;64142.6207;64247.4386;0.232585;8.13;WIN;4.31;546.07
1787122002;19/08/2026 03:46:42;SOL/USDT;TREND_PULLBACK_SHORT;SHORT;76.89;77.006;77.006;76.5999;70.054731;8.13;LOSS;-12.44;533.63
1787122008;19/08/2026 03:46:48;SOL/USDT;TREND_PULLBACK_SHORT;SHORT;76.89;77.006;77.006;76.5999;121.138192;14.05;LOSS;-21.5;922.75
1787128728;19/08/2026 05:38:48;SOL/USDT;TREND_PULLBACK_LONG;LONG;77.03;77.399;76.8824;77.399;93.77571;13.84;WIN;28.82;951.58
1787128734;19/08/2026 05:38:54;SOL/USDT;TREND_PULLBACK_LONG;LONG;77.03;77.399;76.8824;77.399;54.23093;8.0;WIN;16.67;550.3
1787132590;19/08/2026 06:43:10;SOL/USDT;TREND_PULLBACK_LONG;LONG;77.39;77.2277;77.2277;77.7958;50.859671;8.25;LOSS;-11.4;538.9
1787132595;19/08/2026 06:43:15;SOL/USDT;TREND_PULLBACK_LONG;LONG;77.39;77.2277;77.2277;77.7958;87.946154;14.27;LOSS;-19.72;931.86
1787138874;19/08/2026 08:27:54;SOL/USDT;TREND_PULLBACK_LONG;LONG;77.29;77.6118;77.1613;77.6118;62.808659;8.08;WIN;16.33;555.23
1787138887;19/08/2026 08:28:07;SOL/USDT;TREND_PULLBACK_LONG;LONG;77.29;77.6118;77.1613;77.6118;108.608253;13.98;WIN;28.23;960.09
1787141574;19/08/2026 09:12:54;SOL/USDT;TREND_PULLBACK_LONG;LONG;77.55;77.4363;77.4363;77.8343;73.248883;8.33;LOSS;-12.87;542.35
1787141576;19/08/2026 09:12:56;SOL/USDT;TREND_PULLBACK_LONG;LONG;77.55;77.4363;77.4363;77.8343;126.661409;14.4;LOSS;-22.26;937.83
1787143040;19/08/2026 09:37:20;BTC/USDT;RANGE_REVERSION_SHORT;SHORT;64666.25;64713.9261;64713.9261;64570.8978;0.170637;8.14;LOSS;-16.96;525.39
1787143051;19/08/2026 09:37:31;BTC/USDT;RANGE_REVERSION_SHORT;SHORT;64666.25;64713.9261;64713.9261;64570.8978;0.295064;14.07;LOSS;-29.33;908.5
1787143097;19/08/2026 09:38:17;SOL/USDT;TREND_PULLBACK_LONG;LONG;77.47;77.7288;77.3665;77.7288;78.601997;8.14;WIN;15.47;540.86
1787143101;19/08/2026 09:38:21;SOL/USDT;TREND_PULLBACK_LONG;LONG;77.47;77.7288;77.3665;77.7288;135.917971;14.07;WIN;26.75;935.25
1787143101;19/08/2026 09:38:21;DOGE/USDT;RANGE_REVERSION_SHORT;SHORT;0.07037;0.0704;0.0704;0.0702;454250.977916;13.63;LOSS;-39.2;896.05
1787143120;19/08/2026 09:38:40;DOGE/USDT;RANGE_REVERSION_SHORT;SHORT;0.07037;0.0704;0.0704;0.0702;262695.452721;7.88;LOSS;-22.67;518.19
1787143141;19/08/2026 09:39:01;BTC/USDT;RANGE_REVERSION_SHORT;SHORT;64711.96;64601.853;64767.0135;64601.853;0.141188;7.77;WIN;8.24;526.43
1787143151;19/08/2026 09:39:11;DOGE/USDT;RANGE_REVERSION_SHORT;SHORT;0.0704;0.0703;0.0705;0.0703;134408.074825;13.44;WIN;5.87;901.92
1787143341;19/08/2026 09:42:21;DOGE/USDT;RANGE_REVERSION_SHORT;SHORT;0.07044;0.0705;0.0705;0.0703;131607.160865;7.9;LOSS;-15.31;511.12
1787143353;19/08/2026 09:42:33;DOGE/USDT;RANGE_REVERSION_SHORT;SHORT;0.07044;0.0705;0.0705;0.0703;225481.194218;13.53;LOSS;-26.24;875.69
1787143445;19/08/2026 09:44:05;SOL/USDT;TREND_PULLBACK_LONG;LONG;77.7;78.0022;77.5791;78.0022;67.104425;8.11;WIN;16.11;527.22
1787143455;19/08/2026 09:44:15;SOL/USDT;TREND_PULLBACK_LONG;LONG;77.69;77.9922;77.5691;77.9922;111.172932;13.44;WIN;26.69;902.38
1787143479;19/08/2026 09:44:39;ETH/USDT;RANGE_REVERSION_SHORT;SHORT;1928.66;1930.9619;1930.9619;1924.0562;3.330613;7.67;LOSS;-12.81;514.42
1787143488;19/08/2026 09:44:48;ETH/USDT;RANGE_REVERSION_SHORT;SHORT;1928.66;1930.9619;1930.9619;1924.0562;5.706305;13.14;LOSS;-21.94;880.44
1787143554;19/08/2026 09:45:54;ETH/USDT;RANGE_REVERSION_SHORT;SHORT;1933.37;1935.8464;1935.8464;1928.4173;5.332963;13.21;LOSS;-21.46;858.98
1787143785;19/08/2026 09:49:45;DOGE/USDT;RANGE_REVERSION_SHORT;SHORT;0.07049;0.0706;0.0706;0.0703;70147.908973;7.72;LOSS;-11.67;502.75
1787144077;19/08/2026 09:54:37;ETH/USDT;RANGE_REVERSION_SHORT;SHORT;1942.1;1935.7406;1945.2797;1935.7406;2.371667;7.54;WIN;11.4;514.14
1787144455;19/08/2026 10:00:55;BTC/USDT;RANGE_REVERSION_SHORT;SHORT;64953.11;64809.0455;65025.1423;64809.0455;0.178874;12.88;WIN;16.47;875.46
1787146412;19/08/2026 10:33:32;BTC/USDT;RANGE_REVERSION_SHORT;SHORT;65080.0;65182.7361;65182.7361;64874.5279;0.127821;13.13;LOSS;-19.79;855.67
1787146444;19/08/2026 10:34:04;BTC/USDT;RANGE_REVERSION_SHORT;SHORT;65091.07;65193.8061;65193.8061;64885.5979;0.124932;12.84;LOSS;-19.34;836.33
1787146477;19/08/2026 10:34:37;BTC/USDT;RANGE_REVERSION_SHORT;SHORT;65010.81;65113.5461;65113.5461;64805.3379;0.122108;12.54;LOSS;-18.9;817.43
1787146593;19/08/2026 10:36:33;DOGE/USDT;RANGE_REVERSION_SHORT;SHORT;0.07067;0.0705;0.0708;0.0705;59324.251823;7.71;WIN;6.73;520.87
1787146678;19/08/2026 10:37:58;BTC/USDT;RANGE_REVERSION_SHORT;SHORT;65067.25;64861.7779;65169.9861;64861.7779;0.119349;12.26;WIN;18.31;835.74
1787150858;19/08/2026 11:47:38;BTC/USDT;RANGE_REVERSION_SHORT;SHORT;65383.38;65529.62;65529.62;65090.8999;0.053427;7.81;LOSS;-10.61;510.27
1787150904;19/08/2026 11:48:24;SOL/USDT;TREND_PULLBACK_LONG;LONG;78.57;79.2551;78.296;79.2551;28.515037;7.81;WIN;17.74;528.01
1787150909;19/08/2026 11:48:29;SOL/USDT;TREND_PULLBACK_LONG;LONG;78.55;79.2351;78.276;79.2351;45.752395;12.54;WIN;28.47;864.21
1787150967;19/08/2026 11:49:27;BTC/USDT;RANGE_REVERSION_SHORT;SHORT;65402.0;65109.5199;65548.24;65109.5199;0.085723;12.54;WIN;20.59;884.8
1787151643;19/08/2026 12:00:43;BTC/USDT;RANGE_REVERSION_SHORT;SHORT;65842.04;66003.1102;66003.1102;65519.8996;0.049172;7.92;LOSS;-10.51;517.5
1787151648;19/08/2026 12:00:48;BTC/USDT;RANGE_REVERSION_SHORT;SHORT;65825.41;65986.4802;65986.4802;65503.2696;0.082399;13.27;LOSS;-17.61;867.19
1787151893;19/08/2026 12:04:53;ETH/USDT;RANGE_REVERSION_SHORT;SHORT;1972.44;1979.2586;1979.2586;1958.8028;1.13843;7.76;LOSS;-9.56;507.94
1787151895;19/08/2026 12:04:55;ETH/USDT;RANGE_REVERSION_SHORT;SHORT;1972.39;1979.2086;1979.2086;1958.7528;1.9077;13.01;LOSS;-16.02;851.17
1787151926;19/08/2026 12:05:26;ETH/USDT;RANGE_REVERSION_SHORT;SHORT;1985.91;1993.9044;1993.9044;1969.9212;0.953057;7.62;LOSS;-9.13;498.81
1787151995;19/08/2026 12:06:35;DOGE/USDT;RANGE_REVERSION_SHORT;SHORT;0.07174;0.0719;0.0719;0.0713;79797.331734;12.77;LOSS;-17.35;833.82
1787152099;19/08/2026 12:08:19;DOGE/USDT;RANGE_REVERSION_SHORT;SHORT;0.07195;0.0722;0.0722;0.0715;29928.472381;7.48;LOSS;-9.2;489.6
1787153012;19/08/2026 12:23:32;DOGE/USDT;RANGE_REVERSION_SHORT;SHORT;0.072;0.0722;0.0722;0.0716;36720.230404;7.34;LOSS;-9.46;480.14
1787153021;19/08/2026 12:23:41;DOGE/USDT;RANGE_REVERSION_SHORT;SHORT;0.072;0.0722;0.0722;0.0716;62536.817772;12.51;LOSS;-16.11;817.71
1787153358;19/08/2026 12:29:18;BTC/USDT;RANGE_REVERSION_SHORT;SHORT;68474.46;68914.9752;68914.9752;67593.4296;0.016349;7.2;LOSS;-8.1;472.05
1787153368;19/08/2026 12:29:28;BTC/USDT;RANGE_REVERSION_SHORT;SHORT;68470.48;68910.9952;68910.9952;67589.4496;0.027844;12.27;LOSS;-13.79;803.92
1787153378;19/08/2026 12:29:38;BTC/USDT;RANGE_REVERSION_SHORT;SHORT;68409.27;68849.7852;68849.7852;67528.2396;0.016074;7.08;LOSS;-7.96;464.09
1787153400;19/08/2026 12:30:00;BTC/USDT;RANGE_REVERSION_SHORT;SHORT;68146.26;68586.7752;68586.7752;67265.2296;0.015803;6.96;LOSS;-7.82;456.26
1787153986;19/08/2026 12:39:46;BTC/USDT;RANGE_REVERSION_SHORT;SHORT;68215.15;68655.6652;68655.6652;67334.1196;0.027374;12.06;LOSS;-13.55;790.37
1787155324;19/08/2026 13:02:04;ETH/USDT;RANGE_REVERSION_SHORT;SHORT;2074.77;2093.0015;2093.0015;2038.307;0.375391;6.84;LOSS;-7.47;448.8
1787159886;19/08/2026 14:18:06;SOL/USDT;TREND_PULLBACK_LONG;LONG;81.78;81.2379;81.2379;83.1352;21.86971;11.86;LOSS;-13.29;777.08
1787159891;19/08/2026 14:18:11;SOL/USDT;TREND_PULLBACK_LONG;LONG;81.77;81.2279;81.2279;83.1252;12.418257;6.73;LOSS;-7.54;441.25
1787170039;19/08/2026 17:07:19;ETH/USDT;RANGE_REVERSION_SHORT;SHORT;2110.8;2117.7992;2117.7992;2096.8017;0.945647;6.62;LOSS;-8.22;433.04
1787171130;19/08/2026 17:25:30;ETH/USDT;RANGE_REVERSION_SHORT;SHORT;2113.75;2121.2592;2121.2592;2098.7317;0.865011;6.5;LOSS;-7.96;425.08
1787171245;19/08/2026 17:27:25;ETH/USDT;RANGE_REVERSION_SHORT;SHORT;2121.84;2129.4433;2129.4433;2106.6334;0.838605;6.38;LOSS;-7.8;417.28
1787171336;19/08/2026 17:28:56;ETH/USDT;RANGE_REVERSION_SHORT;SHORT;2123.31;2131.4653;2131.4653;2106.9994;0.767497;6.26;LOSS;-7.56;409.72
1787171358;19/08/2026 17:29:18;ETH/USDT;RANGE_REVERSION_SHORT;SHORT;2124.08;2132.2353;2132.2353;2107.7694;0.753587;6.15;LOSS;-7.43;402.29
1787171449;19/08/2026 17:30:49;SOL/USDT;TREND_PULLBACK_LONG;LONG;81.6;82.5755;81.2098;82.5755;16.962514;6.62;WIN;15.44;417.73
1787171451;19/08/2026 17:30:51;SOL/USDT;TREND_PULLBACK_LONG;LONG;81.6;82.5755;81.2098;82.5755;29.872564;11.66;WIN;27.19;804.28
1787172617;19/08/2026 17:50:17;ETH/USDT;RANGE_REVERSION_SHORT;SHORT;2125.69;2133.8453;2133.8453;2109.3794;0.739928;6.03;LOSS;-7.29;410.44
1787172652;19/08/2026 17:50:52;BTC/USDT;RANGE_REVERSION_SHORT;SHORT;68675.63;69159.2926;69159.2926;67708.3049;0.024512;11.86;LOSS;-13.2;791.07
1787172731;19/08/2026 17:52:11;BTC/USDT;RANGE_REVERSION_SHORT;SHORT;69179.72;69400.0073;69400.0073;68739.1453;0.027948;6.16;LOSS;-7.7;402.73
1787172736;19/08/2026 17:52:16;BTC/USDT;RANGE_REVERSION_SHORT;SHORT;69179.72;69400.0073;69400.0073;68739.1453;0.053866;11.87;LOSS;-14.85;776.23
1787172775;19/08/2026 17:52:55;BTC/USDT;RANGE_REVERSION_SHORT;SHORT;69173.58;69393.8673;69393.8673;68733.0053;0.027423;6.04;LOSS;-7.56;395.17
1787172786;19/08/2026 17:53:06;BTC/USDT;RANGE_REVERSION_SHORT;SHORT;69126.05;69346.3373;69346.3373;68685.4753;0.052855;11.64;LOSS;-14.57;761.66
1787172796;19/08/2026 17:53:16;BTC/USDT;RANGE_REVERSION_SHORT;SHORT;69117.05;69337.3373;69337.3373;68676.4753;0.026909;5.93;LOSS;-7.42;387.76
1787172817;19/08/2026 17:53:37;BTC/USDT;RANGE_REVERSION_SHORT;SHORT;69147.97;69368.2573;69368.2573;68707.3953;0.026404;5.82;LOSS;-7.28;380.48
1787172819;19/08/2026 17:53:39;BTC/USDT;RANGE_REVERSION_SHORT;SHORT;69121.02;69341.3073;69341.3073;68680.4453;0.051864;11.42;LOSS;-14.29;747.37
1787172838;19/08/2026 17:53:58;BTC/USDT;RANGE_REVERSION_SHORT;SHORT;69131.17;69351.4573;69351.4573;68690.5953;0.025908;5.71;LOSS;-7.14;373.34
1787172852;19/08/2026 17:54:12;BTC/USDT;RANGE_REVERSION_SHORT;SHORT;69153.69;69373.9773;69373.9773;68713.1153;0.05089;11.21;LOSS;-14.03;733.34
1787172858;19/08/2026 17:54:18;BTC/USDT;RANGE_REVERSION_SHORT;SHORT;69125.74;69346.0273;69346.0273;68685.1653;0.025422;5.6;LOSS;-7.01;366.34
1787172879;19/08/2026 17:54:39;BTC/USDT;RANGE_REVERSION_SHORT;SHORT;69100.19;69320.4773;69320.4773;68659.6153;0.024945;5.5;LOSS;-6.87;359.46
1787172886;19/08/2026 17:54:46;BTC/USDT;RANGE_REVERSION_SHORT;SHORT;69100.18;69320.4673;69320.4673;68659.6053;0.049935;11.0;LOSS;-13.76;719.58
1787173484;19/08/2026 18:04:44;BTC/USDT;RANGE_REVERSION_SHORT;SHORT;69121.99;69340.3828;69340.3828;68685.2044;0.024689;5.39;LOSS;-6.76;352.7
1787173490;19/08/2026 18:04:50;BTC/USDT;RANGE_REVERSION_SHORT;SHORT;69115.63;69334.0228;69334.0228;68678.8444;0.049423;10.79;LOSS;-13.53;706.05
1787173574;19/08/2026 18:06:14;DOGE/USDT;RANGE_REVERSION_SHORT;SHORT;0.07478;0.0751;0.0751;0.0742;33096.302891;10.59;LOSS;-12.57;693.48
1787173577;19/08/2026 18:06:17;DOGE/USDT;RANGE_REVERSION_SHORT;SHORT;0.07481;0.0751;0.0751;0.0742;18243.313508;5.29;LOSS;-6.38;346.32
1787173632;19/08/2026 18:07:12;BTC/USDT;RANGE_REVERSION_SHORT;SHORT;69440.0;69693.3458;69693.3458;68933.3084;0.020505;5.19;LOSS;-6.33;339.99
1787173640;19/08/2026 18:07:20;BTC/USDT;RANGE_REVERSION_SHORT;SHORT;69452.19;69705.5358;69705.5358;68945.4984;0.04106;10.4;LOSS;-12.68;680.8
1787173746;19/08/2026 18:09:06;BTC/USDT;RANGE_REVERSION_SHORT;SHORT;69469.73;69754.4686;69754.4686;68900.2527;0.017911;5.1;LOSS;-6.1;333.89
1787173757;19/08/2026 18:09:17;BTC/USDT;RANGE_REVERSION_SHORT;SHORT;69493.42;69778.1586;69778.1586;68923.9427;0.035864;10.21;LOSS;-12.21;668.59
1787173766;19/08/2026 18:09:26;BTC/USDT;RANGE_REVERSION_SHORT;SHORT;69505.78;69790.5186;69790.5186;68936.3027;0.017589;5.01;LOSS;-5.99;327.91
1787173787;19/08/2026 18:09:47;BTC/USDT;RANGE_REVERSION_SHORT;SHORT;69604.0;69888.7386;69888.7386;69034.5227;0.017274;4.92;LOSS;-5.88;322.03
1787173790;19/08/2026 18:09:50;BTC/USDT;RANGE_REVERSION_SHORT;SHORT;69588.73;69873.4686;69873.4686;69019.2527;0.035221;10.03;LOSS;-11.99;656.6
1787174889;19/08/2026 18:28:09;DOGE/USDT;RANGE_REVERSION_SHORT;SHORT;0.07568;0.0761;0.0761;0.0749;23450.166668;9.85;LOSS;-11.27;645.34
1787175971;19/08/2026 18:46:11;BTC/USDT;RANGE_REVERSION_SHORT;SHORT;69624.01;69908.7486;69908.7486;69054.5327;0.016964;4.83;LOSS;-5.78;316.25
1787177594;19/08/2026 19:13:14;DOGE/USDT;RANGE_REVERSION_SHORT;SHORT;0.07601;0.0751;0.0765;0.0751;19755.178464;9.68;WIN;16.78;662.11
1787178843;19/08/2026 19:34:03;SOL/USDT;TREND_PULLBACK_LONG;LONG;85.82;84.9573;84.9573;87.9767;11.512318;9.93;LOSS;-10.72;651.39
1787178844;19/08/2026 19:34:04;SOL/USDT;TREND_PULLBACK_LONG;LONG;85.87;85.0073;85.0073;88.0267;5.498732;4.74;LOSS;-5.12;311.13
1787188274;19/08/2026 22:11:14;SOL/USDT;TREND_PULLBACK_LONG;LONG;85.48;84.6916;84.6916;87.451;12.393259;9.77;LOSS;-10.62;640.77
1787188279;19/08/2026 22:11:19;SOL/USDT;TREND_PULLBACK_LONG;LONG;85.48;84.6916;84.6916;87.451;5.9195;4.67;LOSS;-5.07;306.06
1787193004;19/08/2026 23:30:04;SOL/USDT;TREND_PULLBACK_LONG;LONG;85.42;85.0482;85.0482;86.3495;25.851453;9.61;LOSS;-11.38;629.39
1787193102;19/08/2026 23:31:42;SOL/USDT;TREND_PULLBACK_LONG;LONG;85.41;85.0382;85.0382;86.3395;12.347654;4.59;LOSS;-5.43;300.62
1787196814;20/08/2026 00:33:34;ETH/USDT;RANGE_REVERSION_LONG;LONG;2227.0;2244.0868;2218.4566;2244.0868;0.527816;4.51;WIN;8.08;308.7
1787196830;20/08/2026 00:33:50;ETH/USDT;RANGE_REVERSION_LONG;LONG;2227.15;2244.2368;2218.6066;2244.2368;1.105052;9.44;WIN;16.91;646.31
1787207218;20/08/2026 03:26:58;SOL/USDT;TREND_PULLBACK_LONG;LONG;84.9;85.4302;84.6879;85.4302;45.707646;9.69;WIN;21.13;667.44
1787207474;20/08/2026 03:31:14;SOL/USDT;TREND_PULLBACK_LONG;LONG;84.92;85.4609;84.7036;85.4609;21.397942;4.63;WIN;10.12;318.82
1787213355;20/08/2026 05:09:15;SOL/USDT;TREND_PULLBACK_LONG;LONG;85.86;86.5796;85.5722;86.5796;16.616822;4.78;WIN;10.82;329.64
1787213363;20/08/2026 05:09:23;SOL/USDT;TREND_PULLBACK_LONG;LONG;85.88;86.5996;85.5922;86.5996;34.786441;10.01;WIN;22.64;690.08
1787213452;20/08/2026 05:10:52;BTC/USDT;RANGE_REVERSION_SHORT;SHORT;70672.39;70875.5379;70875.5379;70266.0942;0.02434;4.94;LOSS;-6.32;323.32
1787213518;20/08/2026 05:11:58;BTC/USDT;RANGE_REVERSION_SHORT;SHORT;70837.49;71061.4545;71061.4545;70389.5611;0.046218;10.35;LOSS;-12.97;677.11
1787213522;20/08/2026 05:12:02;BTC/USDT;RANGE_REVERSION_SHORT;SHORT;70849.19;71073.1545;71073.1545;70401.2611;0.021654;4.85;LOSS;-6.08;317.24
1787213570;20/08/2026 05:12:50;BTC/USDT;RANGE_REVERSION_SHORT;SHORT;70920.01;71160.693;71160.693;70438.644;0.042199;10.16;LOSS;-12.55;664.56
1787215252;20/08/2026 05:40:52;BTC/USDT;RANGE_REVERSION_SHORT;SHORT;71372.28;71658.4863;71658.4863;70799.8675;0.016626;4.76;LOSS;-5.71;311.53
1787215637;20/08/2026 05:47:17;BTC/USDT;RANGE_REVERSION_SHORT;SHORT;71436.01;71722.2163;71722.2163;70863.5975;0.034829;9.97;LOSS;-11.96;652.6
1787223014;20/08/2026 07:50:14;SOL/USDT;TREND_PULLBACK_LONG;LONG;87.55;87.0862;87.0862;88.7095;21.106026;9.79;LOSS;-11.27;641.33
1787227579;20/08/2026 09:06:19;BTC/USDT;RANGE_REVERSION_SHORT;SHORT;72318.31;71732.7456;72611.0922;71732.7456;0.033434;9.79;WIN;17.64;658.97
1787227581;20/08/2026 09:06:21;BTC/USDT;RANGE_REVERSION_SHORT;SHORT;72324.01;71738.4456;72616.7922;71738.4456;0.015961;4.67;WIN;8.42;319.95
1787227605;20/08/2026 09:06:45;SOL/USDT;TREND_PULLBACK_LONG;LONG;87.47;87.0062;87.0062;88.6295;10.075418;4.67;LOSS;-5.38;314.58
1787232607;20/08/2026 10:30:07;SOL/USDT;TREND_PULLBACK_LONG;LONG;87.3;86.9435;86.9435;88.1913;27.726839;9.88;LOSS;-11.82;647.15
1787232616;20/08/2026 10:30:16;SOL/USDT;TREND_PULLBACK_LONG;LONG;87.29;86.9356;86.9356;88.176;13.314473;4.72;LOSS;-5.65;308.93
1787238722;20/08/2026 12:12:02;DOGE/USDT;RANGE_REVERSION_SHORT;SHORT;0.07896;0.0794;0.0794;0.0781;10531.642913;4.63;LOSS;-5.3;303.63
1787238723;20/08/2026 12:12:03;DOGE/USDT;RANGE_REVERSION_SHORT;SHORT;0.0783225;0.0793;0.0793;0.0763;9930.743917;9.71;LOSS;-10.33;636.82
1787241199;20/08/2026 12:53:19;DOGE/USDT;RANGE_REVERSION_SHORT;SHORT;0.07966;0.0801;0.0801;0.0787;10350.988855;4.55;LOSS;-5.21;298.41
1787241209;20/08/2026 12:53:29;DOGE/USDT;RANGE_REVERSION_SHORT;SHORT;0.07971;0.0802;0.0802;0.0787;19494.610281;9.55;LOSS;-10.8;626.03
1787243930;20/08/2026 13:38:50;DOGE/USDT;RANGE_REVERSION_SHORT;SHORT;0.08034;0.0809;0.0809;0.0791;7993.256879;4.48;LOSS;-4.99;293.42
1787243978;20/08/2026 13:39:38;DOGE/USDT;RANGE_REVERSION_SHORT;SHORT;0.08038;0.081;0.081;0.0792;15145.849464;9.39;LOSS;-10.36;615.66
1787244468;20/08/2026 13:47:48;DOGE/USDT;RANGE_REVERSION_SHORT;SHORT;0.0814;0.082;0.082;0.0802;7335.623926;4.4;LOSS;-4.88;288.55
1787244478;20/08/2026 13:47:58;DOGE/USDT;RANGE_REVERSION_SHORT;SHORT;0.08138;0.082;0.082;0.0802;14895.098688;9.23;LOSS;-10.2;605.46
1787244678;20/08/2026 13:51:18;DOGE/USDT;RANGE_REVERSION_SHORT;SHORT;0.08172;0.0823;0.0823;0.0805;15658.432434;9.08;LOSS;-10.11;595.35
1787244690;20/08/2026 13:51:30;DOGE/USDT;RANGE_REVERSION_SHORT;SHORT;0.08175;0.0824;0.0824;0.0805;6658.751235;4.33;LOSS;-4.76;283.78
1787245086;20/08/2026 13:58:06;DOGE/USDT;RANGE_REVERSION_SHORT;SHORT;0.08221;0.0829;0.0829;0.0809;6169.178613;4.26;LOSS;-4.66;279.12
1787245093;20/08/2026 13:58:13;DOGE/USDT;RANGE_REVERSION_SHORT;SHORT;0.08223;0.0829;0.0829;0.0809;13328.816663;8.93;LOSS;-9.81;585.55
1787245246;20/08/2026 14:00:46;DOGE/USDT;RANGE_REVERSION_SHORT;SHORT;0.08275;0.0834;0.0834;0.0814;6441.224964;4.19;LOSS;-4.61;274.51
1787245247;20/08/2026 14:00:47;DOGE/USDT;RANGE_REVERSION_SHORT;SHORT;0.08272;0.0834;0.0834;0.0814;12916.470902;8.78;LOSS;-9.64;575.91
1787249388;20/08/2026 15:09:48;DOGE/USDT;RANGE_REVERSION_SHORT;SHORT;0.08326;0.0819;0.0839;0.0819;6433.747104;4.12;WIN;8.32;282.83
1787249393;20/08/2026 15:09:53;DOGE/USDT;RANGE_REVERSION_SHORT;SHORT;0.08325;0.0819;0.0839;0.0819;13290.201238;8.64;WIN;17.06;592.97
1787270028;20/08/2026 20:53:48;BTC/USDT;RANGE_REVERSION_SHORT;SHORT;73307.43;72985.1879;73468.551;72985.1879;0.026331;4.24;WIN;6.94;289.77
1787270810;20/08/2026 21:06:50;BTC/USDT;RANGE_REVERSION_SHORT;SHORT;73295.77;73275.62987169389;73275.62987169389;72973.5279;0.093098;15.0;EMPATE_0x0;-3.58;996.42
1787271518;20/08/2026 21:18:38;SOL/USDT;TREND_PULLBACK_LONG;LONG;87.66;88.2682;87.68432814438643;88.2682;61.652281;15.0;WIN;33.17;1029.59
1787271518;20/08/2026 21:18:38;SOL/USDT;TREND_PULLBACK_LONG;LONG;86.94;88.1251;86.466;88.1251;9.608513;4.55;WIN;10.72;300.49
1787271552;20/08/2026 21:19:12;BTC/USDT;RANGE_REVERSION_SHORT;SHORT;73672.38;73880.4866;73880.4866;73256.1669;0.021659;4.51;LOSS;-5.78;294.7
1787272313;20/08/2026 21:31:53;BTC/USDT;RANGE_REVERSION_SHORT;SHORT;73693.18;73901.2866;73901.2866;73276.9669;0.021242;4.42;LOSS;-5.67;289.03
1787274159;20/08/2026 22:02:39;DOGE/USDT;RANGE_REVERSION_SHORT;SHORT;0.08156;0.08149213400070744;0.08149213400070744;0.0805;28599.706115;15.44;EMPATE_0x0;0.07;1029.66
1787275020;20/08/2026 22:17:00;BTC/USDT;RANGE_REVERSION_SHORT;SHORT;73863.99;74094.1806;74094.1806;73403.6087;0.018834;4.34;LOSS;-5.45;283.58
1787275087;20/08/2026 22:18:07;BTC/USDT;RANGE_REVERSION_SHORT;SHORT;74131.96;74363.7078;74363.7078;73668.4645;0.018355;4.25;LOSS;-5.34;278.24
1787276778;20/08/2026 22:46:18;DOGE/USDT;RANGE_REVERSION_SHORT;SHORT;0.08202;0.0825;0.0825;0.0811;8694.998763;4.17;LOSS;-4.74;273.5
1787276859;20/08/2026 22:47:39;SOL/USDT;TREND_PULLBACK_LONG;LONG;88.19;89.2016;87.7854;89.2016;10.715419;4.34;WIN;10.08;283.58
1787291151;21/08/2026 02:45:51;SOL/USDT;TREND_PULLBACK_LONG;LONG;88.8;90.2121;88.2352;90.2121;7.531327;4.25;WIN;10.1;293.68
1787294105;21/08/2026 03:35:05;BTC/USDT;RANGE_REVERSION_SHORT;SHORT;75414.01;75633.9782;75633.9782;74974.0736;0.019338;4.25;LOSS;-5.42;288.26
1787298256;21/08/2026 04:44:16;BTC/USDT;RANGE_REVERSION_SHORT;SHORT;76438.15;76743.1986;76743.1986;75828.0529;0.014174;4.32;LOSS;-5.19;283.07
1787300786;21/08/2026 05:26:26;BTC/USDT;RANGE_REVERSION_SHORT;SHORT;76997.13;77362.5734;77362.5734;76266.2431;0.011619;4.25;LOSS;-4.96;278.11
1787300954;21/08/2026 05:29:14;SOL/USDT;TREND_PULLBACK_LONG;LONG;90.11;91.4273;89.5831;91.4273;8.360586;4.41;WIN;10.41;288.52
1787301255;21/08/2026 05:34:15;BTC/USDT;RANGE_REVERSION_SHORT;SHORT;77138.57;77514.7359;77514.7359;76386.2381;0.01109;4.17;LOSS;-4.86;283.66
1787302092;21/08/2026 05:48:12;BTC/USDT;RANGE_REVERSION_SHORT;SHORT;77545.98;77921.8915;77921.8915;76794.1571;0.011319;4.25;LOSS;-4.96;278.7
1787302967;21/08/2026 06:02:47;ETH/USDT;RANGE_REVERSION_SHORT;SHORT;2441.02;2414.1534;2454.4533;2414.1534;0.311209;4.18;WIN;7.75;286.46
1787310832;21/08/2026 08:13:52;SOL/USDT;TREND_PULLBACK_LONG;LONG;91.4;90.5717;90.5717;93.4707;5.187571;4.3;LOSS;-4.68;281.78
1787319013;21/08/2026 10:30:13;SOL/USDT;TREND_PULLBACK_LONG;LONG;90.87;90.3375;90.3375;92.2011;7.937507;4.23;LOSS;-4.8;276.98
1787337827;21/08/2026 15:43:47;SOL/USDT;TREND_PULLBACK_LONG;LONG;91.86;91.4339;91.4339;92.9253;35.203004;15.0;LOSS;-17.59;982.41
1787344591;21/08/2026 17:36:31;DOGE/USDT;RANGE_REVERSION_SHORT;SHORT;0.08672;0.0872;0.0872;0.0857;8655.555198;4.15;LOSS;-4.76;272.22
1787344692;21/08/2026 17:38:12;DOGE/USDT;RANGE_REVERSION_SHORT;SHORT;0.08684;0.08677256182186205;0.08677256182186205;0.0858;26314.633972;14.74;EMPATE_0x0;-0.05;982.36
1787346341;21/08/2026 18:05:41;DOGE/USDT;RANGE_REVERSION_SHORT;SHORT;0.08695;0.0875;0.0875;0.0858;7424.253056;4.08;LOSS;-4.6;267.62
1787346744;21/08/2026 18:12:24;SOL/USDT;TREND_PULLBACK_LONG;LONG;90.98;92.3808;90.4197;92.3808;7.415075;4.15;WIN;9.85;277.47
1787348009;21/08/2026 18:33:29;ETH/USDT;RANGE_REVERSION_SHORT;SHORT;2480.13;2493.235;2493.235;2453.9199;1.12441;14.74;LOSS;-16.97;965.39
1787348109;21/08/2026 18:35:09;DOGE/USDT;RANGE_REVERSION_SHORT;SHORT;0.08857;0.0892;0.0892;0.0872;6606.432859;4.16;LOSS;-4.63;272.84
1787349304;21/08/2026 18:55:04;BTC/USDT;RANGE_REVERSION_SHORT;SHORT;78406.88;78648.1417;78648.1417;77924.3566;0.016963;4.09;LOSS;-5.16;267.68
1787350038;21/08/2026 19:07:18;ETH/USDT;RANGE_REVERSION_SHORT;SHORT;2524.92;2542.586;2542.586;2489.5881;0.227287;4.02;LOSS;-4.47;263.21
1787357190;21/08/2026 21:06:30;ETH/USDT;RANGE_REVERSION_SHORT;SHORT;2536.2;2499.7489;2554.4255;2499.7489;0.216627;3.95;WIN;7.46;270.67
1787357236;21/08/2026 21:07:16;SOL/USDT;TREND_PULLBACK_LONG;LONG;93.7;93.0492;93.0492;95.327;6.06659;3.95;LOSS;-4.4;266.26
1787359402;21/08/2026 21:43:22;SOL/USDT;TREND_PULLBACK_LONG;LONG;94.15;93.4173;93.4173;95.9817;5.450996;3.99;LOSS;-4.4;261.86
1787366539;21/08/2026 23:42:19;SOL/USDT;TREND_PULLBACK_LONG;LONG;93.95;95.5277;93.3189;95.5277;6.223859;3.93;WIN;9.35;271.21
1787369182;22/08/2026 00:26:22;DOGE/USDT;RANGE_REVERSION_SHORT;SHORT;0.09612;0.0968;0.0968;0.0948;5982.575505;4.07;LOSS;-4.53;266.68
1787370092;22/08/2026 00:41:32;DOGE/USDT;RANGE_REVERSION_SHORT;SHORT;0.09655;0.0951;0.0973;0.0951;5333.638042;4.0;WIN;7.32;274.0
1787373087;22/08/2026 01:31:27;SOL/USDT;TREND_PULLBACK_LONG;LONG;96.55;98.4026;95.809;98.4026;5.546634;4.11;WIN;9.85;283.85
1787373679;22/08/2026 01:41:19;DOGE/USDT;RANGE_REVERSION_SHORT;SHORT;0.09839;0.0993;0.0993;0.0965;4678.862294;4.26;LOSS;-4.63;279.22
1787375269;22/08/2026 02:07:49;DOGE/USDT;RANGE_REVERSION_SHORT;SHORT;0.1;0.0978;0.1011;0.0978;3807.612708;4.19;WIN;8.07;287.3
1787375440;22/08/2026 02:10:40;ETH/USDT;RANGE_REVERSION_LONG;LONG;2449.37;2435.6168;2435.6168;2476.8763;0.313342;4.31;LOSS;-4.92;282.37
1787375531;22/08/2026 02:12:11;BTC/USDT;RANGE_REVERSION_LONG;LONG;77086.45;76750.8511;76750.8511;77757.6478;0.012621;4.24;LOSS;-5.01;277.36
1787375551;22/08/2026 02:12:31;BTC/USDT;RANGE_REVERSION_LONG;LONG;77214.33;76878.7311;76878.7311;77885.5278;0.012397;4.16;LOSS;-4.93;272.43
1787375572;22/08/2026 02:12:52;BTC/USDT;RANGE_REVERSION_LONG;LONG;77331.99;76996.3911;76996.3911;78003.1878;0.012177;4.09;LOSS;-4.84;267.59
1787375593;22/08/2026 02:13:13;BTC/USDT;RANGE_REVERSION_LONG;LONG;77380.67;77045.0711;77045.0711;78051.8678;0.01196;4.01;LOSS;-4.75;262.84
1787375614;22/08/2026 02:13:34;BTC/USDT;RANGE_REVERSION_LONG;LONG;77208.0;76872.4011;76872.4011;77879.1978;0.011748;3.94;LOSS;-4.67;258.17
1787375635;22/08/2026 02:13:55;BTC/USDT;RANGE_REVERSION_LONG;LONG;77372.0;77036.4011;77036.4011;78043.1978;0.011539;3.87;LOSS;-4.59;253.58
1787375655;22/08/2026 02:14:15;BTC/USDT;RANGE_REVERSION_LONG;LONG;77336.78;77001.1811;77001.1811;78007.9778;0.011334;3.8;LOSS;-4.5;249.08
1787375676;22/08/2026 02:14:36;BTC/USDT;RANGE_REVERSION_LONG;LONG;77352.01;77016.4111;77016.4111;78023.2078;0.011133;3.74;LOSS;-4.43;244.65
1787375697;22/08/2026 02:14:57;BTC/USDT;RANGE_REVERSION_LONG;LONG;77384.58;77048.9811;77048.9811;78055.7778;0.010935;3.67;LOSS;-4.35;240.31
1787393671;22/08/2026 07:14:31;BTC/USDT;RANGE_REVERSION_LONG;LONG;77066.0;76683.6719;76683.6719;77830.6563;0.009428;3.6;LOSS;-4.19;236.12
1787393929;22/08/2026 07:18:49;SOL/USDT;TREND_PULLBACK_SHORT;SHORT;93.74;91.8082;94.5127;91.8082;4.664961;3.6;WIN;8.66;244.78
1787395295;22/08/2026 07:41:35;ETH/USDT;RANGE_REVERSION_LONG;LONG;2393.47;2414.0978;2383.1561;2414.0978;0.356001;3.67;WIN;6.66;251.45
1787401182;22/08/2026 09:19:42;SOL/USDT;TREND_PULLBACK_SHORT;SHORT;93.21;94.0926;94.0926;91.0034;4.273379;3.77;LOSS;-4.09;247.36
1787416587;22/08/2026 13:36:27;SOL/USDT;TREND_PULLBACK_SHORT;SHORT;93.66;94.1037;94.1037;92.5508;8.362248;3.71;LOSS;-4.34;243.02
1787419729;22/08/2026 14:28:49;BTC/USDT;RANGE_REVERSION_SHORT;SHORT;77470.79;77232.6732;77589.8484;77232.6732;0.030618;3.65;WIN;5.39;248.41
1787419740;22/08/2026 14:29:00;SOL/USDT;TREND_PULLBACK_LONG;LONG;94.34;93.8653;93.8653;95.5268;7.679115;3.65;LOSS;-4.22;244.19
1787430094;22/08/2026 17:21:34;DOGE/USDT;RANGE_REVERSION_SHORT;SHORT;0.09504;0.0939;0.0956;0.0939;6540.712883;3.66;WIN;6.96;251.15
1787432541;22/08/2026 18:02:21;SOL/USDT;TREND_PULLBACK_LONG;LONG;94.37;93.9994;93.9994;95.2966;9.88343;3.66;LOSS;-4.41;246.74
1787437753;22/08/2026 19:29:13;SOL/USDT;TREND_PULLBACK_SHORT;SHORT;93.5;93.9758;93.9758;92.3105;7.778587;3.7;LOSS;-4.28;242.45
1787444637;22/08/2026 21:23:57;SOL/USDT;TREND_PULLBACK_SHORT;SHORT;93.65;94.0976;94.0976;92.5309;8.12513;3.64;LOSS;-4.25;238.21
1787450704;22/08/2026 23:05:04;DOGE/USDT;RANGE_REVERSION_SHORT;SHORT;0.09386;0.0928;0.0944;0.0928;6616.89811;3.57;WIN;6.52;244.73
1787451254;22/08/2026 23:14:14;SOL/USDT;TREND_PULLBACK_LONG;LONG;96.05;95.3575;95.3575;97.7813;5.159747;3.57;LOSS;-3.97;240.76
1787462219;23/08/2026 02:16:59;ETH/USDT;RANGE_REVERSION_LONG;LONG;2372.97;2362.6254;2362.6254;2393.6592;0.349104;3.61;LOSS;-4.27;236.48
1787462666;23/08/2026 02:24:26;ETH/USDT;RANGE_REVERSION_LONG;LONG;2361.2;2383.5467;2350.0266;2383.5467;0.317471;3.55;WIN;6.49;242.98
1787479654;23/08/2026 07:07:34;SOL/USDT;TREND_PULLBACK_SHORT;SHORT;92.94;93.7747;93.7747;90.8533;4.249701;3.55;LOSS;-3.86;239.11
1787484195;23/08/2026 08:23:15;DOGE/USDT;RANGE_REVERSION_SHORT;SHORT;0.09237;0.0928;0.0928;0.0915;8341.160325;3.59;LOSS;-4.2;234.91
1787484280;23/08/2026 08:24:40;ETH/USDT;RANGE_REVERSION_SHORT;SHORT;2427.92;2432.9371;2432.9371;2417.8857;0.702329;3.52;LOSS;-4.89;230.02
1787484989;23/08/2026 08:36:29;SOL/USDT;TREND_PULLBACK_LONG;LONG;93.84;94.6707;93.5077;94.6707;10.793557;3.59;WIN;8.16;238.18
1787491075;23/08/2026 10:17:55;SOL/USDT;TREND_PULLBACK_LONG;LONG;94.22;95.1705;93.8398;95.1705;9.396829;3.57;WIN;8.22;246.4
1787491804;23/08/2026 10:30:04;BTC/USDT;RANGE_REVERSION_SHORT;SHORT;77662.01;77403.1945;77791.4177;77403.1945;0.028561;3.7;WIN;5.62;252.02
1787496140;23/08/2026 11:42:20;DOGE/USDT;RANGE_REVERSION_SHORT;SHORT;0.09429;0.0934;0.0948;0.0934;7412.330054;3.78;WIN;6.04;258.06
1787496164;23/08/2026 11:42:44;SOL/USDT;TREND_PULLBACK_LONG;LONG;94.95;94.5341;94.5341;95.9896;9.089417;3.78;LOSS;-4.47;253.59
1787519761;23/08/2026 18:16:01;BTC/USDT;RANGE_REVERSION_SHORT;SHORT;77668.01;77749.6306;77749.6306;77504.7688;0.046603;3.8;LOSS;-6.7;246.89
1787520585;23/08/2026 18:29:45;ETH/USDT;RANGE_REVERSION_SHORT;SHORT;2471.4;2477.5102;2477.5102;2459.1795;0.606086;3.7;LOSS;-4.9;241.99
1787520959;23/08/2026 18:35:59;ETH/USDT;RANGE_REVERSION_SHORT;SHORT;2478.3;2464.625;2485.1375;2464.625;0.530864;3.63;WIN;6.21;248.19
1787531252;23/08/2026 21:27:32;SOL/USDT;TREND_PULLBACK_LONG;LONG;95.09;94.4791;94.4791;96.6174;6.226543;3.8;LOSS;-4.28;243.91
1787533026;23/08/2026 21:57:06;SOL/USDT;TREND_PULLBACK_SHORT;SHORT;94.7;95.2715;95.2715;93.2712;6.401966;3.66;LOSS;-4.14;239.77
1787539648;23/08/2026 23:47:28;SOL/USDT;TREND_PULLBACK_LONG;LONG;94.88;94.4039;94.4039;96.0701;7.554227;3.6;LOSS;-4.17;235.6
1787555275;24/08/2026 04:07:55;SOL/USDT;TREND_PULLBACK_SHORT;SHORT;94.43;94.9287;94.9287;93.1833;7.086461;3.53;LOSS;-4.07;231.53
1787563927;24/08/2026 06:32:07;SOL/USDT;TREND_PULLBACK_SHORT;SHORT;94.24;94.7331;94.7331;93.0072;7.043151;3.47;LOSS;-4.0;227.53
1787569288;24/08/2026 08:01:28;SOL/USDT;TREND_PULLBACK_LONG;LONG;94.87;94.4962;94.4962;95.8044;9.130332;3.41;LOSS;-4.11;223.42
1787571412;24/08/2026 08:36:52;SOL/USDT;TREND_PULLBACK_LONG;LONG;94.8;95.7025;94.439;95.7025;9.283463;3.35;WIN;7.67;231.1
1787571627;24/08/2026 08:40:27;BTC/USDT;RANGE_REVERSION_SHORT;SHORT;78285.77;78477.0946;78477.0946;77903.1209;0.018118;3.47;LOSS;-4.6;226.5
1787571778;24/08/2026 08:42:58;BTC/USDT;RANGE_REVERSION_SHORT;SHORT;78434.99;78035.7924;78634.5888;78035.7924;0.017021;3.4;WIN;5.73;232.22
1787573773;24/08/2026 09:16:13;SOL/USDT;TREND_PULLBACK_LONG;LONG;95.46;94.9778;94.9778;96.6654;7.223824;3.48;LOSS;-4.03;228.19
1787573785;24/08/2026 09:16:25;BTC/USDT;RANGE_REVERSION_SHORT;SHORT;78466.47;78063.1547;78668.1277;78063.1547;0.017273;3.48;WIN;5.88;234.07
1787574829;24/08/2026 09:33:49;SOL/USDT;TREND_PULLBACK_LONG;LONG;95.37;95.43102400974375;95.43102400974375;96.8956;24.582104;15.0;EMPATE_0x0;-0.38;999.62
1787577068;24/08/2026 10:11:08;BTC/USDT;RANGE_REVERSION_SHORT;SHORT;79100.0;79365.671;79365.671;78568.658;0.05644;14.99;LOSS;-18.57;981.06
1787578401;24/08/2026 10:33:21;ETH/USDT;RANGE_REVERSION_SHORT;SHORT;2513.29;2492.3004;2523.7848;2492.3004;0.33455;3.51;WIN;6.35;240.42
1787578967;24/08/2026 10:42:47;SOL/USDT;TREND_PULLBACK_LONG;LONG;95.6;94.9898;94.9898;97.1256;5.75391;3.51;LOSS;-3.95;236.47
1787590951;24/08/2026 14:02:31;SOL/USDT;TREND_PULLBACK_LONG;LONG;96.09;95.3416;95.3416;97.9609;4.739458;3.55;LOSS;-3.91;232.56
1787592557;24/08/2026 14:29:17;DOGE/USDT;RANGE_REVERSION_LONG;LONG;0.08909;0.0884;0.0884;0.0905;21327.360607;14.72;LOSS;-16.24;964.82
1787592558;24/08/2026 14:29:18;DOGE/USDT;RANGE_REVERSION_LONG;LONG;0.08911;0.0884;0.0884;0.0905;4913.155431;3.49;LOSS;-3.84;228.72
1787608646;24/08/2026 18:57:26;DOGE/USDT;RANGE_REVERSION_LONG;LONG;0.08854;0.0901;0.0877;0.0901;4084.239899;3.43;WIN;6.08;234.8
1787616434;24/08/2026 21:07:14;SOL/USDT;TREND_PULLBACK_LONG;LONG;97.64;99.0484;97.0766;99.0484;6.251319;3.52;WIN;8.32;243.12
1787620564;24/08/2026 22:16:04;ETH/USDT;RANGE_REVERSION_SHORT;SHORT;2499.28;2484.9324;2506.4538;2484.9324;0.508341;3.65;WIN;6.28;249.39
1787625749;24/08/2026 23:42:29;BTC/USDT;RANGE_REVERSION_SHORT;SHORT;80914.66;81224.0985;81224.0985;80295.7829;0.012089;3.74;LOSS;-4.52;244.87
1787626207;24/08/2026 23:50:07;BTC/USDT;RANGE_REVERSION_SHORT;SHORT;81111.71;80464.827;81435.1515;80464.827;0.011356;3.67;WIN;6.61;251.48
1787640939;25/08/2026 03:55:39;SOL/USDT;TREND_PULLBACK_LONG;LONG;101.59;100.6246;100.6246;104.0036;3.804682;3.67;LOSS;-3.98;247.5
1787644151;25/08/2026 04:49:11;SOL/USDT;TREND_PULLBACK_LONG;LONG;101.67;101.1641;101.1641;102.9348;7.338295;3.71;LOSS;-4.31;243.19
1787644278;25/08/2026 04:51:18;BTC/USDT;RANGE_REVERSION_LONG;LONG;79873.99;79681.6331;79681.6331;80258.7038;0.018964;3.65;LOSS;-4.86;238.33
1787644323;25/08/2026 04:52:03;ETH/USDT;RANGE_REVERSION_LONG;LONG;2474.31;2466.2346;2466.2346;2490.4609;0.442691;3.57;LOSS;-4.45;233.88
1787644345;25/08/2026 04:52:25;ETH/USDT;RANGE_REVERSION_LONG;LONG;2476.72;2468.6446;2468.6446;2492.8709;0.434423;3.51;LOSS;-4.37;229.51
1787644367;25/08/2026 04:52:47;ETH/USDT;RANGE_REVERSION_LONG;LONG;2475.21;2467.1346;2467.1346;2491.3609;0.426308;3.44;LOSS;-4.29;225.22
1787644388;25/08/2026 04:53:08;BTC/USDT;RANGE_REVERSION_LONG;LONG;79615.59;79379.6191;79379.6191;80087.5318;0.014317;3.38;LOSS;-4.29;220.93
1787644410;25/08/2026 04:53:30;BTC/USDT;RANGE_REVERSION_LONG;LONG;79638.75;79402.7791;79402.7791;80110.6918;0.014044;3.31;LOSS;-4.21;216.72
1787644431;25/08/2026 04:53:51;BTC/USDT;RANGE_REVERSION_LONG;LONG;79734.0;79498.0291;79498.0291;80205.9418;0.013776;3.25;LOSS;-4.13;212.59
1787644451;25/08/2026 04:54:11;BTC/USDT;RANGE_REVERSION_LONG;LONG;79756.78;79520.8091;79520.8091;80228.7218;0.013514;3.19;LOSS;-4.05;208.54
1787644473;25/08/2026 04:54:33;BTC/USDT;RANGE_REVERSION_LONG;LONG;79776.77;79540.7991;79540.7991;80248.7118;0.013256;3.13;LOSS;-3.97;204.57
1787644493;25/08/2026 04:54:53;BTC/USDT;RANGE_REVERSION_LONG;LONG;79800.16;79564.1891;79564.1891;80272.1018;0.013004;3.07;LOSS;-3.9;200.67
1787651498;25/08/2026 06:51:38;DOGE/USDT;RANGE_REVERSION_LONG;LONG;0.09084;0.0904;0.0904;0.0917;6840.953201;3.01;LOSS;-3.51;197.16
1787659563;25/08/2026 09:06:03;BTC/USDT;RANGE_REVERSION_LONG;LONG;79112.0;78884.4783;78884.4783;79567.0435;0.012998;2.96;LOSS;-3.78;193.38
1787659575;25/08/2026 09:06:15;SOL/USDT;TREND_PULLBACK_SHORT;SHORT;99.37;98.0879;99.8828;98.0879;5.767184;2.96;WIN;6.94;200.32
1787664475;25/08/2026 10:27:55;SOL/USDT;TREND_PULLBACK_SHORT;SHORT;98.38;96.8394;98.9963;96.8394;4.875462;3.0;WIN;7.13;207.44
1787664987;25/08/2026 10:36:27;DOGE/USDT;RANGE_REVERSION_LONG;LONG;0.08874;0.0896;0.0883;0.0896;7071.950696;3.11;WIN;5.58;213.02
1787666043;25/08/2026 10:54:03;DOGE/USDT;RANGE_REVERSION_LONG;LONG;0.08771;0.0871;0.0871;0.0889;5238.288018;3.2;LOSS;-3.56;209.46
1787666067;25/08/2026 10:54:27;DOGE/USDT;RANGE_REVERSION_LONG;LONG;0.08788;0.0873;0.0873;0.0891;5417.089574;3.14;LOSS;-3.52;205.94
1787666091;25/08/2026 10:54:51;DOGE/USDT;RANGE_REVERSION_LONG;LONG;0.08779;0.0872;0.0872;0.089;5235.712928;3.09;LOSS;-3.46;202.48
1787667921;25/08/2026 11:25:21;DOGE/USDT;RANGE_REVERSION_LONG;LONG;0.08787;0.089;0.0873;0.089;5328.454122;3.04;WIN;5.65;208.13
