referencia;status;lado;ativo;expiracao;entrada;preco_final;valor_centavos;retorno_centavos
...720697;WIN;PUT;EURCAD;2026-08-11 16:20:00;1.6065;1.6064;500;950
...715781;WIN;CALL;AUDCHF;2026-08-11 15:40:00;0.57216;0.57218;500;950
...714953;LOSS;CALL;AUDCHF;2026-08-11 15:35:00;0.5726;0.57216;500;950
...713979;LOSS;CALL;AUDCHF;2026-08-11 15:30:00;0.57273;0.5726;500;950
...713032;LOSS;CALL;AUDCHF;2026-08-11 15:25:00;0.57282;0.57273;500;950
...689963;WIN;CALL;AUDCHF;2026-08-11 12:15:00;0.57246;0.57256;500;950
...689240;WIN;CALL;XLMUSDT;2026-08-11 12:10:00;0.15919;0.1596;500;900
...688860;LOSS;CALL;XLMUSDT;2026-08-11 12:05:00;0.1592;0.15919;500;900
...665766;WIN;CALL;EURCAD;2026-08-11 07:30:00;1.60709;1.60728;500;950
...634358;LOSS;PUT;AUDCHF;2026-08-10 22:40:00;0.57154;0.57156;500;950
...634313;LOSS;PUT;AUDCHF;2026-08-10 22:40:00;0.57153;0.57156;500;950
...628628;LOSS;CALL;EURCAD;2026-08-10 22:10:00;1.60875;1.60855;500;950
...617430;LOSS;CALL;AUDCHF;2026-08-10 21:00:00;0.57139;0.57131;500;950
...617402;LOSS;CALL;AUDCHF;2026-08-10 21:00:00;0.57139;0.57131;500;950
...606671;WIN;PUT;AUDCHF;2026-08-10 19:40:00;0.5716;0.57153;500;950
...606659;WIN;PUT;AUDCHF;2026-08-10 19:40:00;0.5716;0.57153;500;950
...590301;WIN;CALL;AUDCHF;2026-08-10 17:25:00;0.57136;0.57143;500;950
...588330;WIN;CALL;AUDCHF;2026-08-10 17:05:00;0.57146;0.57148;500;950
...587956;LOSS;CALL;AUDCHF;2026-08-10 17:00:00;0.57156;0.57146;500;950
...566150;WIN;CALL;EURCAD;2026-08-10 14:00:00;1.60875;1.60878;500;950
...563900;WIN;CALL;AUDCHF;2026-08-10 13:40:00;0.57138;0.57147;500;950
...538128;WIN;PUT;AUDCHF;2026-08-10 10:15:00;0.57129;0.57105;500;950
...537593;LOSS;PUT;AUDCHF;2026-08-10 10:10:00;0.57123;0.57129;500;950
...533011;LOSS;CALL;AUDCHF;2026-08-10 09:10:00;0.57101;0.5709;500;950
...532685;WIN;CALL;EURCAD;2026-08-10 09:05:00;1.6102;1.61037;500;950
...477839;WIN;CALL;XLMUSDT;2026-08-09 20:40:00;0.161;0.16303;500;900
...477315;LOSS;CALL;XLMUSDT;2026-08-09 20:35:00;0.1612;0.161;500;900
...475927;LOSS;CALL;XLMUSDT;2026-08-09 20:30:00;0.1614;0.1612;500;900
...312865;WIN;PUT;XLMUSDT;2026-08-08 12:00:00;0.1664;0.1662;500;900
...312381;LOSS;PUT;XLMUSDT;2026-08-08 11:55:00;0.1663;0.1664;500;900
...310448;WIN;PUT;XLMUSDT;2026-08-08 11:35:00;0.1662;0.166;500;900
...300626;WIN;PUT;XLMUSDT;2026-08-08 10:00:00;0.1648;0.1646;500;900
...251076;WIN;PUT;XLMUSDT;2026-08-07 22:50:00;0.1625;0.1622;500;900
...215682;WIN;PUT;EURCAD;2026-08-07 17:55:00;1.61185;1.61145;500;950
...173746;WIN;CALL;AUDCHF;2026-08-07 12:20:00;0.570297;0.57032;500;950
...160050;WIN;PUT;AUDCHF;2026-08-07 10:45:00;0.57066;0.5705;500;950
...154936;LOSS;CALL;EURCAD;2026-08-07 09:35:00;1.61543;1.61349;500;950
...154497;LOSS;PUT;AUDCHF;2026-08-07 09:25:00;0.57057;0.57061;500;950
...148535;WIN;PUT;EURCAD;2026-08-07 07:45:00;1.61608;1.61601;500;950
...077143;WIN;CALL;EURCAD;2026-08-06 18:00:00;1.61425;1.61455;500;950
...075819;WIN;CALL;AUDCHF;2026-08-06 17:50:00;0.57117;0.57122;500;950
...069744;WIN;CALL;XLMUSDT;2026-08-06 16:45:00;0.1608;0.1609;500;900
...069401;DESCONHECIDO_4;CALL;XLMUSDT;2026-08-06 16:40:00;0.1608;0.1608;500;900
...066362;WIN;CALL;AUDCHF;2026-08-06 15:55:00;0.57113;0.5712;500;950
...065178;WIN;CALL;AUDCHF;2026-08-06 15:45:00;0.57122;0.57124;500;950
...064653;LOSS;CALL;AUDCHF;2026-08-06 15:40:00;0.57123;0.57122;500;950
...039518;WIN;PUT;XLMUSDT;2026-08-06 12:35:00;0.1625;0.1622;500;900
...038957;DESCONHECIDO_4;PUT;XLMUSDT;2026-08-06 12:30:00;0.1625;0.1625;500;900
...038315;DESCONHECIDO_4;PUT;XLMUSDT;2026-08-06 12:25:00;0.1625;0.1625;500;900
...037818;WIN;PUT;XLMUSDT;2026-08-06 12:20:00;0.1623;0.1621;500;900
...954845;WIN;CALL;XLMUSDT;2026-08-05 21:15:00;0.1638;0.1641;500;900
...954250;WIN;PUT;EURCAD;2026-08-05 21:10:00;1.61852;1.61847;500;950
...797024;LOSS;CALL;EURCAD;2026-08-04 18:00:00;1.62156;1.62145;500;950
...792817;DESCONHECIDO_4;CALL;AUDCHF;2026-08-04 17:25:00;0.57001;0.57001;500;950
...781336;WIN;CALL;AUDCHF;2026-08-04 15:50:00;0.56991;0.56994;500;950
...780164;LOSS;CALL;AUDCHF;2026-08-04 15:45:00;0.57003;0.56991;500;950
...746611;LOSS;PUT;AUDCHF;2026-08-04 11:35:00;0.56913;0.56925;500;950
...610079;DESCONHECIDO_4;PUT;AUDCHF;2026-08-03 12:15:00;0.5675;0.5675;500;950
...608638;LOSS;PUT;AUDCHF;2026-08-03 12:00:00;0.56671;0.56704;500;950
...608150;LOSS;PUT;AUDCHF;2026-08-03 11:55:00;0.56667;0.56671;500;950
...607758;LOSS;PUT;AUDCHF;2026-08-03 11:50:00;0.56641;0.56667;500;950
...568756;WIN;CALL;XLMUSDT;2026-08-02 23:20:00;0.1723;0.1724;500;900
...568439;LOSS;CALL;XLMUSDT;2026-08-02 23:15:00;0.1723;0.1722;500;900
...564332;WIN;CALL;XLMUSDT;2026-08-02 22:45:00;0.1727;0.1729;500;900
...433439;WIN;PUT;XLMUSDT;2026-08-01 22:45:00;0.1722;0.1721;500;900
...433068;DESCONHECIDO_4;PUT;XLMUSDT;2026-08-01 22:40:00;0.1722;0.1722;500;900
...432482;WIN;PUT;XLMUSDT;2026-08-01 22:35:00;0.1723;0.1722;500;900
...431400;LOSS;PUT;XLMUSDT;2026-08-01 22:30:00;0.1722;0.1723;500;900
...243786;WIN;CALL;AUDCHF;2026-07-31 10:30:00;0.56803;0.56846;500;950
...236348;WIN;CALL;EURCAD;2026-07-31 09:15:00;1.61223;1.61263;500;950
...235505;WIN;CALL;AUDCHF;2026-07-31 08:55:00;0.56821;0.56823;500;950
...235307;LOSS;CALL;AUDCHF;2026-07-31 08:50:00;0.5683;0.56822;500;950
...095367;WIN;PUT;AUDCHF;2026-07-30 08:45:00;0.56754;0.56745;500;950
...095075;WIN;PUT;AUDCHF;2026-07-30 08:35:00;0.56743;0.56736;500;950
...927450;WIN;CALL;EURCAD;2026-07-29 08:05:00;1.60516;1.60522;500;950
...765849;WIN;CALL;XLMUSDT;2026-07-28 08:20:00;0.1704;0.1712;500;900
...764927;WIN;CALL;EURCAD;2026-07-28 07:40:00;1.60299;1.60304;500;950
...529625;LOSS;PUT;ADAUSDT;2026-07-26 18:50:00;0.165;0.1652;500;935
...525753;WIN;PUT;DOGEUSDT;2026-07-26 18:20:00;0.0727;0.07269;500;910
...469471;LOSS;PUT;SUIUSDT;2026-07-26 07:25:00;0.7186;0.7191;500;900
...258091;LOSS;PUT;BTCUSDT;2026-07-24 09:45:00;64935.01;64939.53;500;910
...138919;LOSS;CALL;ETHUSDT;2026-07-22 23:10:00;1927.59;1927.29;500;910
...137266;LOSS;CALL;ETHUSDT;2026-07-22 22:55:00;1929.86;1929.75;500;910
...137034;WIN;CALL;ETHUSDT;2026-07-22 22:50:00;1928.63;1929.33;500;910
...134904;LOSS;CALL;ETHUSDT;2026-07-22 22:35:00;1930.77;1929.02;500;910
...133175;LOSS;CALL;ETHUSDT;2026-07-22 22:20:00;1932.12;1929.04;16000;29120
...130328;WIN;PUT;ETHUSDT;2026-07-22 21:50:00;1937.28;1935.84;500;910
...128321;LOSS;PUT;ETHUSDT;2026-07-22 21:35:00;1937.47;1939.59;500;910
...043609;WIN;PUT;ETHUSDT;2026-07-21 22:05:00;1940.34;1938.95;16000;29120
...943508;WIN;CALL;EURCAD;2026-07-20 22:35:00;1.60635;1.60638;16000;30400
...942017;LOSS;PUT;EURCAD;2026-07-20 22:20:00;1.60642;1.60651;16000;30400
...941961;LOSS;PUT;EURCAD;2026-07-20 22:15:00;1.60636;1.60639;8000;15200
...934354;LOSS;PUT;EURCAD;2026-07-20 21:10:00;1.60622;1.60631;2000;3800
...934320;WIN;CALL;EURCAD;2026-07-20 21:10:00;1.6063;1.60631;2000;3800
...930748;LOSS;PUT;EURCAD;2026-07-20 20:40:00;1.6065;1.60652;2000;3800
...927597;WIN;PUT;BTCUSDT;2026-07-20 20:10:00;65204.31;65204.29;2000;3640
...919439;WIN;PUT;BTCUSDT;2026-07-20 19:11:00;65214.0;65213.99;500;910
...919381;LOSS;PUT;BTCUSDT;2026-07-20 19:10:00;65194.76;65213.99;500;910
...779591;WIN;PUT;BTCUSDT;2026-07-18 23:35:00;64927.93;64892.0;128000;232960
...778286;WIN;PUT;BTCUSDT;2026-07-18 23:09:00;64895.02;64856.3;128000;232960
...778205;LOSS;PUT;BTCUSDT;2026-07-18 23:08:00;64874.0;64890.74;128000;232960
...768248;WIN;PUT;BTCUSDT;2026-07-18 21:10:00;64846.0;64843.92;128000;232960
...768237;LOSS;CALL;BTCUSDT;2026-07-18 21:10:00;64845.96;64843.92;128000;232960
...755094;LOSS;PUT;BTCUSDT;2026-07-18 18:10:00;64646.05;64662.01;128000;232960
...754174;WIN;CALL;BTCUSDT;2026-07-18 17:55:00;64617.92;64671.45;128000;232960
...753434;LOSS;CALL;BTCUSDT;2026-07-18 17:50:00;64606.67;64580.06;128000;232960
...744773;LOSS;CALL;BTCUSDT;2026-07-18 15:50:00;64505.21;64490.17;128000;232960
...743381;WIN;PUT;BTCUSDT;2026-07-18 15:35:00;64515.03;64500.0;128000;232960
...726594;LOSS;CALL;BTCUSDT;2026-07-18 11:45:00;64184.32;64177.07;128000;232960
...726541;LOSS;PUT;BTCUSDT;2026-07-18 11:40:00;64164.0;64184.32;128000;232960
...726038;WIN;PUT;BTCUSDT;2026-07-18 11:35:00;64188.17;64182.0;128000;232960
...725831;LOSS;PUT;BTCUSDT;2026-07-18 11:30:00;64150.46;64167.91;128000;232960
...724647;WIN;PUT;BTCUSDT;2026-07-18 11:20:00;64171.99;64139.49;128000;232960
...724349;WIN;CALL;BTCUSDT;2026-07-18 11:15:00;64135.0;64163.02;128000;232960
...723918;LOSS;PUT;BTCUSDT;2026-07-18 11:10:00;64119.99;64129.99;128000;232960
...723518;LOSS;PUT;BTCUSDT;2026-07-18 11:05:00;64105.5;64123.99;128000;232960
...723307;WIN;CALL;BTCUSDT;2026-07-18 11:00:00;64064.18;64105.49;128000;232960
...723219;WIN;CALL;BTCUSDT;2026-07-18 10:55:00;64057.99;64063.99;128000;232960
...700251;LOSS;PUT;BTCUSDT;2026-07-17 22:25:00;63927.46;63985.11;128000;232960
...699930;WIN;CALL;BTCUSDT;2026-07-17 22:20:00;63924.0;63972.01;128000;232960
