Horario;Ativo;TF;Estrategia;Operacao;Status;Preco Entrada;Preco Saida;Resultado;Odd;Estrategias;RSI;MACD_Hist;Tendencia
07:35:25;EURCAD;M5;V2;COMPRAR;REAL;1,60313;1,60304;WIN;1,9;Cruzamento-MACD-Alta, PriceAction(ENGOLFO_ALTA_SUPORTE);42.06;1e-05;BAIXA
08:15:24;XLMUSDT;M5;F_RSI14;COMPRAR;REAL;0,1704;0,1712;WIN;1,8;RSI14 25.0 < 25 → espelho da fábrica (CALL);;;
08:00:17;EURCAD;M5;V2;COMPRAR;REAL;1,60516;1,60522;WIN;1,9;Tocou-Suporte-Bollinger, PriceAction(MARTELO_SUPORTE);31.46;-0.00014;BAIXA
08:30:20;AUDCHF;M5;F_PATAMAR12;VENDER;REAL;0,56743;0,56736;WIN;1,9;varreu topo 12v (0.56742) com EMA20<EMA50 → fade da fábrica (PUT);;;
08:40:04;AUDCHF;M5;F_PATAMAR12;VENDER;REAL;0,56754;0,56745;WIN;1,9;varreu topo 12v (0.56749) com EMA20<EMA50 → fade da fábrica (PUT);;;
08:45:22;AUDCHF;M5;F_PATAMAR12;COMPRAR;REAL;0,56832;0,56822;LOSS;1,9;varreu fundo 12v (0.56846) com EMA20>EMA50 → fade da fábrica (CALL);;;
08:50:15;AUDCHF;M5;F_PATAMAR12;COMPRAR;REAL;0,56822;0,56823;WIN;1,9;varreu fundo 12v (0.56831) com EMA20>EMA50 → fade da fábrica (CALL);;;
09:10:16;EURCAD;M5;V2;COMPRAR;REAL;1,61227;1,61263;WIN;1,9;Cruzamento-MACD-Alta, PriceAction(ENGOLFO_ALTA_SUPORTE);49.39;3e-05;LATERAL
10:25:05;AUDCHF;M5;F_PATAMAR12;COMPRAR;REAL;0,56798;0,56846;WIN;1,9;varreu fundo 12v (0.5682) com EMA20>EMA50 → fade da fábrica (CALL);;;
22:25:15;XLMUSDT;M5;F_RSI14;VENDER;REAL;0,1722;0,1723;LOSS;1,8;RSI14 78.3 > 75 → espelho da fábrica (PUT);;;
22:30:20;XLMUSDT;M5;F_RSI14;VENDER;REAL;0,1723;0,1722;WIN;1,8;RSI14 79.3 > 75 → espelho da fábrica (PUT);;;
22:35:26;XLMUSDT;M5;F_RSI14;VENDER;REAL;0,1722;0,1722;EMPATE;1,8;RSI14 75.5 > 75 → espelho da fábrica (PUT);;;
22:40:14;XLMUSDT;M5;F_RSI14;VENDER;REAL;0,1722;0,1721;WIN;1,8;RSI14 75.5 > 75 → espelho da fábrica (PUT);;;
22:40:11;XLMUSDT;M5;F_RSI14;COMPRAR;REAL;0,1727;0,1729;WIN;1,8;RSI14 23.2 < 25 → espelho da fábrica (CALL);;;
23:10:20;XLMUSDT;M5;F_RSI14;COMPRAR;REAL;0,1723;0,1723;LOSS;1,8;RSI14 24.4 < 25 → espelho da fábrica (CALL);;;
23:15:15;XLMUSDT;M5;F_RSI14;COMPRAR;REAL;0,1723;0,1724;WIN;1,8;RSI14 24.4 < 25 → espelho da fábrica (CALL);;;
03/08 11:45:20;AUDCHF;M5;F_PATAMAR12;VENDER;REAL;0,56641;0,56667;LOSS;1,9;varreu topo 12v (0.56632) com EMA20<EMA50 → fade da fábrica (PUT);;;
03/08 11:50:15;AUDCHF;M5;F_PATAMAR12;VENDER;REAL;0,56667;0,56671;LOSS;1,9;varreu topo 12v (0.56643) com EMA20<EMA50 → fade da fábrica (PUT);;;
03/08 11:55:09;AUDCHF;M5;F_PATAMAR12;VENDER;REAL;0,56671;0,56671;LOSS;1,9;varreu topo 12v (0.56668) com EMA20<EMA50 → fade da fábrica (PUT);;;
03/08 12:10:11;AUDCHF;M5;F_PATAMAR12;VENDER;REAL;0,56753;0,5675;EMPATE;1,9;varreu topo 12v (0.56744) com EMA20<EMA50 → fade da fábrica (PUT);;;
04/08 11:30:20;AUDCHF;M5;F_PATAMAR12;VENDER;REAL;0,56913;0,56925;LOSS;1,9;varreu topo 12v (0.56908) com EMA20<EMA50 → fade da fábrica (PUT);;;
04/08 15:40:12;AUDCHF;M5;F_PATAMAR12;COMPRAR;REAL;0,57003;0,56991;LOSS;1,9;varreu fundo 12v (0.57006) com EMA20>EMA50 → fade da fábrica (CALL);;;
04/08 15:45:12;AUDCHF;M5;F_PATAMAR12;COMPRAR;REAL;0,56991;0,56994;WIN;1,9;varreu fundo 12v (0.57002) com EMA20>EMA50 → fade da fábrica (CALL);;;
04/08 17:20:10;AUDCHF;M5;F_PATAMAR12;COMPRAR;REAL;0,57001;0,57001;EMPATE;1,9;varreu fundo 12v (0.57008) com EMA20>EMA50 → fade da fábrica (CALL);;;
04/08 17:55:09;EURCAD;M5;V2;COMPRAR;REAL;1,62156;1,62145;LOSS;1,9;Tocou-Suporte-Bollinger, PriceAction(MARTELO_SUPORTE);42.7;-2e-05;LATERAL
05/08 21:05:19;EURCAD;M5;V2;VENDER;REAL;1,61848;1,61847;WIN;1,9;Cruzamento-MACD-Baixa, PriceAction(ENGOLFO_BAIXA_RESISTENCIA);43.73;-1e-05;LATERAL
05/08 21:10:15;XLMUSDT;M5;F_RSI14;COMPRAR;REAL;0,1638;0,164;WIN;1,8;RSI14 22.1 < 25 → espelho da fábrica (CALL);;;
06/08 12:15:22;XLMUSDT;M5;F_RSI14;VENDER;REAL;0,1623;0,1625;WIN;1,8;RSI14 76.6 > 75 → espelho da fábrica (PUT);;;
06/08 12:20:17;XLMUSDT;M5;F_RSI14;VENDER;REAL;0,1625;0,1625;EMPATE;1,8;RSI14 78.2 > 75 → espelho da fábrica (PUT);;;
06/08 12:25:16;XLMUSDT;M5;F_RSI14;VENDER;REAL;0,1625;0,1625;EMPATE;1,8;RSI14 78.2 > 75 → espelho da fábrica (PUT);;;
06/08 12:30:20;XLMUSDT;M5;F_RSI14;VENDER;REAL;0,1625;0,1622;WIN;1,8;RSI14 78.2 > 75 → espelho da fábrica (PUT);;;
06/08 15:35:13;AUDCHF;M5;F_PATAMAR12;COMPRAR;REAL;0,57123;0,57122;LOSS;1,9;varreu fundo 12v (0.57124) com EMA20>EMA50 → fade da fábrica (CALL);;;
06/08 15:40:10;AUDCHF;M5;F_PATAMAR12;COMPRAR;REAL;0,57122;0,57124;WIN;1,9;varreu fundo 12v (0.57123) com EMA20>EMA50 → fade da fábrica (CALL);;;
06/08 15:50:16;AUDCHF;M5;F_PATAMAR12;COMPRAR;REAL;0,57113;0,5712;WIN;1,9;varreu fundo 12v (0.57116) com EMA20>EMA50 → fade da fábrica (CALL);;;
06/08 16:35:08;XLMUSDT;M5;F_RSI14;COMPRAR;REAL;0,1608;0,1608;EMPATE;1,8;RSI14 24.4 < 25 → espelho da fábrica (CALL);;;
06/08 16:40:30;XLMUSDT;M5;F_RSI14;COMPRAR;REAL;0,1608;0,1609;WIN;1,8;RSI14 24.4 < 25 → espelho da fábrica (CALL);;;
06/08 17:45:26;AUDCHF;M5;F_PATAMAR12;COMPRAR;REAL;0,57117;0,57122;WIN;1,9;varreu fundo 12v (0.57118) com EMA20>EMA50 → fade da fábrica (CALL);;;
06/08 17:55:11;EURCAD;M5;V2;COMPRAR;REAL;1,61425;1,61465;WIN;1,9;Tocou-Suporte-Bollinger, PriceAction(MARTELO_SUPORTE);35.9;-1e-05;BAIXA
06/08 22:20:09;EURCAD;M5;V2;VENDER;REAL;1,61462;1,61467;WIN;1,9;Cruzamento-MACD-Baixa, PriceAction(ENGOLFO_BAIXA_RESISTENCIA);48.03;-0.0;BAIXA
07/08 09:23:30;AUDCHF;M5;F_PATAMAR12;VENDER;REAL;0,57057;0,57061;LOSS;1,9;varreu topo 12v (0.57054) com EMA20<EMA50 → fade da fábrica (PUT);;;
07/08 09:30:16;EURCAD;M5;V2;COMPRAR;REAL;1,61415;1,61349;LOSS;1,9;RSI-Wilder-Sobrevenda(24.1), Tocou-Suporte-Bollinger, PriceAction(MARTELO_SUPORTE);24.09;-0.00019;BAIXA
07/08 10:40:20;AUDCHF;M5;F_PATAMAR12;VENDER;REAL;0,57073;0,5705;WIN;1,9;varreu topo 12v (0.57063) com EMA20<EMA50 → fade da fábrica (PUT);;;
07/08 12:15:10;AUDCHF;M5;F_PATAMAR12;COMPRAR;REAL;0,57023;0,57032;WIN;1,9;varreu fundo 12v (0.57031) com EMA20>EMA50 → fade da fábrica (CALL);;;
07/08 17:50:21;EURCAD;M5;V2;VENDER;REAL;1,61185;1,61145;WIN;1,9;Cruzamento-MACD-Baixa, PriceAction(ENGOLFO_BAIXA_RESISTENCIA);49.88;-1e-05;LATERAL
07/08 22:45:10;XLMUSDT;M5;F_RSI14;VENDER;REAL;0,1625;0,1622;WIN;1,8;RSI14 78.0 > 75 → espelho da fábrica (PUT);;;
08/08 09:55:23;XLMUSDT;M5;F_RSI14;VENDER;REAL;0,1648;0,1646;WIN;1,8;RSI14 75.8 > 75 → espelho da fábrica (PUT);;;
08/08 11:30:09;XLMUSDT;M5;F_RSI14;VENDER;REAL;0,1662;0,166;WIN;1,8;RSI14 75.8 > 75 → espelho da fábrica (PUT);;;
08/08 11:50:14;XLMUSDT;M5;F_RSI14;VENDER;REAL;0,1663;0,1664;LOSS;1,8;RSI14 75.2 > 75 → espelho da fábrica (PUT);;;
08/08 11:55:21;XLMUSDT;M5;F_RSI14;VENDER;REAL;0,1664;0,1662;WIN;1,8;RSI14 76.3 > 75 → espelho da fábrica (PUT);;;
09/08 20:25:11;XLMUSDT;M5;F_RSI14;COMPRAR;REAL;0,1614;0,1612;LOSS;1,8;RSI14 24.1 < 25 → espelho da fábrica (CALL);;;
09/08 20:30:15;XLMUSDT;M5;F_RSI14;COMPRAR;REAL;0,1612;0,161;LOSS;1,8;RSI14 22.4 < 25 → espelho da fábrica (CALL);;;
09/08 20:35:24;XLMUSDT;M5;F_RSI14;COMPRAR;REAL;0,161;0,16303;WIN;1,8;RSI14 20.7 < 25 → espelho da fábrica (CALL);;;
10/08 09:00:12;EURCAD;M5;V2;COMPRAR;REAL;1,61029;1,61037;WIN;1,9;Cruzamento-MACD-Alta, PriceAction(ENGOLFO_ALTA_SUPORTE);37.83;1e-05;BAIXA
10/08 09:05:09;AUDCHF;M5;F_PATAMAR12;COMPRAR;REAL;0,57101;0,5709;LOSS;1,9;varreu fundo 12v (0.57102) com EMA20>EMA50 → fade da fábrica (CALL);;;
10/08 10:05:20;AUDCHF;M5;F_PATAMAR12;VENDER;REAL;0,57123;0,57129;LOSS;1,9;varreu topo 12v (0.57117) com EMA20<EMA50 → fade da fábrica (PUT);;;
10/08 10:10:14;AUDCHF;M5;F_PATAMAR12;VENDER;REAL;0,57129;0,57105;WIN;1,9;varreu topo 12v (0.57125) com EMA20<EMA50 → fade da fábrica (PUT);;;
10/08 13:35:22;AUDCHF;M5;F_PATAMAR12;COMPRAR;REAL;0,57138;0,57147;WIN;1,9;varreu fundo 12v (0.57141) com EMA20>EMA50 → fade da fábrica (CALL);;;
10/08 13:55:08;EURCAD;M5;V2;COMPRAR;REAL;1,60866;1,60878;WIN;1,9;Cruzamento-MACD-Alta, PriceAction(ENGOLFO_ALTA_SUPORTE);39.49;1e-05;BAIXA
10/08 16:55:20;AUDCHF;M5;F_PATAMAR12;COMPRAR;REAL;0,57156;0,57146;LOSS;1,9;varreu fundo 12v (0.5716) com EMA20>EMA50 → fade da fábrica (CALL);;;
10/08 17:00:17;AUDCHF;M5;F_PATAMAR12;COMPRAR;REAL;0,57146;0,57148;WIN;1,9;varreu fundo 12v (0.57156) com EMA20>EMA50 → fade da fábrica (CALL);;;
10/08 17:20:13;AUDCHF;M5;F_PATAMAR12;COMPRAR;REAL;0,57136;0,57143;WIN;1,9;varreu fundo 12v (0.57141) com EMA20>EMA50 → fade da fábrica (CALL);;;
10/08 19:35:04;AUDCHF;M5;F_PATAMAR12;VENDER;REAL;0,5716;0,57153;WIN;1,9;varreu topo 12v (0.57158) com EMA20<EMA50 → fade da fábrica (PUT);;;
10/08 19:35:06;AUDCHF;M5;F_PATAMAR12;VENDER;REAL;0,5716;0,57153;WIN;1,9;varreu topo 12v (0.57158) com EMA20<EMA50 → fade da fábrica (PUT);;;
10/08 20:55:14;AUDCHF;M5;F_PATAMAR12;COMPRAR;REAL;0,57139;0,57131;LOSS;1,9;varreu fundo 12v (0.57146) com EMA20>EMA50 → fade da fábrica (CALL);;;
10/08 20:55:21;AUDCHF;M5;F_PATAMAR12;COMPRAR;REAL;0,57139;0,57131;LOSS;1,9;varreu fundo 12v (0.57146) com EMA20>EMA50 → fade da fábrica (CALL);;;
10/08 22:05:09;EURCAD;M5;V2;COMPRAR;REAL;1,60875;1,60855;LOSS;1,9;Cruzamento-MACD-Alta, PriceAction(ENGOLFO_ALTA_SUPORTE);52.96;0.0;LATERAL
10/08 22:35:17;AUDCHF;M5;F_PATAMAR12;VENDER;REAL;0,57165;0,57156;LOSS;1,9;varreu topo 12v (0.57159) com EMA20<EMA50 → fade da fábrica (PUT);;;
10/08 22:35:08;AUDCHF;M5;F_PATAMAR12;VENDER;REAL;0,57165;0,57156;LOSS;1,9;varreu topo 12v (0.57159) com EMA20<EMA50 → fade da fábrica (PUT);;;
11/08 07:25:06;EURCAD;M5;V2;COMPRAR;REAL;1,60709;1,60728;WIN;1,9;Cruzamento-MACD-Alta, PriceAction(ENGOLFO_ALTA_SUPORTE);45.98;0.0;BAIXA
11/08 12:00:12;XLMUSDT;M5;F_RSI14;COMPRAR;REAL;0,1592;0,15919;LOSS;1,8;RSI14 24.6 < 25 → espelho da fábrica (CALL);;;
11/08 12:05:05;XLMUSDT;M5;F_RSI14;COMPRAR;REAL;0,15919;0,1596;WIN;1,8;RSI14 24.5 < 25 → espelho da fábrica (CALL);;;
11/08 12:10:22;AUDCHF;M5;F_PATAMAR12;COMPRAR;REAL;0,57247;0,57256;WIN;1,9;varreu fundo 12v (0.57256) com EMA20>EMA50 → fade da fábrica (CALL);;;
11/08 15:20:13;AUDCHF;M5;F_PATAMAR12;COMPRAR;REAL;0,57282;0,57273;LOSS;1,9;varreu fundo 12v (0.57295) com EMA20>EMA50 → fade da fábrica (CALL);;;
11/08 15:25:06;AUDCHF;M5;F_PATAMAR12;COMPRAR;REAL;0,57273;0,5726;LOSS;1,9;varreu fundo 12v (0.57282) com EMA20>EMA50 → fade da fábrica (CALL);;;
11/08 15:30:20;AUDCHF;M5;F_PATAMAR12;COMPRAR;REAL;0,5726;0,57216;LOSS;1,9;varreu fundo 12v (0.57272) com EMA20>EMA50 → fade da fábrica (CALL);;;
11/08 16:15:03;EURCAD;M5;V2;VENDER;REAL;1,6065;1,6064;WIN;1,9;Tocou-Resist-Bollinger, PriceAction(ESTRELA_RESISTENCIA);59.94;9e-05;LATERAL
13/08 15:10:05;AUDCHF;M5;F_PATAMAR12;COMPRAR;REAL;0,57389;0,57392;WIN;1,9;varreu fundo 12v (0.57392) com EMA20>EMA50 → fade da fábrica (CALL);;;
13/08 17:45:23;EURCAD;M5;V2;COMPRAR;REAL;1,60597;1,60598;WIN;1,9;Cruzamento-MACD-Alta, PriceAction(ENGOLFO_ALTA_SUPORTE);49.94;2e-05;LATERAL
13/08 17:50:16;AUDCHF;M5;F_PATAMAR12;COMPRAR;REAL;0,57476;0,57469;LOSS;1,9;varreu fundo 12v (0.5748) com EMA20>EMA50 → fade da fábrica (CALL);;;
13/08 17:55:12;AUDCHF;M5;F_PATAMAR12;COMPRAR;REAL;0,57469;0,57474;WIN;1,9;varreu fundo 12v (0.57473) com EMA20>EMA50 → fade da fábrica (CALL);;;
13/08 21:35:08;AUDCHF;M5;F_PATAMAR12;COMPRAR;REAL;0,57479;0,57475;LOSS;1,9;varreu fundo 12v (0.57484) com EMA20>EMA50 → fade da fábrica (CALL);;;
13/08 21:40:10;AUDCHF;M5;F_PATAMAR12;COMPRAR;REAL;0,57475;0,57472;LOSS;1,9;varreu fundo 12v (0.57477) com EMA20>EMA50 → fade da fábrica (CALL);;;
13/08 21:50:16;AUDCHF;M5;F_PATAMAR12;COMPRAR;REAL;0,57464;0,57463;LOSS;1,9;varreu fundo 12v (0.57471) com EMA20>EMA50 → fade da fábrica (CALL);;;
14/08 10:20:21;AUDCHF;M5;F_PATAMAR12;VENDER;REAL;0,57505;0,57501;EMPATE;1,9;varreu topo 12v (0.57497) com EMA20<EMA50 → fade da fábrica (PUT);;;
14/08 19:15:24;XLMUSDT;M5;F_RSI14;COMPRAR;REAL;0,1572;0,1567;LOSS;1,8;RSI14 23.7 < 25 → espelho da fábrica (CALL);;;
14/08 19:20:22;XLMUSDT;M5;F_RSI14;COMPRAR;REAL;0,1567;0,1566;LOSS;1,8;RSI14 19.7 < 25 → espelho da fábrica (CALL);;;
15/08 12:20:19;XLMUSDT;M5;F_RSI14;VENDER;REAL;0,1587;0,1583;WIN;1,8;RSI14 75.7 > 75 → espelho da fábrica (PUT);;;
16/08 13:20:21;XLMUSDT;M5;F_RSI14;VENDER;REAL;0,1588;0,1591;LOSS;1,8;RSI14 75.6 > 75 → espelho da fábrica (PUT);;;
16/08 13:25:21;XLMUSDT;M5;F_RSI14;VENDER;REAL;0,1591;0,1594;LOSS;1,8;RSI14 78.7 > 75 → espelho da fábrica (PUT);;;
17/08 13:50:03;EURCAD;M5;V2;VENDER;REAL;1,60721;1,60704;WIN;1,9;Cruzamento-MACD-Baixa, PriceAction(ENGOLFO_BAIXA_RESISTENCIA);59.75;-1e-05;ALTA
17/08 16:00:04;EURCAD;M5;V2;COMPRAR;REAL;1,60567;1,60589;WIN;1,9;Cruzamento-MACD-Alta, PriceAction(ENGOLFO_ALTA_SUPORTE);42.1;1e-05;BAIXA
17/08 22:50:15;XLMUSDT;M5;F_RSI14;COMPRAR;REAL;0,1565;0,15644;LOSS;1,8;RSI14 20.3 < 25 → espelho da fábrica (CALL);;;
17/08 22:55:28;XLMUSDT;M5;F_RSI14;COMPRAR;REAL;0,15644;0,1565;WIN;1,8;RSI14 19.5 < 25 → espelho da fábrica (CALL);;;
17/08 23:00:16;XLMUSDT;M5;F_RSI14;COMPRAR;REAL;0,1565;0,1566;WIN;1,8;RSI14 22.8 < 25 → espelho da fábrica (CALL);;;
17/08 23:15:26;XLMUSDT;M5;F_RSI14;COMPRAR;REAL;0,1563;0,1564;WIN;1,8;RSI14 22.8 < 25 → espelho da fábrica (CALL);;;
17/08 23:30:12;XLMUSDT;M5;F_RSI14;COMPRAR;REAL;0,1561;0,155999;LOSS;1,8;RSI14 22.7 < 25 → espelho da fábrica (CALL);;;
17/08 23:35:23;XLMUSDT;M5;F_RSI14;COMPRAR;REAL;0,155999;0,1561;EMPATE;1,8;RSI14 21.2 < 25 → espelho da fábrica (CALL);;;
17/08 23:45:27;XLMUSDT;M5;F_RSI14;COMPRAR;REAL;0,1552;0,1551;LOSS;1,8;RSI14 16.3 < 25 → espelho da fábrica (CALL);;;
19/08 10:30:06;XLMUSDT;M5;F_RSI14;VENDER;REAL;0,1585;0,1589;LOSS;1,8;RSI14 77.0 > 75 → espelho da fábrica (PUT);;;
19/08 10:35:18;XLMUSDT;M5;F_RSI14;VENDER;REAL;0,1589;0,1583;WIN;1,8;RSI14 80.7 > 75 → espelho da fábrica (PUT);;;
19/08 11:55:04;EURCAD;M5;V2;VENDER;REAL;1,6108;1,611;LOSS;1,9;Cruzamento-MACD-Baixa, PriceAction(ENGOLFO_BAIXA_RESISTENCIA);44.26;-2e-05;LATERAL
19/08 12:00:15;XLMUSDT;M5;F_RSI14;VENDER;REAL;0,1613;0,1628;LOSS;1,8;RSI14 85.3 > 75 → espelho da fábrica (PUT);;;
21/08 18:50:17;XLMUSDT;M5;F_RSI14;VENDER;REAL;0,1977;0,1976;WIN;1,8;RSI14 76.8 > 75 → espelho da fábrica (PUT);;;
21/08 18:55:08;XLMUSDT;M5;F_RSI14;VENDER;REAL;0,1976;0,1979;LOSS;1,8;RSI14 75.7 > 75 → espelho da fábrica (PUT);;;
21/08 19:00:15;XLMUSDT;M5;F_RSI14;VENDER;REAL;0,1979;0,1982;LOSS;1,8;RSI14 76.8 > 75 → espelho da fábrica (PUT);;;
22/08 02:05:08;XLMUSDT;M5;F_RSI14;VENDER;REAL;0,2214;0,222866;LOSS;1,8;RSI14 78.8 > 75 → espelho da fábrica (PUT);;;
22/08 02:10:16;XLMUSDT;M5;F_RSI14;VENDER;REAL;0,222866;0,2003;WIN;1,8;RSI14 81.5 > 75 → espelho da fábrica (PUT);;;
22/08 07:20:08;XLMUSDT;M5;F_RSI14;COMPRAR;REAL;0,195;0,1939;LOSS;1,8;RSI14 24.9 < 25 → espelho da fábrica (CALL);;;
22/08 07:25:27;XLMUSDT;M5;F_RSI14;COMPRAR;REAL;0,1939;0,1968;WIN;1,8;RSI14 23.0 < 25 → espelho da fábrica (CALL);;;
22/08 22:00:05;XLMUSDT;M5;F_RSI14;VENDER;REAL;0,2006;0,199;WIN;1,8;RSI14 75.2 > 75 → espelho da fábrica (PUT);;;
23/08 23:10:14;XLMUSDT;M5;F_RSI14;COMPRAR;REAL;0,1923;0,1939;WIN;1,8;RSI14 25.0 < 25 → espelho da fábrica (CALL);;;
24/08 17:25:19;EURCAD;M5;V2;COMPRAR;REAL;1,61474;1,61477;WIN;1,9;Cruzamento-MACD-Alta, PriceAction(ENGOLFO_ALTA_SUPORTE);47.02;0.0;BAIXA
24/08 23:30:03;XLMUSDT;M5;F_RSI14;VENDER;REAL;0,1999;0,1994;WIN;1,8;RSI14 76.6 > 75 → espelho da fábrica (PUT);;;
25/08 00:55:14;EURCAD;M5;V2;COMPRAR;REAL;1,61524;1,61522;LOSS;1,9;Cruzamento-MACD-Alta, PriceAction(MARTELO_SUPORTE);53.3;1e-05;ALTA
25/08 03:40:05;EURCAD;M5;V2;VENDER;REAL;1,61508;1,61504;WIN;1,9;Cruzamento-MACD-Baixa, PriceAction(ENGOLFO_BAIXA_RESISTENCIA);42.89;-0.0;LATERAL
25/08 04:50:05;XLMUSDT;M5;F_RSI14;COMPRAR;REAL;0,194;0,1943;WIN;1,8;RSI14 25.0 < 25 → espelho da fábrica (CALL);;;
25/08 05:05:09;XLMUSDT;M5;F_RSI14;COMPRAR;REAL;0,1928;0,1932;WIN;1,8;RSI14 22.4 < 25 → espelho da fábrica (CALL);;;
