horario_sinal;ativo;variante;operacao;resultado;entrada;saida;rsi;atr;ema_gap
14/08/2026 19:15:00;XLMUSDT;XLM_RSI21_ATR;COMPRAR;LOSS;0.1567;0.1566;24.0821899283804;0.002406782751390272;-0.0005146215584914682
14/08/2026 19:20:00;XLMUSDT;XLM_RSI21_ATR;COMPRAR;EMPATE;0.1566;0.1566;23.44367155129693;0.0025451559934318436;-0.0005840495732755413
14/08/2026 19:25:00;XLMUSDT;XLM_RSI21_ATR;COMPRAR;WIN;0.1566;0.1572;23.443674992870896;0.002499543878854217;-0.0006422194794242497
18/08/2026 11:10:00;AUDCHF;AUD_BASE_PATAMAR12;COMPRAR;LOSS;0.57705;0.57694;29.61225989036963;0.0005136965105771815;0.00011706555102675154
19/08/2026 04:00:00;AUDCHF;AUD_BASE_PATAMAR12;VENDER;WIN;0.57356;0.57351;63.01020747641501;0.0005006326402518221;-0.00028849297614808034
19/08/2026 05:05:00;AUDCHF;AUD_BASE_PATAMAR12;VENDER;WIN;0.5737;0.57366;72.58254142297605;0.0003448791055554373;-0.00016540090094918636
19/08/2026 05:15:00;AUDCHF;AUD_BASE_PATAMAR12;VENDER;LOSS;0.57378;0.57395;73.58178408208396;0.00031619884176615836;-0.0001127331682424515
19/08/2026 05:20:00;AUDCHF;AUD_BASE_PATAMAR12;VENDER;LOSS;0.57395;0.57396;78.81882241721244;0.0003086381342327167;-7.812613470481455e-05
19/08/2026 05:20:00;AUDCHF;AUD_FORT_RSI7;VENDER;LOSS;0.57395;0.57396;78.81882241721244;0.0003086381342327167;-7.812613470481455e-05
19/08/2026 05:20:00;AUDCHF;AUD_FORT_RSI7_BB20;VENDER;LOSS;0.57395;0.57396;78.81882241721244;0.0003086381342327167;-7.812613470481455e-05
19/08/2026 06:30:00;AUDCHF;AUD_BASE_PATAMAR12;COMPRAR;WIN;0.57369;0.57373;37.153754844534056;0.0002577300333928637;7.785393385373318e-05
19/08/2026 06:45:00;AUDCHF;AUD_BASE_PATAMAR12;COMPRAR;LOSS;0.5736;0.57354;32.05547998811963;0.0002229029687188631;5.2529871742645895e-05
19/08/2026 06:50:00;AUDCHF;AUD_BASE_PATAMAR12;COMPRAR;LOSS;0.57354;0.57352;27.9831538541237;0.00021794469435435046;3.975846213222223e-05
19/08/2026 07:00:00;AUDCHF;AUD_BASE_PATAMAR12;COMPRAR;LOSS;0.5734;0.57331;20.05622471475678;0.00022547212118190584;9.808732488791883e-06
19/08/2026 07:00:00;AUDCHF;AUD_FORT_RSI7;COMPRAR;LOSS;0.5734;0.57331;20.05622471475678;0.00022547212118190584;9.808732488791883e-06
19/08/2026 07:00:00;AUDCHF;AUD_FORT_RSI7_BB20;COMPRAR;LOSS;0.5734;0.57331;20.05622471475678;0.00022547212118190584;9.808732488791883e-06
18/08/2026 11:25:00;DOGEUSDT;DOGE_RSI7_TREND_ATR;VENDER;WIN;0.07035;0.07024;81.51988147814508;0.0016346837242359634;-2.6684947841984497e-05
18/08/2026 08:00:00;XLMUSDT;XLM_RSI21_ATR;COMPRAR;WIN;0.1533;0.15361;12.42670891336283;0.0031795731991426696;-0.0007284698107493937
18/08/2026 08:05:00;XLMUSDT;XLM_RSI21_ATR;COMPRAR;LOSS;0.15361;0.1536;18.080474852759522;0.0031024765872757465;-0.0008387084902040931
18/08/2026 08:10:00;XLMUSDT;XLM_RSI21_ATR;COMPRAR;WIN;0.1536;0.1538;18.041026485645702;0.003163597470238097;-0.0009319641225004893
18/08/2026 08:15:00;XLMUSDT;XLM_RSI21_ATR;COMPRAR;WIN;0.1538;0.154;21.63192845024365;0.0031501950585175608;-0.0009983448826971775
18/08/2026 08:25:00;XLMUSDT;XLM_RSI21_ATR;COMPRAR;EMPATE;0.1538;0.1538;23.971610438637327;0.00310375255433774;-0.0010856116747299804
18/08/2026 08:30:00;XLMUSDT;XLM_RSI21_ATR;COMPRAR;LOSS;0.1538;0.1536;23.97160585073341;0.00310375255433774;-0.001120237644381239
18/08/2026 08:35:00;XLMUSDT;XLM_RSI21_ATR;COMPRAR;EMPATE;0.1536;0.1536;22.859131356714443;0.0031077938988095344;-0.001157360560208931
18/08/2026 08:40:00;XLMUSDT;XLM_RSI21_ATR;COMPRAR;WIN;0.1536;0.15375;22.85913466318361;0.0030612909226190635;-0.0011853025400981876
18/08/2026 08:50:00;XLMUSDT;XLM_RSI21_ATR;COMPRAR;WIN;0.1533;0.1537;23.0290962918356;0.0031721181623334434;-0.0012274676237025162
19/08/2026 10:30:00;XLMUSDT;XLM_RSI21_ATR;VENDER;WIN;0.1589;0.1583;75.17429423878936;0.0020345230603254524;0.000425204991694933
19/08/2026 11:05:00;BTCUSDT;BTC_RSI14_ATR;VENDER;LOSS;65370.87;65407.43;75.75002760890754;0.0022407099468441725;208.19290345007903
19/08/2026 11:10:00;BTCUSDT;BTC_RSI14_ATR;VENDER;LOSS;65407.43;65441.01;76.65401062347703;0.0022750803485606682;225.70438164316147
19/08/2026 11:15:00;BTCUSDT;BTC_RSI14_ATR;VENDER;WIN;65441.01;65426.01;77.48423396095008;0.002332580813730461;241.9649660994255
19/08/2026 11:20:00;BTCUSDT;BTC_RSI14_ATR;VENDER;LOSS;65426.01;65439.08;76.18099355928253;0.0023337924790374437;254.35596370598796
19/08/2026 11:25:00;BTCUSDT;BTC_RSI14_ATR;VENDER;WIN;65439.08;65359.4;76.55107989461126;0.0023795338438656107;264.90920912515867
19/08/2026 11:50:00;BTCUSDT;BTC_RSI14_ATR;VENDER;LOSS;65765.99;65941.23;79.21161554310953;0.002066223150771846;310.02772948808706
19/08/2026 11:55:00;BTCUSDT;BTC_RSI14_ATR;VENDER;LOSS;65941.23;66064.34;82.31104698164074;0.002108864554738494;335.09832547968836
19/08/2026 11:55:00;XLMUSDT;XLM_RSI21_ATR;VENDER;LOSS;0.1613;0.1628;80.64135543586427;0.0029426091577362556;0.0007765013113074648
20/08/2026 16:05:00;AUDCHF;AUD_BASE_PATAMAR12;VENDER;WIN;0.56943;0.56935;75.946942499121;0.0001680878873861479;-0.0006038079796861773
20/08/2026 16:05:00;AUDCHF;AUD_FORT_RSI7;VENDER;WIN;0.56943;0.56935;75.946942499121;0.0001680878873861479;-0.0006038079796861773
20/08/2026 20:30:00;AUDCHF;AUD_BASE_PATAMAR12;VENDER;WIN;0.56928;0.56916;64.70588229191961;0.000185698225327235;-0.00017289517636309704
20/08/2026 20:50:00;AUDCHF;AUD_BASE_PATAMAR12;VENDER;WIN;0.56934;0.56918;66.52123102670018;0.0001806603134456295;-0.00013803672851830928
20/08/2026 21:00:00;AUDCHF;AUD_BASE_PATAMAR12;VENDER;LOSS;0.56959;0.5697;71.32348760493204;0.0002257262742874952;-0.00010452851168474275
20/08/2026 21:05:00;AUDCHF;AUD_BASE_PATAMAR12;VENDER;LOSS;0.5697;0.56973;74.7093387004394;0.00024072820281348717;-7.351828028479002e-05
20/08/2026 22:10:00;AUDCHF;AUD_BASE_PATAMAR12;COMPRAR;WIN;0.569603;0.56981;41.07223673759646;0.0002234639113307176;0.00010893086383190198
21/08/2026 02:35:00;AUDCHF;AUD_BASE_PATAMAR12;COMPRAR;LOSS;0.57081;0.57067;25.57445602636824;0.00020897621675461666;0.0002838700968057495
21/08/2026 02:40:00;AUDCHF;AUD_BASE_PATAMAR12;COMPRAR;LOSS;0.57067;0.56989;18.665186507219047;0.00025659062405341654;0.0002561575763312396
21/08/2026 02:40:00;AUDCHF;AUD_FORT_RSI7;COMPRAR;LOSS;0.57067;0.56989;18.665186507219047;0.00025659062405341654;0.0002561575763312396
21/08/2026 02:40:00;AUDCHF;AUD_FORT_RSI7_BB20;COMPRAR;LOSS;0.57067;0.56989;18.665186507219047;0.00025659062405341654;0.0002561575763312396
21/08/2026 02:45:00;AUDCHF;AUD_BASE_PATAMAR12;COMPRAR;WIN;0.56989;0.569917;6.772419234885177;0.00039105290996005503;0.00018741313506875912
21/08/2026 02:45:00;AUDCHF;AUD_FORT_RSI7;COMPRAR;WIN;0.56989;0.569917;6.772419234885177;0.00039105290996005503;0.00018741313506875912
21/08/2026 02:45:00;AUDCHF;AUD_FORT_RSI7_BB20;COMPRAR;WIN;0.56989;0.569917;6.772419234885177;0.00039105290996005503;0.00018741313506875912
21/08/2026 06:15:00;AUDCHF;AUD_BASE_PATAMAR12;COMPRAR;LOSS;0.57206;0.57183;31.52414701966505;0.00040330434869472836;0.00044735691714814507
21/08/2026 06:20:00;AUDCHF;AUD_BASE_PATAMAR12;COMPRAR;WIN;0.57183;0.57188;24.07996973492655;0.00041970515712714965;0.0004058553445323021
21/08/2026 06:20:00;AUDCHF;AUD_FORT_RSI7;COMPRAR;WIN;0.57183;0.57188;24.07996973492655;0.00041970515712714965;0.0004058553445323021
21/08/2026 06:20:00;AUDCHF;AUD_FORT_RSI7_BB20;COMPRAR;WIN;0.57183;0.57188;24.07996973492655;0.00041970515712714965;0.0004058553445323021
21/08/2026 10:40:00;AUDCHF;AUD_BASE_PATAMAR12;COMPRAR;WIN;0.57267;0.57354;21.863868605213668;0.000362961466214617;0.00036455417751957153
21/08/2026 10:40:00;AUDCHF;AUD_FORT_RSI7;COMPRAR;WIN;0.57267;0.57354;21.863868605213668;0.000362961466214617;0.00036455417751957153
21/08/2026 10:40:00;AUDCHF;AUD_FORT_RSI7_BB20;COMPRAR;WIN;0.57267;0.57354;21.863868605213668;0.000362961466214617;0.00036455417751957153
20/08/2026 19:15:00;DOGEUSDT;DOGE_RSI7_TREND_ATR;COMPRAR;WIN;0.07918;0.07964;15.22869854784345;0.0031302998592718225;0.0005643090819333896
20/08/2026 14:10:00;BTCUSDT;BTC_RSI14_ATR;VENDER;WIN;72691.99;72636.11;97.68846988396093;0.008405451271669905;756.3341487570069
20/08/2026 14:15:00;BTCUSDT;BTC_RSI14_ATR;VENDER;LOSS;72636.11;72724.0;96.93628896074966;0.008400274539757181;1092.6965737464925
20/08/2026 14:20:00;BTCUSDT;BTC_RSI14_ATR;VENDER;LOSS;72724.0;72810.0;96.97573170023009;0.008344209417995262;1385.9324797760055
20/08/2026 14:25:00;BTCUSDT;BTC_RSI14_ATR;VENDER;WIN;72810.0;72805.99;97.01621082130144;0.00832058979339575;1640.4783032377454
20/08/2026 14:30:00;BTCUSDT;BTC_RSI14_ATR;VENDER;LOSS;72805.99;72816.0;96.95104890130122;0.008289761401696308;1855.4007739828085
20/08/2026 14:35:00;BTCUSDT;BTC_RSI14_ATR;VENDER;WIN;72816.0;72762.0;96.95654419668095;0.00828172575885993;2035.8601234356756
20/08/2026 14:40:00;BTCUSDT;BTC_RSI14_ATR;VENDER;LOSS;72762.0;72804.74;95.95184010308836;0.008340833323516615;2182.100537871258
20/08/2026 14:45:00;BTCUSDT;BTC_RSI14_ATR;VENDER;LOSS;72804.74;72890.48;95.98728266047026;0.00834271622581562;2303.4690952312812
20/08/2026 14:50:00;BTCUSDT;BTC_RSI14_ATR;VENDER;WIN;72890.48;72737.51;96.0617733089771;0.008375932142108496;2405.1732559710945
20/08/2026 14:55:00;BTCUSDT;BTC_RSI14_ATR;VENDER;WIN;72737.51;72615.94;92.75350309341749;0.008471194180672029;2476.0299839290237
20/08/2026 15:00:00;BTCUSDT;BTC_RSI14_ATR;VENDER;WIN;72615.94;72557.66;90.0978601345337;0.00864293707414656;2521.5655467247125
20/08/2026 15:05:00;BTCUSDT;BTC_RSI14_ATR;VENDER;LOSS;72557.66;72617.79;88.78548156988359;0.008568062578486867;2548.467232011055
20/08/2026 15:10:00;BTCUSDT;BTC_RSI14_ATR;VENDER;LOSS;72617.79;72632.39;88.96409291096096;0.008505894846349461;2565.7019416027615
20/08/2026 15:15:00;BTCUSDT;BTC_RSI14_ATR;VENDER;LOSS;72632.39;72735.39;89.00986258910561;0.008467650786181157;2571.919413444659
20/08/2026 15:20:00;BTCUSDT;BTC_RSI14_ATR;VENDER;WIN;72735.39;72688.0;89.34557612181642;0.002026022977653289;2573.4889054836967
20/08/2026 15:25:00;BTCUSDT;BTC_RSI14_ATR;VENDER;WIN;72688.0;72433.1;88.01343914045549;0.0020144315430332634;2562.586540079952
20/08/2026 15:30:00;BTCUSDT;BTC_RSI14_ATR;VENDER;LOSS;72433.1;72460.0;81.01636619782768;0.002117204900600914;2529.258248797676
20/08/2026 15:35:00;BTCUSDT;BTC_RSI14_ATR;VENDER;LOSS;72460.0;72498.5;81.18635002307032;0.002158057647569118;2492.347750063447
20/08/2026 15:40:00;BTCUSDT;BTC_RSI14_ATR;VENDER;LOSS;72498.5;72534.0;81.44246889502202;0.002174754354523607;2453.110520947652
20/08/2026 15:45:00;BTCUSDT;BTC_RSI14_ATR;VENDER;WIN;72534.0;72491.99;81.68998841027154;0.0021543394427835046;2411.8289818961493
20/08/2026 15:50:00;BTCUSDT;BTC_RSI14_ATR;VENDER;WIN;72491.99;72431.36;80.32462899544055;0.002156780158942894;2364.5823889772437
20/08/2026 15:55:00;BTCUSDT;BTC_RSI14_ATR;VENDER;WIN;72431.36;72406.0;78.29082729004654;0.002160547980480139;2311.283980177759
20/08/2026 16:00:00;BTCUSDT;BTC_RSI14_ATR;VENDER;LOSS;72406.0;72470.09;77.40796715770342;0.002067014967189003;2254.899769661133
20/08/2026 16:05:00;BTCUSDT;BTC_RSI14_ATR;VENDER;LOSS;72470.09;72484.61;78.08068614433186;0.00205137831936697;2201.0552662588307
20/08/2026 21:15:00;BTCUSDT;BTC_RSI14_ATR;VENDER;LOSS;73664.01;73799.18;76.60036141360563;0.0025319788358754217;436.3435473879799
20/08/2026 21:20:00;BTCUSDT;BTC_RSI14_ATR;VENDER;WIN;73799.18;73690.15;78.9734251349262;0.002691774004612455;458.0963532310416
20/08/2026 22:15:00;BTCUSDT;BTC_RSI14_ATR;VENDER;WIN;74664.98;74511.84;83.47943892175346;0.0037435938871782787;541.4024647746846
20/08/2026 22:20:00;BTCUSDT;BTC_RSI14_ATR;VENDER;LOSS;74511.84;74730.17;76.53208018276806;0.004007617288934057;567.4930281968554
20/08/2026 22:25:00;BTCUSDT;BTC_RSI14_ATR;VENDER;LOSS;74730.17;74746.341667;79.19097626712289;0.0037784788497833887;600.2848892355978
20/08/2026 22:30:00;BTCUSDT;BTC_RSI14_ATR;VENDER;WIN;74746.341667;74605.26;79.37735535651817;0.0038919908932461777;627.4542417959601
20/08/2026 22:40:00;BTCUSDT;BTC_RSI14_ATR;VENDER;LOSS;74741.368333;75585.71;75.21500535255467;0.0038534531936423974;657.6793458105822
20/08/2026 22:45:00;BTCUSDT;BTC_RSI14_ATR;VENDER;WIN;75585.71;75390.22;83.46048015249278;0.004559850100728621;717.1765834907274
20/08/2026 22:50:00;BTCUSDT;BTC_RSI14_ATR;VENDER;WIN;75390.22;75129.22;77.06769352372474;0.004601236046077532;755.266052099003
21/08/2026 04:15:00;BTCUSDT;BTC_RSI14_ATR;VENDER;WIN;76719.924334;76700.13;81.73155746062952;0.0035617354610753926;420.2043341243261
21/08/2026 04:20:00;BTCUSDT;BTC_RSI14_ATR;VENDER;WIN;76700.13;76671.86;80.88858814102453;0.0038222689779013443;463.9258002621791
21/08/2026 04:25:00;BTCUSDT;BTC_RSI14_ATR;VENDER;WIN;76671.86;76384.61;79.62547106637095;0.004090855856372856;498.615767343319
21/08/2026 05:15:00;BTCUSDT;BTC_RSI14_ATR;VENDER;WIN;77173.0;77037.28;75.39294122531746;0.004742695562474671;603.8979996187263
21/08/2026 05:30:00;BTCUSDT;BTC_RSI14_ATR;VENDER;WIN;77561.06;77496.67;77.04213802318564;0.0040760978769501;671.9509172679391
21/08/2026 05:40:00;BTCUSDT;BTC_RSI14_ATR;VENDER;LOSS;77720.25;77823.027908;77.27409655154801;0.003817047798261795;726.9783809361397
21/08/2026 05:45:00;BTCUSDT;BTC_RSI14_ATR;VENDER;LOSS;77823.027908;78661.68;78.33074053719872;0.004061795118416978;756.8815926378156
21/08/2026 05:50:00;BTCUSDT;BTC_RSI14_ATR;VENDER;LOSS;78661.68;79240.39;84.61620891832843;0.004554002474357807;827.0325621085212
21/08/2026 05:55:00;BTCUSDT;BTC_RSI14_ATR;VENDER;LOSS;79240.39;79452.07891;87.34422102574396;0.005035848867153292;917.345286107331
21/08/2026 06:00:00;BTCUSDT;BTC_RSI14_ATR;VENDER;WIN;79452.07891;77838.28;88.17057898088059;0.006496418797464668;1004.2856226907752
20/08/2026 14:10:00;XLMUSDT;XLM_RSI21_ATR;VENDER;LOSS;0.1872;0.1879;96.93970018540067;0.012227182539682547;0.002503722873724301
20/08/2026 14:15:00;XLMUSDT;XLM_RSI21_ATR;VENDER;LOSS;0.1879;0.1887;97.0113039218576;0.012751843685851144;0.0038657987065036925
20/08/2026 14:20:00;XLMUSDT;XLM_RSI21_ATR;VENDER;LOSS;0.1887;0.1894;97.09292629409887;0.013265576500870626;0.0050802068542041
20/08/2026 14:25:00;XLMUSDT;XLM_RSI21_ATR;VENDER;LOSS;0.1894;0.1902;97.16408323710806;0.013568788655905873;0.006156107090959012
20/08/2026 14:30:00;XLMUSDT;XLM_RSI21_ATR;VENDER;LOSS;0.1902;0.1916;97.24500470419022;0.01396237043713384;0.0071131953626900335
20/08/2026 14:35:00;XLMUSDT;XLM_RSI21_ATR;VENDER;WIN;0.1916;0.1899;97.38225955966494;0.014663733969579476;0.007997041209898914
20/08/2026 14:40:00;XLMUSDT;XLM_RSI21_ATR;VENDER;LOSS;0.1899;0.1901;91.56592577179038;0.015396449259008477;0.008640244265991165
20/08/2026 14:45:00;XLMUSDT;XLM_RSI21_ATR;VENDER;WIN;0.1901;0.1886;91.62769685682508;0.015714661456376323;0.009178304321614816
20/08/2026 14:50:00;XLMUSDT;XLM_RSI21_ATR;VENDER;WIN;0.1886;0.1864;86.63112886599319;0.016533101045296136;0.009527718020079345
20/08/2026 14:55:00;XLMUSDT;XLM_RSI21_ATR;VENDER;WIN;0.1864;0.1844;79.9196337003767;0.017414163090128717;0.009672622606362952
21/08/2026 16:05:00;AUDCHF;AUD_BASE_PATAMAR12;COMPRAR;WIN;0.57472;0.57476;33.78541235625735;0.0001528694718421694;0.00025319111722788
21/08/2026 16:15:00;AUDCHF;AUD_BASE_PATAMAR12;COMPRAR;LOSS;0.57469;0.57466;33.5018350034709;0.00015784907639645253;0.0002262182885044428
21/08/2026 18:30:00;BTCUSDT;BTC_RSI14_ATR;VENDER;WIN;78401.6;78056.49;75.58395702648095;0.002451390858094714;190.46236157070962
21/08/2026 19:50:00;XLMUSDT;XLM_RSI21_ATR;VENDER;WIN;0.2031;0.2028;78.35576814252657;0.0060895406907223735;0.002572882651635411
21/08/2026 19:55:00;XLMUSDT;XLM_RSI21_ATR;VENDER;WIN;0.2028;0.2023;76.42943382759192;0.006133770076077764;0.002719570450895159
22/08/2026 00:20:00;XLMUSDT;XLM_RSI21_ATR;VENDER;WIN;0.216;0.2159;75.77989691407018;0.00806216931216927;0.0034551639201511053
22/08/2026 00:25:00;XLMUSDT;XLM_RSI21_ATR;VENDER;WIN;0.2159;0.2142;75.36966086079966;0.007959372725468093;0.00370165517008067
22/08/2026 01:50:00;XLMUSDT;XLM_RSI21_ATR;VENDER;LOSS;0.2212;0.2214;75.12945734805405;0.007606561611986546;0.004635713639007166
22/08/2026 01:55:00;XLMUSDT;XLM_RSI21_ATR;VENDER;EMPATE;0.2214;0.2214;75.40969844833657;0.007986837011227245;0.004766973303891142
22/08/2026 02:00:00;XLMUSDT;XLM_RSI21_ATR;VENDER;LOSS;0.2214;0.222866;75.40970270951694;0.00855142599045037;0.004863282091891352
22/08/2026 02:05:00;XLMUSDT;XLM_RSI21_ATR;VENDER;WIN;0.222866;0.2003;77.46203856330533;0.012162337137882985;0.005010965514317844
22/08/2026 02:10:00;BTCUSDT;BTC_RSI14_ATR;COMPRAR;LOSS;76523.91;76416.644948;20.28101797617542;0.003941050475036432;-20.821589372324524
22/08/2026 02:15:00;DOGEUSDT;DOGE_RSI7_TREND_ATR;COMPRAR;WIN;0.0897;0.09006;19.875278209971682;0.030920528746615692;0.0007923209855833224
22/08/2026 02:15:00;BTCUSDT;BTC_RSI14_ATR;COMPRAR;WIN;76416.644948;77144.92;19.591070847311286;0.0047881671231311835;-125.50210709321254
22/08/2026 09:45:00;DOGEUSDT;DOGE_RSI7_TREND_ATR;VENDER;WIN;0.09188;0.09166;81.68999216097765;0.004882144411965892;-7.353990923016085e-05
22/08/2026 18:55:00;DOGEUSDT;DOGE_RSI7_TREND_ATR;COMPRAR;WIN;0.09166;0.09174;19.62204707654473;0.007153767027212385;6.441620005931403e-06
22/08/2026 21:35:00;DOGEUSDT;DOGE_RSI7_TREND_ATR;VENDER;LOSS;0.09334;0.09353;81.73984245123806;0.004193578009733987;-8.710836441135072e-05
22/08/2026 21:40:00;DOGEUSDT;DOGE_RSI7_TREND_ATR;VENDER;LOSS;0.09353;0.09419;83.85441198407973;0.00419269600281038;-1.5568099180240935e-05
22/08/2026 23:10:00;DOGEUSDT;DOGE_RSI7_TREND_ATR;COMPRAR;WIN;0.09169;0.09186;14.65161441435312;0.00510259726095693;0.00011103728755600117
23/08/2026 02:15:00;BTCUSDT;BTC_RSI14_ATR;COMPRAR;LOSS;75558.981357;75474.059714;17.098419794324982;0.0031944066630490288;-236.28859593335073
23/08/2026 02:20:00;BTCUSDT;BTC_RSI14_ATR;COMPRAR;WIN;75474.059714;76228.07;16.311291273256657;0.0034877322420112213;-291.8768341345858
23/08/2026 11:40:00;DOGEUSDT;DOGE_RSI7_TREND_ATR;COMPRAR;WIN;0.09221;0.0927;18.791154706778144;0.006429423520845233;0.0005805695177672765
24/08/2026 01:40:00;AUDCHF;AUD_BASE_PATAMAR12;VENDER;LOSS;0.57353;0.57357;72.06506077824403;0.00021919391437990752;-0.00018190597689082821
24/08/2026 01:45:00;AUDCHF;AUD_BASE_PATAMAR12;VENDER;WIN;0.57357;0.57346;75.49673976263534;0.0002179332949771047;-0.00016595189362200724
24/08/2026 01:45:00;AUDCHF;AUD_FORT_RSI7;VENDER;WIN;0.57357;0.57346;75.49673976263534;0.0002179332949771047;-0.00016595189362200724
24/08/2026 01:45:00;AUDCHF;AUD_FORT_RSI7_BB20;VENDER;WIN;0.57357;0.57346;75.49673976263534;0.0002179332949771047;-0.00016595189362200724
24/08/2026 02:05:00;AUDCHF;AUD_BASE_PATAMAR12;VENDER;LOSS;0.57359;0.57365;68.3228736130645;0.00023785033112255256;-0.00012995815732608218
24/08/2026 02:10:00;AUDCHF;AUD_BASE_PATAMAR12;VENDER;LOSS;0.57365;0.57372;72.80960679170464;0.0002303544968933433;-0.0001135124419135991
24/08/2026 02:15:00;AUDCHF;AUD_BASE_PATAMAR12;VENDER;WIN;0.57372;0.57367;77.20432049190086;0.00023281640621109826;-9.487086072346163e-05
24/08/2026 02:15:00;AUDCHF;AUD_FORT_RSI7;VENDER;WIN;0.57372;0.57367;77.20432049190086;0.00023281640621109826;-9.487086072346163e-05
24/08/2026 02:15:00;AUDCHF;AUD_FORT_RSI7_BB20;VENDER;WIN;0.57372;0.57367;77.20432049190086;0.00023281640621109826;-9.487086072346163e-05
24/08/2026 02:40:00;AUDCHF;AUD_BASE_PATAMAR12;VENDER;WIN;0.5739;0.57385;78.09341644499222;0.0002165633634530748;-2.2448995101731484e-05
24/08/2026 02:40:00;AUDCHF;AUD_FORT_RSI7;VENDER;WIN;0.5739;0.57385;78.09341644499222;0.0002165633634530748;-2.2448995101731484e-05
24/08/2026 02:40:00;AUDCHF;AUD_FORT_RSI7_BB20;VENDER;WIN;0.5739;0.57385;78.09341644499222;0.0002165633634530748;-2.2448995101731484e-05
24/08/2026 09:50:00;BTCUSDT;BTC_RSI14_ATR;VENDER;LOSS;79139.65;79159.99;75.36377237498522;0.0031068316757601818;394.77103591863124
24/08/2026 09:55:00;BTCUSDT;BTC_RSI14_ATR;VENDER;WIN;79159.99;79021.53;75.6570103212307;0.0029299523660880054;421.52483591904456
24/08/2026 10:40:00;DOGEUSDT;DOGE_RSI7_TREND_ATR;COMPRAR;LOSS;0.09096;0.09076;18.164994813355023;0.005410541525317246;0.0002225591421402967
24/08/2026 10:45:00;DOGEUSDT;DOGE_RSI7_TREND_ATR;COMPRAR;LOSS;0.09076;0.09055;16.434668151181327;0.005634955612919463;0.00013264648105139332
24/08/2026 10:50:00;DOGEUSDT;DOGE_RSI7_TREND_ATR;COMPRAR;WIN;0.09055;0.09089;14.717322491986039;0.00592411453813993;4.222438576359511e-05
24/08/2026 15:15:00;AUDCHF;AUD_BASE_PATAMAR12;VENDER;LOSS;0.57358;0.57363;69.82579225949961;0.0002789497541755316;-0.00023351740668842158
24/08/2026 15:20:00;AUDCHF;AUD_BASE_PATAMAR12;VENDER;WIN;0.57363;0.57361;73.50291810734564;0.00027643503403139403;-0.00021554939110268734
24/08/2026 16:20:00;AUDCHF;AUD_BASE_PATAMAR12;VENDER;EMPATE;0.57377;0.57377;78.21831642126897;0.00016308177243744173;-8.573691190938426e-05
24/08/2026 16:20:00;AUDCHF;AUD_FORT_RSI7;VENDER;EMPATE;0.57377;0.57377;78.21831642126897;0.00016308177243744173;-8.573691190938426e-05
24/08/2026 18:55:00;DOGEUSDT;DOGE_RSI7_TREND_ATR;VENDER;WIN;0.09026;0.09004;80.91358295751408;0.002374093887499584;-1.4847417848296018e-05
24/08/2026 20:40:00;AUDCHF;AUD_BASE_PATAMAR12;VENDER;LOSS;0.57376;0.5738;70.5540434334861;0.00012075731017447754;-1.6061811803802506e-05
24/08/2026 20:45:00;AUDCHF;AUD_BASE_PATAMAR12;VENDER;LOSS;0.5738;0.57384;73.57843670326503;0.00012074889209778363;-4.7218048411235e-06
24/08/2026 21:45:00;BTCUSDT;BTC_RSI14_ATR;VENDER;LOSS;79578.38;79730.95;75.49480768514954;0.0021870254135428814;57.20504388444533
24/08/2026 21:50:00;BTCUSDT;BTC_RSI14_ATR;VENDER;LOSS;79730.95;79739.99;78.2078067979512;0.002350878756260012;97.04233214902342
24/08/2026 21:55:00;BTCUSDT;BTC_RSI14_ATR;VENDER;LOSS;79739.99;79936.77;78.36067572130243;0.002409756855643306;131.81740881537553
24/08/2026 22:00:00;BTCUSDT;BTC_RSI14_ATR;VENDER;WIN;79936.77;79815.31;81.4165882410252;0.002611931267675687;172.57739823502197
24/08/2026 23:15:00;BTCUSDT;BTC_RSI14_ATR;VENDER;LOSS;80860.4;80869.037017;80.56255945271855;0.0030769255231414844;343.95832284491917
24/08/2026 23:20:00;BTCUSDT;BTC_RSI14_ATR;VENDER;LOSS;80869.037017;81027.274666;80.64568043562639;0.0032847199948888234;393.57916364348785
24/08/2026 23:25:00;BTCUSDT;BTC_RSI14_ATR;VENDER;WIN;81027.274666;81019.865336;82.15159948446379;0.0032063230569078583;444.10772363371507
24/08/2026 23:30:00;BTCUSDT;BTC_RSI14_ATR;VENDER;WIN;81019.865336;80955.81;81.83053453095096;0.003277423132659254;485.95921152881056
24/08/2026 23:35:00;BTCUSDT;BTC_RSI14_ATR;VENDER;WIN;80955.81;80852.048;78.9575607272339;0.0032807090524359797;516.9352819102496
25/08/2026 00:55:00;AUDCHF;AUD_BASE_PATAMAR12;COMPRAR;LOSS;0.57454;0.57448;34.921898292978355;0.00023994350760109655;0.00022829330300022654
25/08/2026 01:00:00;AUDCHF;AUD_BASE_PATAMAR12;COMPRAR;LOSS;0.57448;0.57443;30.907708669294834;0.0002362384864821591;0.00020997729716754066
25/08/2026 01:05:00;AUDCHF;AUD_BASE_PATAMAR12;COMPRAR;WIN;0.57443;0.57455;27.800836093125696;0.00022506783121650482;0.0001904714354851178
25/08/2026 01:20:00;AUDCHF;AUD_BASE_PATAMAR12;COMPRAR;WIN;0.57439;0.5744;31.864507526013938;0.0002076737308896166;0.0001470131330754132
25/08/2026 03:05:00;AUDCHF;AUD_BASE_PATAMAR12;COMPRAR;LOSS;0.57447;0.57444;24.809646004334013;0.00023002568827416305;0.00010898383262569755
25/08/2026 03:05:00;AUDCHF;AUD_FORT_RSI7;COMPRAR;LOSS;0.57447;0.57444;24.809646004334013;0.00023002568827416305;0.00010898383262569755
25/08/2026 03:20:00;AUDCHF;AUD_BASE_PATAMAR12;COMPRAR;LOSS;0.57429;0.57421;16.07125323854146;0.00024129173165375045;5.369231456120449e-05
25/08/2026 03:20:00;AUDCHF;AUD_FORT_RSI7;COMPRAR;LOSS;0.57429;0.57421;16.07125323854146;0.00024129173165375045;5.369231456120449e-05
25/08/2026 03:20:00;AUDCHF;AUD_FORT_RSI7_BB20;COMPRAR;LOSS;0.57429;0.57421;16.07125323854146;0.00024129173165375045;5.369231456120449e-05
25/08/2026 03:25:00;AUDCHF;AUD_BASE_PATAMAR12;COMPRAR;LOSS;0.57421;0.57412;13.45654675235798;0.00024630112925337085;3.006932128235551e-05
25/08/2026 03:25:00;AUDCHF;AUD_FORT_RSI7;COMPRAR;LOSS;0.57421;0.57412;13.45654675235798;0.00024630112925337085;3.006932128235551e-05
25/08/2026 03:25:00;AUDCHF;AUD_FORT_RSI7_BB20;COMPRAR;LOSS;0.57421;0.57412;13.45654675235798;0.00024630112925337085;3.006932128235551e-05
25/08/2026 03:30:00;AUDCHF;AUD_BASE_PATAMAR12;COMPRAR;WIN;0.57412;0.57418;11.088702001335733;0.00026624598142749426;4.379913267515967e-06
25/08/2026 03:30:00;AUDCHF;AUD_FORT_RSI7;COMPRAR;WIN;0.57412;0.57418;11.088702001335733;0.00026624598142749426;4.379913267515967e-06
25/08/2026 03:30:00;AUDCHF;AUD_FORT_RSI7_BB20;COMPRAR;WIN;0.57412;0.57418;11.088702001335733;0.00026624598142749426;4.379913267515967e-06
25/08/2026 03:50:00;DOGEUSDT;DOGE_RSI7_TREND_ATR;COMPRAR;WIN;0.09181;0.09191;16.70124151854735;0.002435153344640324;0.00017996170845889503
25/08/2026 04:50:00;BTCUSDT;BTC_RSI14_ATR;COMPRAR;LOSS;79788.72;79774.796667;24.66399962979213;0.002289712487823208;1.814137088789721
25/08/2026 04:55:00;BTCUSDT;BTC_RSI14_ATR;COMPRAR;WIN;79774.796667;79870.81;24.42606828685267;0.002355137429628187;-37.906228566978825
25/08/2026 06:45:00;AUDCHF;AUD_BASE_PATAMAR12;VENDER;EMPATE;0.57414;0.57414;67.35635568854416;0.0004030873505217906;-0.0001651130213945473
25/08/2026 06:50:00;BTCUSDT;BTC_RSI14_ATR;COMPRAR;WIN;79094.08;79158.058334;22.942626888825046;0.0022380843646669117;-240.69315953391197
25/08/2026 08:25:00;AUDCHF;AUD_BASE_PATAMAR12;VENDER;WIN;0.57426;0.57419;66.48013974040548;0.0002947893189247121;-6.560970788327403e-06
