Terreno;Ativo;Estrategia;Odd;Tipo;Resultado;Premio;Valor;Fechamento_trade_ts;Tx_id;Saldo_depois;Coletado_em
XLMUSDT;XLMUSDT;S2;1.80;VENDER;LOSS;-5.00;0.175;11:45:00;—;+0.00;11:50
XLMUSDT;XLMUSDT;S2;1.80;VENDER;WIN;+4.00;0.1754;11:50:00;—;+4.00;11:55
XLMUSDT;XLMUSDT;S2;1.80;COMPRAR;LOSS;-5.00;0.1737;21:50:00;—;+0.00;21:55
XLMUSDT;XLMUSDT;S2;1.80;COMPRAR;WIN;+4.00;0.1736;21:55:00;—;+4.00;22:00
XLMUSDT;XLMUSDT;S2;1.80;COMPRAR;LOSS;-5.00;0.1732;22:25:00;—;+8.00;22:30
XLMUSDT;XLMUSDT;S2;1.80;COMPRAR;EMPATE;+0.00;0.173;22:30:00;—;+12.00;22:35
XLMUSDT;XLMUSDT;S4;1.80;COMPRAR;EMPATE;+0.00;0.173;22:30:00;—;+16.00;22:35
XLMUSDT;XLMUSDT;S2;1.80;COMPRAR;WIN;+4.00;0.1727;22:40:00;—;+20.00;22:45
XLMUSDT;XLMUSDT;S4;1.80;COMPRAR;WIN;+4.00;0.1727;22:40:00;—;+24.00;22:45
XLMUSDT;XLMUSDT;S4;1.80;COMPRAR;EMPATE;+0.00;0.1723;23:10:00;—;+28.00;23:15
XLMUSDT;XLMUSDT;S2;1.80;COMPRAR;EMPATE;+0.00;0.1716;00:15:00;—;+32.00;00:20
AUDCHF;AUDCHF;S4;1.90;COMPRAR;WIN;+4.50;0.56517;10:45:00;—;+0.00;10:50
XLMUSDT;XLMUSDT;S1;1.80;VENDER;EMPATE;+0.00;0.1724;10:55:00;—;+4.00;11:00
XLMUSDT;XLMUSDT;S2;1.80;VENDER;EMPATE;+0.00;0.1724;10:55:00;—;+8.00;11:00
XLMUSDT;XLMUSDT;S1;1.80;VENDER;LOSS;-5.00;0.1724;11:00:00;—;+12.00;11:05
XLMUSDT;XLMUSDT;S2;1.80;VENDER;LOSS;-5.00;0.1724;11:00:00;—;+16.00;11:05
XLMUSDT;XLMUSDT;S2;1.80;VENDER;WIN;+4.00;0.17251;16:15:00;—;+0.00;16:20
XLMUSDT;XLMUSDT;S2;1.80;VENDER;EMPATE;+0.00;0.1725;16:20:00;—;+4.00;16:25
XLMUSDT;XLMUSDT;S2;1.80;COMPRAR;LOSS;-5.00;0.1716;19:05:00;—;+0.00;19:10
XLMUSDT;XLMUSDT;S2;1.80;COMPRAR;WIN;+4.00;0.1714;19:10:00;—;+4.00;19:15
XLMUSDT;XLMUSDT;S2;1.80;COMPRAR;WIN;+4.00;0.1707;21:35:00;—;+8.00;21:40
XLMUSDT;XLMUSDT;S2;1.80;COMPRAR;WIN;+4.00;0.1704;22:00:00;—;+12.00;22:05
XLMUSDT;XLMUSDT;S2;1.80;COMPRAR;WIN;+4.00;0.1702;22:15:00;—;+16.00;22:20
XLMUSDT;XLMUSDT;S2;1.80;COMPRAR;WIN;+4.00;0.1697;10:05:00;—;+0.00;10:10
XLMUSDT;XLMUSDT;S2;1.80;COMPRAR;LOSS;-5.00;0.1696;10:50:00;—;+4.00;10:55
XLMUSDT;XLMUSDT;S2;1.80;COMPRAR;LOSS;-5.00;0.1693;10:55:00;—;+8.00;11:00
XLMUSDT;XLMUSDT;S2;1.80;COMPRAR;WIN;+4.00;0.1691;11:00:00;—;+12.00;11:05
XLMUSDT;XLMUSDT;S4;1.80;COMPRAR;WIN;+4.00;0.1691;11:00:00;—;+16.00;11:05
XLMUSDT;XLMUSDT;S1;1.80;COMPRAR;WIN;+4.00;0.1688;11:10:00;—;+20.00;11:15
XLMUSDT;XLMUSDT;S2;1.80;COMPRAR;WIN;+4.00;0.1688;11:10:00;—;+24.00;11:15
XLMUSDT;XLMUSDT;S1;1.80;VENDER;WIN;+4.00;0.1701;14:10:00;—;+0.00;14:15
XLMUSDT;XLMUSDT;S2;1.80;VENDER;WIN;+4.00;0.1701;14:10:00;—;+4.00;14:15
XLMUSDT;XLMUSDT;S2;1.80;VENDER;WIN;+4.00;0.1704;16:20:00;—;+8.00;16:25
XLMUSDT;XLMUSDT;S2;1.80;VENDER;WIN;+4.00;0.1706;17:10:00;—;+12.00;17:15
XLMUSDT;XLMUSDT;S2;1.80;COMPRAR;WIN;+4.00;0.1695;17:35:00;—;+16.00;17:40
XLMUSDT;XLMUSDT;S2;1.80;COMPRAR;LOSS;-5.00;0.1696;20:25:00;—;+20.00;20:30
XLMUSDT;XLMUSDT;S2;1.80;COMPRAR;LOSS;-5.00;0.1693;20:30:00;—;+24.00;20:35
XLMUSDT;XLMUSDT;S2;1.80;COMPRAR;LOSS;-5.00;0.169;20:35:00;—;+28.00;20:40
XLMUSDT;XLMUSDT;S4;1.80;COMPRAR;LOSS;-5.00;0.169;20:35:00;—;+32.00;20:40
XLMUSDT;XLMUSDT;S2;1.80;COMPRAR;WIN;+4.00;0.1689;20:40:00;—;+36.00;20:45
XLMUSDT;XLMUSDT;S4;1.80;COMPRAR;WIN;+4.00;0.1689;20:40:00;—;+40.00;20:45
XLMUSDT;XLMUSDT;S2;1.80;COMPRAR;LOSS;-5.00;0.169;20:45:00;—;+44.00;20:50
XLMUSDT;XLMUSDT;S4;1.80;COMPRAR;LOSS;-5.00;0.1687;21:00:00;—;+48.00;21:05
XLMUSDT;XLMUSDT;S2;1.80;COMPRAR;LOSS;-5.00;0.1684;21:05:00;—;+52.00;21:10
XLMUSDT;XLMUSDT;S4;1.80;COMPRAR;LOSS;-5.00;0.1684;21:05:00;—;+56.00;21:10
XLMUSDT;XLMUSDT;S2;1.80;COMPRAR;WIN;+4.00;0.1682;21:10:00;—;+60.00;21:15
XLMUSDT;XLMUSDT;S4;1.80;COMPRAR;WIN;+4.00;0.1682;21:10:00;—;+64.00;21:15
XLMUSDT;XLMUSDT;S2;1.80;COMPRAR;LOSS;-5.00;0.167;21:45:00;—;+68.00;21:50
XLMUSDT;XLMUSDT;S4;1.80;COMPRAR;LOSS;-5.00;0.167;21:45:00;—;+72.00;21:50
XLMUSDT;XLMUSDT;S1;1.80;COMPRAR;WIN;+4.00;0.1659;21:50:00;—;+76.00;21:55
XLMUSDT;XLMUSDT;S2;1.80;COMPRAR;WIN;+4.00;0.1659;21:50:00;—;+80.00;21:55
XLMUSDT;XLMUSDT;S3;1.80;COMPRAR;WIN;+4.00;0.1659;21:50:00;—;+84.00;21:55
XLMUSDT;XLMUSDT;S4;1.80;COMPRAR;WIN;+4.00;0.1659;21:50:00;—;+88.00;21:55
XLMUSDT;XLMUSDT;S1;1.80;COMPRAR;WIN;+4.00;0.166;21:55:00;—;+92.00;22:00
XLMUSDT;XLMUSDT;S2;1.80;COMPRAR;WIN;+4.00;0.166;21:55:00;—;+96.00;22:00
XLMUSDT;XLMUSDT;S3;1.80;COMPRAR;WIN;+4.00;0.166;21:55:00;—;+100.00;22:00
XLMUSDT;XLMUSDT;S1;1.80;COMPRAR;LOSS;-5.00;0.167;00:30:00;—;+104.00;00:35
XLMUSDT;XLMUSDT;S2;1.80;COMPRAR;LOSS;-5.00;0.167;00:30:00;—;+108.00;00:35
XLMUSDT;XLMUSDT;S1;1.80;COMPRAR;WIN;+4.00;0.167;00:35:00;—;+112.00;00:40
XLMUSDT;XLMUSDT;S2;1.80;COMPRAR;WIN;+4.00;0.167;00:35:00;—;+116.00;00:40
XLMUSDT;XLMUSDT;S4;1.80;COMPRAR;LOSS;-5.00;0.1664;01:50:00;—;+0.00;01:55
XLMUSDT;XLMUSDT;S2;1.80;COMPRAR;WIN;+4.00;0.1663;01:55:00;—;+4.00;02:00
XLMUSDT;XLMUSDT;S2;1.80;COMPRAR;WIN;+4.00;0.1667;04:00:00;—;+8.00;04:05
XLMUSDT;XLMUSDT;S2;1.80;COMPRAR;WIN;+4.00;0.1664;04:10:00;—;+12.00;04:17
XLMUSDT;XLMUSDT;S2;1.80;COMPRAR;WIN;+4.00;0.1664;05:55:00;—;+16.00;06:00
XLMUSDT;XLMUSDT;S2;1.80;COMPRAR;LOSS;-5.00;0.1663;07:15:00;—;+20.00;07:20
XLMUSDT;XLMUSDT;S2;1.80;COMPRAR;WIN;+4.00;0.166;07:20:00;—;+24.00;07:25
XLMUSDT;XLMUSDT;S4;1.80;COMPRAR;WIN;+4.00;0.166;07:20:00;—;+28.00;07:25
XLMUSDT;XLMUSDT;S2;1.80;COMPRAR;EMPATE;+0.00;0.1661;07:25:00;—;+32.00;07:30
XLMUSDT;XLMUSDT;S2;1.80;COMPRAR;WIN;+4.00;0.1659;07:35:00;—;+36.00;07:40
XLMUSDT;XLMUSDT;S2;1.80;VENDER;EMPATE;+0.00;0.1673;09:10:00;—;+40.00;09:15
XLMUSDT;XLMUSDT;S4;1.80;VENDER;EMPATE;+0.00;0.1673;09:10:00;—;+44.00;09:15
XLMUSDT;XLMUSDT;S2;1.80;VENDER;LOSS;-5.00;0.1679;09:20:00;—;+48.00;09:25
XLMUSDT;XLMUSDT;S4;1.80;VENDER;LOSS;-5.00;0.1679;09:20:00;—;+52.00;09:25
XLMUSDT;XLMUSDT;S2;1.80;VENDER;EMPATE;+0.00;0.168;09:25:00;—;+56.00;09:31
XLMUSDT;XLMUSDT;S2;1.80;COMPRAR;WIN;+4.00;0.1663;10:35:00;—;+60.00;10:40
XLMUSDT;XLMUSDT;S4;1.80;COMPRAR;WIN;+4.00;0.1663;10:35:00;—;+64.00;10:40
XLMUSDT;XLMUSDT;S1;1.80;VENDER;LOSS;-5.00;0.1675;12:00:00;—;+68.00;12:05
XLMUSDT;XLMUSDT;S2;1.80;VENDER;LOSS;-5.00;0.1675;12:00:00;—;+72.00;12:05
XLMUSDT;XLMUSDT;S1;1.80;VENDER;EMPATE;+0.00;0.1678;12:05:00;—;+76.00;12:10
XLMUSDT;XLMUSDT;S2;1.80;VENDER;EMPATE;+0.00;0.1678;12:05:00;—;+80.00;12:10
XLMUSDT;XLMUSDT;S1;1.80;VENDER;WIN;+4.00;0.1678;12:10:00;—;+84.00;12:15
XLMUSDT;XLMUSDT;S2;1.80;VENDER;WIN;+4.00;0.1678;12:10:00;—;+88.00;12:15
XLMUSDT;XLMUSDT;S1;1.80;COMPRAR;WIN;+4.00;0.1665;13:00:00;—;+92.00;13:05
XLMUSDT;XLMUSDT;S2;1.80;COMPRAR;WIN;+4.00;0.1665;13:00:00;—;+96.00;13:05
XLMUSDT;XLMUSDT;S1;1.80;VENDER;EMPATE;+0.00;0.1681;15:00:00;—;+0.00;15:05
XLMUSDT;XLMUSDT;S2;1.80;VENDER;EMPATE;+0.00;0.1681;15:00:00;—;+4.00;15:05
XLMUSDT;XLMUSDT;S2;1.80;COMPRAR;LOSS;-5.00;0.1666;18:05:00;—;+8.00;18:10
XLMUSDT;XLMUSDT;S2;1.80;COMPRAR;WIN;+4.00;0.1665;18:10:00;—;+12.00;18:15
XLMUSDT;XLMUSDT;S1;1.80;COMPRAR;WIN;+4.00;0.1638;21:10:00;—;+0.00;21:15
XLMUSDT;XLMUSDT;S2;1.80;COMPRAR;WIN;+4.00;0.1638;21:10:00;—;+4.00;21:15
XLMUSDT;XLMUSDT;S3;1.80;COMPRAR;WIN;+4.00;0.1638;21:10:00;—;+8.00;21:15
XLMUSDT;XLMUSDT;S4;1.80;COMPRAR;WIN;+4.00;0.1638;21:10:00;—;+12.00;21:15
XLMUSDT;XLMUSDT;S1;1.80;COMPRAR;LOSS;-5.00;0.1625;23:00:00;—;+16.00;23:05
XLMUSDT;XLMUSDT;S2;1.80;COMPRAR;LOSS;-5.00;0.1625;23:00:00;—;+20.00;23:05
XLMUSDT;XLMUSDT;S3;1.80;COMPRAR;LOSS;-5.00;0.1625;23:00:00;—;+24.00;23:05
XLMUSDT;XLMUSDT;S4;1.80;COMPRAR;LOSS;-5.00;0.1625;23:00:00;—;+28.00;23:05
XLMUSDT;XLMUSDT;S1;1.80;COMPRAR;LOSS;-5.00;0.1617;23:05:00;—;+32.00;23:10
XLMUSDT;XLMUSDT;S2;1.80;COMPRAR;LOSS;-5.00;0.1617;23:05:00;—;+36.00;23:10
XLMUSDT;XLMUSDT;S3;1.80;COMPRAR;LOSS;-5.00;0.1617;23:05:00;—;+40.00;23:10
XLMUSDT;XLMUSDT;S4;1.80;COMPRAR;LOSS;-5.00;0.1617;23:05:00;—;+44.00;23:10
XLMUSDT;XLMUSDT;S1;1.80;COMPRAR;LOSS;-5.00;0.1616;23:10:00;—;+48.00;23:15
XLMUSDT;XLMUSDT;S2;1.80;COMPRAR;LOSS;-5.00;0.1616;23:10:00;—;+52.00;23:15
XLMUSDT;XLMUSDT;S3;1.80;COMPRAR;LOSS;-5.00;0.1616;23:10:00;—;+56.00;23:15
XLMUSDT;XLMUSDT;S1;1.80;COMPRAR;LOSS;-5.00;0.1613;23:15:00;—;+60.00;23:20
XLMUSDT;XLMUSDT;S2;1.80;COMPRAR;LOSS;-5.00;0.1613;23:15:00;—;+64.00;23:20
XLMUSDT;XLMUSDT;S3;1.80;COMPRAR;LOSS;-5.00;0.1613;23:15:00;—;+68.00;23:20
XLMUSDT;XLMUSDT;S1;1.80;COMPRAR;WIN;+4.00;0.1606;23:20:00;—;+72.00;23:25
XLMUSDT;XLMUSDT;S2;1.80;COMPRAR;WIN;+4.00;0.1606;23:20:00;—;+76.00;23:25
XLMUSDT;XLMUSDT;S3;1.80;COMPRAR;WIN;+4.00;0.1606;23:20:00;—;+80.00;23:25
XLMUSDT;XLMUSDT;S4;1.80;COMPRAR;WIN;+4.00;0.1606;23:20:00;—;+84.00;23:25
XLMUSDT;XLMUSDT;S3;1.80;COMPRAR;WIN;+4.00;0.1609;23:25:00;—;+88.00;23:30
XLMUSDT;XLMUSDT;S1;1.80;VENDER;WIN;+4.00;0.1628;02:10:00;—;+92.00;02:15
XLMUSDT;XLMUSDT;S2;1.80;VENDER;WIN;+4.00;0.1628;02:10:00;—;+96.00;02:15
XLMUSDT;XLMUSDT;S2;1.80;VENDER;WIN;+4.00;0.1627;02:15:00;—;+100.00;02:20
XLMUSDT;XLMUSDT;S2;1.80;COMPRAR;WIN;+4.00;0.162;04:10:00;—;+104.00;04:17
XLMUSDT;XLMUSDT;S2;1.80;COMPRAR;EMPATE;+0.00;0.162;04:50:00;—;+108.00;04:56
XLMUSDT;XLMUSDT;S2;1.80;COMPRAR;WIN;+4.00;0.1617;05:05:00;—;+112.00;05:10
XLMUSDT;XLMUSDT;S4;1.80;COMPRAR;WIN;+4.00;0.1617;05:05:00;—;+116.00;05:10
XLMUSDT;XLMUSDT;S1;1.80;COMPRAR;WIN;+4.00;0.1602;06:15:00;—;+120.00;06:22
XLMUSDT;XLMUSDT;S2;1.80;COMPRAR;WIN;+4.00;0.1602;06:15:00;—;+124.00;06:22
XLMUSDT;XLMUSDT;S3;1.80;COMPRAR;WIN;+4.00;0.1602;06:15:00;—;+128.00;06:22
XLMUSDT;XLMUSDT;S4;1.80;COMPRAR;WIN;+4.00;0.1602;06:15:00;—;+132.00;06:22
XLMUSDT;XLMUSDT;S1;1.80;COMPRAR;LOSS;-5.00;0.1603;06:20:00;—;+136.00;06:25
XLMUSDT;XLMUSDT;S2;1.80;COMPRAR;LOSS;-5.00;0.1603;06:20:00;—;+140.00;06:25
XLMUSDT;XLMUSDT;S1;1.80;COMPRAR;WIN;+4.00;0.16;06:25:00;—;+144.00;06:31
XLMUSDT;XLMUSDT;S2;1.80;COMPRAR;WIN;+4.00;0.16;06:25:00;—;+148.00;06:31
XLMUSDT;XLMUSDT;S3;1.80;COMPRAR;WIN;+4.00;0.16;06:25:00;—;+152.00;06:31
XLMUSDT;XLMUSDT;S1;1.80;VENDER;EMPATE;+0.00;0.163;14:10:00;—;+0.00;14:15
XLMUSDT;XLMUSDT;S2;1.80;VENDER;EMPATE;+0.00;0.163;14:10:00;—;+4.00;14:15
XLMUSDT;XLMUSDT;S3;1.80;VENDER;EMPATE;+0.00;0.163;14:10:00;—;+8.00;14:15
XLMUSDT;XLMUSDT;S4;1.80;VENDER;EMPATE;+0.00;0.163;14:10:00;—;+12.00;14:15
XLMUSDT;XLMUSDT;S3;1.80;VENDER;WIN;+4.00;0.163;14:15:00;—;+16.00;14:20
XLMUSDT;XLMUSDT;S3;1.80;VENDER;WIN;+4.00;0.1634;14:35:00;—;+20.00;14:40
XLMUSDT;XLMUSDT;S1;1.80;COMPRAR;LOSS;-5.00;0.1623;15:35:00;—;+24.00;15:40
XLMUSDT;XLMUSDT;S2;1.80;COMPRAR;LOSS;-5.00;0.1623;15:35:00;—;+28.00;15:40
XLMUSDT;XLMUSDT;S1;1.80;COMPRAR;LOSS;-5.00;0.1622;15:40:00;—;+32.00;15:45
XLMUSDT;XLMUSDT;S2;1.80;COMPRAR;LOSS;-5.00;0.1622;15:40:00;—;+36.00;15:45
XLMUSDT;XLMUSDT;S1;1.80;COMPRAR;LOSS;-5.00;0.1618;15:45:00;—;+40.00;15:50
XLMUSDT;XLMUSDT;S2;1.80;COMPRAR;LOSS;-5.00;0.1618;15:45:00;—;+44.00;15:50
XLMUSDT;XLMUSDT;S3;1.80;COMPRAR;LOSS;-5.00;0.1618;15:45:00;—;+48.00;15:50
XLMUSDT;XLMUSDT;S4;1.80;COMPRAR;LOSS;-5.00;0.1618;15:45:00;—;+52.00;15:50
XLMUSDT;XLMUSDT;S1;1.80;COMPRAR;LOSS;-5.00;0.1615;15:50:00;—;+56.00;15:55
XLMUSDT;XLMUSDT;S2;1.80;COMPRAR;LOSS;-5.00;0.1615;15:50:00;—;+60.00;15:55
XLMUSDT;XLMUSDT;S3;1.80;COMPRAR;LOSS;-5.00;0.1615;15:50:00;—;+64.00;15:55
XLMUSDT;XLMUSDT;S4;1.80;COMPRAR;LOSS;-5.00;0.1615;15:50:00;—;+68.00;15:55
XLMUSDT;XLMUSDT;S1;1.80;COMPRAR;WIN;+4.00;0.1614;15:55:00;—;+72.00;16:00
XLMUSDT;XLMUSDT;S2;1.80;COMPRAR;WIN;+4.00;0.1614;15:55:00;—;+76.00;16:00
XLMUSDT;XLMUSDT;S3;1.80;COMPRAR;WIN;+4.00;0.1614;15:55:00;—;+80.00;16:00
XLMUSDT;XLMUSDT;S3;1.80;COMPRAR;LOSS;-5.00;0.1614;16:10:00;—;+84.00;16:15
XLMUSDT;XLMUSDT;S4;1.80;COMPRAR;LOSS;-5.00;0.1611;16:20:00;—;+88.00;16:25
XLMUSDT;XLMUSDT;S4;1.80;COMPRAR;EMPATE;+0.00;0.1608;16:35:00;—;+92.00;16:40
XLMUSDT;XLMUSDT;S2;1.80;VENDER;LOSS;-5.00;0.1613;18:25:00;—;+0.00;18:30
XLMUSDT;XLMUSDT;S2;1.80;VENDER;WIN;+4.00;0.1616;18:30:00;—;+4.00;18:35
XLMUSDT;XLMUSDT;S2;1.80;VENDER;EMPATE;+0.00;0.1615;18:35:00;—;+8.00;18:40
XLMUSDT;XLMUSDT;S2;1.80;VENDER;EMPATE;+0.00;0.1618;18:50:00;—;+12.00;18:55
XLMUSDT;XLMUSDT;S2;1.80;VENDER;WIN;+4.00;0.1621;21:55:00;—;+0.00;22:00
XLMUSDT;XLMUSDT;S4;1.80;VENDER;WIN;+4.00;0.1621;21:55:00;—;+4.00;22:00
XLMUSDT;XLMUSDT;S2;1.80;VENDER;WIN;+4.00;0.1623;22:05:00;—;+8.00;22:10
XLMUSDT;XLMUSDT;S2;1.80;VENDER;WIN;+4.00;0.163144;23:05:00;—;+12.00;23:10
XLMUSDT;XLMUSDT;S4;1.80;VENDER;WIN;+4.00;0.163144;23:05:00;—;+16.00;23:10
XLMUSDT;XLMUSDT;S1;1.80;COMPRAR;LOSS;-5.00;0.1604;11:05:00;—;+0.00;11:10
XLMUSDT;XLMUSDT;S2;1.80;COMPRAR;LOSS;-5.00;0.1604;11:05:00;—;+4.00;11:10
XLMUSDT;XLMUSDT;S1;1.80;COMPRAR;LOSS;-5.00;0.1603;11:10:00;—;+8.00;11:15
XLMUSDT;XLMUSDT;S2;1.80;COMPRAR;LOSS;-5.00;0.1603;11:10:00;—;+12.00;11:15
XLMUSDT;XLMUSDT;S1;1.80;COMPRAR;WIN;+4.00;0.1601;11:15:00;—;+16.00;11:20
XLMUSDT;XLMUSDT;S2;1.80;COMPRAR;WIN;+4.00;0.1601;11:15:00;—;+20.00;11:20
XLMUSDT;XLMUSDT;S1;1.80;VENDER;WIN;+4.00;0.1611;13:15:00;—;+24.00;13:20
XLMUSDT;XLMUSDT;S2;1.80;VENDER;WIN;+4.00;0.1611;13:15:00;—;+28.00;13:20
XLMUSDT;XLMUSDT;S1;1.80;COMPRAR;LOSS;-5.00;0.1596;14:00:00;—;+32.00;14:05
XLMUSDT;XLMUSDT;S2;1.80;COMPRAR;LOSS;-5.00;0.1596;14:00:00;—;+36.00;14:05
XLMUSDT;XLMUSDT;S1;1.80;COMPRAR;LOSS;-5.00;0.15949;14:05:00;—;+40.00;14:10
XLMUSDT;XLMUSDT;S2;1.80;COMPRAR;LOSS;-5.00;0.15949;14:05:00;—;+44.00;14:10
XLMUSDT;XLMUSDT;S1;1.80;COMPRAR;LOSS;-5.00;0.1591;14:10:00;—;+48.00;14:15
XLMUSDT;XLMUSDT;S2;1.80;COMPRAR;LOSS;-5.00;0.1591;14:10:00;—;+52.00;14:15
XLMUSDT;XLMUSDT;S3;1.80;COMPRAR;LOSS;-5.00;0.1591;14:10:00;—;+56.00;14:15
XLMUSDT;XLMUSDT;S4;1.80;COMPRAR;LOSS;-5.00;0.1591;14:10:00;—;+60.00;14:15
XLMUSDT;XLMUSDT;S1;1.80;COMPRAR;WIN;+4.00;0.1588;14:15:00;—;+64.00;14:20
XLMUSDT;XLMUSDT;S2;1.80;COMPRAR;WIN;+4.00;0.1588;14:15:00;—;+68.00;14:20
XLMUSDT;XLMUSDT;S3;1.80;COMPRAR;WIN;+4.00;0.1588;14:15:00;—;+72.00;14:20
XLMUSDT;XLMUSDT;S4;1.80;COMPRAR;WIN;+4.00;0.1588;14:15:00;—;+76.00;14:20
XLMUSDT;XLMUSDT;S2;1.80;VENDER;LOSS;-5.00;0.16181;22:05:00;—;+0.00;22:10
XLMUSDT;XLMUSDT;S2;1.80;VENDER;EMPATE;+0.00;0.1619;22:10:00;—;+4.00;22:15
XLMUSDT;XLMUSDT;S2;1.80;VENDER;LOSS;-5.00;0.1619;22:15:00;—;+8.00;22:20
XLMUSDT;XLMUSDT;S2;1.80;VENDER;EMPATE;+0.00;0.1621;22:20:00;—;+12.00;22:25
XLMUSDT;XLMUSDT;S4;1.80;VENDER;EMPATE;+0.00;0.1621;22:20:00;—;+16.00;22:25
XLMUSDT;XLMUSDT;S2;1.80;VENDER;LOSS;-5.00;0.1621;22:25:00;—;+20.00;22:30
XLMUSDT;XLMUSDT;S2;1.80;VENDER;EMPATE;+0.00;0.1622;22:30:00;—;+24.00;22:35
XLMUSDT;XLMUSDT;S4;1.80;VENDER;LOSS;-5.00;0.16229;22:40:00;—;+28.00;22:45
XLMUSDT;XLMUSDT;S2;1.80;VENDER;WIN;+4.00;0.1625;22:45:00;—;+32.00;22:50
XLMUSDT;XLMUSDT;S4;1.80;VENDER;WIN;+4.00;0.1625;22:45:00;—;+36.00;22:50
XLMUSDT;XLMUSDT;S2;1.80;COMPRAR;EMPATE;+0.00;0.1635;08:15:00;—;+0.00;08:20
XLMUSDT;XLMUSDT;S2;1.80;COMPRAR;WIN;+4.00;0.1634;08:25:00;—;+4.00;08:30
XLMUSDT;XLMUSDT;S2;1.80;VENDER;WIN;+4.00;0.1655;11:15:00;—;+0.00;11:20
XLMUSDT;XLMUSDT;S2;1.80;VENDER;WIN;+4.00;0.1662;11:30:00;—;+4.00;11:35
XLMUSDT;XLMUSDT;S4;1.80;VENDER;WIN;+4.00;0.1662;11:30:00;—;+8.00;11:35
XLMUSDT;XLMUSDT;S2;1.80;VENDER;LOSS;-5.00;0.166;11:35:00;—;+12.00;11:40
XLMUSDT;XLMUSDT;S2;1.80;VENDER;AMEA;+0.00;0.1661;11:40:00;—;+16.00;11:50
XLMUSDT;XLMUSDT;S2;1.80;COMPRAR;WIN;+4.00;0.1658;13:15:00;—;+0.00;13:20
XLMUSDT;XLMUSDT;S2;1.80;COMPRAR;WIN;+4.00;0.1656;13:40:00;—;+4.00;13:45
XLMUSDT;XLMUSDT;S2;1.80;COMPRAR;WIN;+4.00;0.1652;15:10:00;—;+8.00;15:15
XLMUSDT;XLMUSDT;S2;1.80;COMPRAR;WIN;+4.00;0.1651;15:25:00;—;+12.00;15:30
XLMUSDT;XLMUSDT;S2;1.80;VENDER;WIN;+4.00;0.1643;19:15:00;—;+0.00;19:20
XLMUSDT;XLMUSDT;S2;1.80;COMPRAR;LOSS;-5.00;0.1631;19:35:00;—;+4.00;19:40
XLMUSDT;XLMUSDT;S2;1.80;COMPRAR;EMPATE;+0.00;0.1625;19:40:00;—;+8.00;19:45
XLMUSDT;XLMUSDT;S4;1.80;COMPRAR;EMPATE;+0.00;0.1625;19:40:00;—;+12.00;19:45
XLMUSDT;XLMUSDT;S2;1.80;COMPRAR;LOSS;-5.00;0.1625;19:45:00;—;+16.00;19:50
XLMUSDT;XLMUSDT;S2;1.80;COMPRAR;EMPATE;+0.00;0.162;19:50:00;—;+20.00;19:55
XLMUSDT;XLMUSDT;S4;1.80;COMPRAR;EMPATE;+0.00;0.162;19:50:00;—;+24.00;19:55
XLMUSDT;XLMUSDT;S2;1.80;COMPRAR;LOSS;-5.00;0.162;19:55:00;—;+28.00;20:00
XLMUSDT;XLMUSDT;S4;1.80;COMPRAR;LOSS;-5.00;0.1614;20:25:00;—;+32.00;20:30
XLMUSDT;XLMUSDT;S4;1.80;COMPRAR;LOSS;-5.00;0.1612;20:30:00;—;+36.00;20:35
XLMUSDT;XLMUSDT;S4;1.80;COMPRAR;WIN;+4.00;0.161;20:35:00;—;+40.00;20:40
XLMUSDT;XLMUSDT;S1;1.80;VENDER;LOSS;-5.00;0.1636;21:10:00;—;+44.00;21:15
XLMUSDT;XLMUSDT;S2;1.80;VENDER;LOSS;-5.00;0.1636;21:10:00;—;+48.00;21:15
XLMUSDT;XLMUSDT;S1;1.80;VENDER;WIN;+4.00;0.1642;21:15:00;—;+52.00;21:20
XLMUSDT;XLMUSDT;S2;1.80;VENDER;WIN;+4.00;0.1642;21:15:00;—;+56.00;21:20
XLMUSDT;XLMUSDT;S2;1.80;VENDER;LOSS;-5.00;0.1635;02:10:00;—;+60.00;02:15
XLMUSDT;XLMUSDT;S2;1.80;VENDER;LOSS;-5.00;0.1637;02:20:00;—;+64.00;02:26
XLMUSDT;XLMUSDT;S2;1.80;VENDER;LOSS;-5.00;0.1638;02:25:00;—;+68.00;02:31
XLMUSDT;XLMUSDT;S2;1.80;VENDER;LOSS;-5.00;0.1639;02:30:00;—;+72.00;02:36
XLMUSDT;XLMUSDT;S2;1.80;VENDER;WIN;+4.00;0.1641;02:40:00;—;+76.00;02:47
XLMUSDT;XLMUSDT;S4;1.80;VENDER;WIN;+4.00;0.1641;02:40:00;—;+80.00;02:47
XLMUSDT;XLMUSDT;S4;1.80;VENDER;WIN;+4.00;0.1643;02:55:00;—;+84.00;03:00
XLMUSDT;XLMUSDT;S2;1.80;VENDER;WIN;+4.00;0.1648;03:05:00;—;+88.00;03:11
XLMUSDT;XLMUSDT;S4;1.80;VENDER;WIN;+4.00;0.1648;03:05:00;—;+92.00;03:11
XLMUSDT;XLMUSDT;S2;1.80;VENDER;LOSS;-5.00;0.1649;04:05:00;—;+96.00;04:11
XLMUSDT;XLMUSDT;S1;1.80;VENDER;LOSS;-5.00;0.1653;04:10:00;—;+100.00;04:15
XLMUSDT;XLMUSDT;S2;1.80;VENDER;LOSS;-5.00;0.1653;04:10:00;—;+104.00;04:15
XLMUSDT;XLMUSDT;S1;1.80;VENDER;LOSS;-5.00;0.1656;04:15:00;—;+108.00;04:21
XLMUSDT;XLMUSDT;S2;1.80;VENDER;LOSS;-5.00;0.1656;04:15:00;—;+112.00;04:21
XLMUSDT;XLMUSDT;S3;1.80;VENDER;LOSS;-5.00;0.1656;04:15:00;—;+116.00;04:21
XLMUSDT;XLMUSDT;S4;1.80;VENDER;LOSS;-5.00;0.1656;04:15:00;—;+120.00;04:21
XLMUSDT;XLMUSDT;S1;1.80;VENDER;EMPATE;+0.00;0.1657;04:20:00;—;+124.00;04:26
XLMUSDT;XLMUSDT;S2;1.80;VENDER;EMPATE;+0.00;0.1657;04:20:00;—;+128.00;04:26
XLMUSDT;XLMUSDT;S3;1.80;VENDER;EMPATE;+0.00;0.1657;04:20:00;—;+132.00;04:26
XLMUSDT;XLMUSDT;S1;1.80;VENDER;WIN;+4.00;0.1657;04:25:00;—;+136.00;04:31
XLMUSDT;XLMUSDT;S2;1.80;VENDER;WIN;+4.00;0.1657;04:25:00;—;+140.00;04:31
XLMUSDT;XLMUSDT;S3;1.80;VENDER;WIN;+4.00;0.1657;04:25:00;—;+144.00;04:31
XLMUSDT;XLMUSDT;S4;1.80;VENDER;WIN;+4.00;0.1659;04:35:00;—;+148.00;04:40
XLMUSDT;XLMUSDT;S4;1.80;COMPRAR;WIN;+4.00;0.1638;07:00:00;—;+0.00;07:05
XLMUSDT;XLMUSDT;S2;1.80;VENDER;WIN;+4.00;0.1641;09:05:00;—;+4.00;09:10
XLMUSDT;XLMUSDT;S2;1.80;COMPRAR;EMPATE;+0.00;0.1631;10:00:00;—;+8.00;10:05
XLMUSDT;XLMUSDT;S2;1.80;VENDER;LOSS;-5.00;0.1628;16:25:00;—;+0.00;16:30
XLMUSDT;XLMUSDT;S2;1.80;VENDER;LOSS;-5.00;0.1631;16:30:00;—;+4.00;16:35
XLMUSDT;XLMUSDT;S4;1.80;VENDER;LOSS;-5.00;0.1631;16:30:00;—;+8.00;16:35
XLMUSDT;XLMUSDT;S2;1.80;VENDER;WIN;+4.00;0.1632;16:35:00;—;+12.00;16:40
XLMUSDT;XLMUSDT;S4;1.80;VENDER;WIN;+4.00;0.1632;16:35:00;—;+16.00;16:40
XLMUSDT;XLMUSDT;S2;1.80;COMPRAR;EMPATE;+0.00;0.1623;18:25:00;—;+20.00;18:30
XLMUSDT;XLMUSDT;S2;1.80;COMPRAR;LOSS;-5.00;0.1621;18:55:00;—;+24.00;19:00
XLMUSDT;XLMUSDT;S2;1.80;COMPRAR;LOSS;-5.00;0.1618;19:00:00;—;+28.00;19:05
XLMUSDT;XLMUSDT;S2;1.80;COMPRAR;EMPATE;+0.00;0.1615;19:05:00;—;+32.00;19:10
XLMUSDT;XLMUSDT;S4;1.80;COMPRAR;EMPATE;+0.00;0.1615;19:05:00;—;+36.00;19:10
XLMUSDT;XLMUSDT;S2;1.80;COMPRAR;WIN;+4.00;0.1615;19:10:00;—;+40.00;19:15
XLMUSDT;XLMUSDT;S2;1.80;VENDER;LOSS;-5.00;0.1617;21:15:00;—;+44.00;21:20
XLMUSDT;XLMUSDT;S2;1.80;VENDER;EMPATE;+0.00;0.1618;21:20:00;—;+48.00;21:25
XLMUSDT;XLMUSDT;S2;1.80;COMPRAR;LOSS;-5.00;0.1605;07:15:00;—;+0.00;07:20
XLMUSDT;XLMUSDT;S2;1.80;COMPRAR;EMPATE;+0.00;0.1603;07:20:00;—;+4.00;07:25
XLMUSDT;XLMUSDT;S4;1.80;COMPRAR;EMPATE;+0.00;0.1603;07:20:00;—;+8.00;07:25
XLMUSDT;XLMUSDT;S2;1.80;COMPRAR;WIN;+4.00;0.1603;07:25:00;—;+12.00;07:30
XLMUSDT;XLMUSDT;S2;1.80;COMPRAR;EMPATE;+0.00;0.1604;09:50:00;—;+0.00;09:55
XLMUSDT;XLMUSDT;S2;1.80;VENDER;WIN;+4.00;0.161;10:50:00;—;+4.00;10:55
XLMUSDT;XLMUSDT;S2;1.80;VENDER;LOSS;-5.00;0.1612;11:00:00;—;+8.00;11:05
XLMUSDT;XLMUSDT;S2;1.80;VENDER;WIN;+4.00;0.1613;11:05:00;—;+12.00;11:10
XLMUSDT;XLMUSDT;S2;1.80;COMPRAR;LOSS;-5.00;0.1602;11:50:00;—;+16.00;11:55
XLMUSDT;XLMUSDT;S1;1.80;COMPRAR;LOSS;-5.00;0.1594;11:55:00;—;+20.00;12:00
XLMUSDT;XLMUSDT;S2;1.80;COMPRAR;LOSS;-5.00;0.1594;11:55:00;—;+24.00;12:00
XLMUSDT;XLMUSDT;S3;1.80;COMPRAR;LOSS;-5.00;0.1594;11:55:00;—;+28.00;12:00
XLMUSDT;XLMUSDT;S4;1.80;COMPRAR;LOSS;-5.00;0.1594;11:55:00;—;+32.00;12:00
XLMUSDT;XLMUSDT;S1;1.80;COMPRAR;LOSS;-5.00;0.1592;12:00:00;—;+36.00;12:05
XLMUSDT;XLMUSDT;S2;1.80;COMPRAR;LOSS;-5.00;0.1592;12:00:00;—;+40.00;12:05
XLMUSDT;XLMUSDT;S3;1.80;COMPRAR;LOSS;-5.00;0.1592;12:00:00;—;+44.00;12:05
XLMUSDT;XLMUSDT;S4;1.80;COMPRAR;LOSS;-5.00;0.1592;12:00:00;—;+48.00;12:05
XLMUSDT;XLMUSDT;S1;1.80;COMPRAR;WIN;+4.00;0.15919;12:05:00;—;+52.00;12:10
XLMUSDT;XLMUSDT;S2;1.80;COMPRAR;WIN;+4.00;0.15919;12:05:00;—;+56.00;12:10
XLMUSDT;XLMUSDT;S3;1.80;COMPRAR;WIN;+4.00;0.15919;12:05:00;—;+60.00;12:10
XLMUSDT;XLMUSDT;S1;1.80;VENDER;WIN;+4.00;0.1607;13:25:00;—;+64.00;13:30
XLMUSDT;XLMUSDT;S2;1.80;VENDER;WIN;+4.00;0.1607;13:25:00;—;+68.00;13:30
XLMUSDT;XLMUSDT;S1;1.80;VENDER;EMPATE;+0.00;0.161;14:40:00;—;+72.00;14:45
XLMUSDT;XLMUSDT;S2;1.80;VENDER;EMPATE;+0.00;0.161;14:40:00;—;+76.00;14:45
XLMUSDT;XLMUSDT;S2;1.80;COMPRAR;WIN;+4.00;0.1606;16:10:00;—;+80.00;16:15
XLMUSDT;XLMUSDT;S2;1.80;VENDER;LOSS;-5.00;0.1614;16:55:00;—;+84.00;17:00
XLMUSDT;XLMUSDT;S2;1.80;VENDER;EMPATE;+0.00;0.1617;17:00:00;—;+88.00;17:05
XLMUSDT;XLMUSDT;S4;1.80;VENDER;EMPATE;+0.00;0.1617;17:00:00;—;+92.00;17:05
XLMUSDT;XLMUSDT;S2;1.80;VENDER;LOSS;-5.00;0.1617;17:05:00;—;+96.00;17:10
XLMUSDT;XLMUSDT;S2;1.80;VENDER;LOSS;-5.00;0.1618;17:10:00;—;+100.00;17:15
XLMUSDT;XLMUSDT;S1;1.80;VENDER;WIN;+4.00;0.1621;17:15:00;—;+104.00;17:20
XLMUSDT;XLMUSDT;S2;1.80;VENDER;WIN;+4.00;0.1621;17:15:00;—;+108.00;17:20
XLMUSDT;XLMUSDT;S3;1.80;VENDER;WIN;+4.00;0.1621;17:15:00;—;+112.00;17:20
XLMUSDT;XLMUSDT;S2;1.80;VENDER;LOSS;-5.00;0.1624;18:55:00;—;+116.00;19:00
XLMUSDT;XLMUSDT;S2;1.80;VENDER;EMPATE;+0.00;0.1626;19:00:00;—;+120.00;19:05
XLMUSDT;XLMUSDT;S2;1.80;VENDER;WIN;+4.00;0.1626;19:05:00;—;+124.00;19:10
XLMUSDT;XLMUSDT;S2;1.80;VENDER;WIN;+4.00;0.1626;23:05:00;—;+0.00;23:10
XLMUSDT;XLMUSDT;S2;1.80;COMPRAR;WIN;+4.00;0.1616;01:35:00;—;+4.00;01:40
XLMUSDT;XLMUSDT;S2;1.80;VENDER;WIN;+4.00;0.1623;02:00:00;—;+8.00;02:05
XLMUSDT;XLMUSDT;S2;1.80;COMPRAR;EMPATE;+0.00;0.1614;02:40:00;—;+12.00;02:45
XLMUSDT;XLMUSDT;S2;1.80;COMPRAR;LOSS;-5.00;0.1614;02:45:00;—;+16.00;02:50
XLMUSDT;XLMUSDT;S2;1.80;COMPRAR;LOSS;-5.00;0.1612;02:50:00;—;+20.00;02:55
XLMUSDT;XLMUSDT;S4;1.80;COMPRAR;LOSS;-5.00;0.1612;02:50:00;—;+24.00;02:55
XLMUSDT;XLMUSDT;S2;1.80;COMPRAR;WIN;+4.00;0.1611;02:55:00;—;+28.00;03:00
XLMUSDT;XLMUSDT;S2;1.80;COMPRAR;WIN;+4.00;0.1606;03:15:00;—;+32.00;03:20
XLMUSDT;XLMUSDT;S4;1.80;COMPRAR;WIN;+4.00;0.1606;03:15:00;—;+36.00;03:20
XLMUSDT;XLMUSDT;S4;1.80;COMPRAR;LOSS;-5.00;0.16;03:35:00;—;+40.00;03:40
XLMUSDT;XLMUSDT;S4;1.80;COMPRAR;WIN;+4.00;0.1597;03:45:00;—;+44.00;03:50
XLMUSDT;XLMUSDT;S2;1.80;COMPRAR;LOSS;-5.00;0.1603;05:40:00;—;+48.00;05:45
XLMUSDT;XLMUSDT;S2;1.80;COMPRAR;WIN;+4.00;0.1598;05:45:00;—;+52.00;05:50
XLMUSDT;XLMUSDT;S4;1.80;COMPRAR;WIN;+4.00;0.1598;05:45:00;—;+56.00;05:50
XLMUSDT;XLMUSDT;S2;1.80;VENDER;LOSS;-5.00;0.1613;06:25:00;—;+60.00;06:30
XLMUSDT;XLMUSDT;S2;1.80;VENDER;WIN;+4.00;0.1615;06:30:00;—;+64.00;06:35
XLMUSDT;XLMUSDT;S4;1.80;VENDER;WIN;+4.00;0.1615;06:30:00;—;+68.00;06:35
XLMUSDT;XLMUSDT;S2;1.80;VENDER;WIN;+4.00;0.1617;06:40:00;—;+72.00;06:45
XLMUSDT;XLMUSDT;S2;1.80;VENDER;WIN;+4.00;0.16151;09:20:00;—;+0.00;09:25
XLMUSDT;XLMUSDT;S2;1.80;VENDER;EMPATE;+0.00;0.1621;09:30:00;—;+4.00;09:35
XLMUSDT;XLMUSDT;S1;1.80;VENDER;WIN;+4.00;0.1621;09:35:00;—;+8.00;09:40
XLMUSDT;XLMUSDT;S2;1.80;VENDER;WIN;+4.00;0.1621;09:35:00;—;+12.00;09:40
AUDCHF;AUDCHF;S2;1.90;VENDER;WIN;+4.50;0.57471;10:50:00;—;+18.00;10:55
XLMUSDT;XLMUSDT;S1;1.80;COMPRAR;EMPATE;+0.00;0.161;11:05:00;—;+20.00;11:10
XLMUSDT;XLMUSDT;S2;1.80;COMPRAR;EMPATE;+0.00;0.161;11:05:00;—;+24.00;11:10
XLMUSDT;XLMUSDT;S1;1.80;COMPRAR;WIN;+4.00;0.161;11:10:00;—;+28.00;11:15
XLMUSDT;XLMUSDT;S2;1.80;COMPRAR;WIN;+4.00;0.161;11:10:00;—;+32.00;11:15
XLMUSDT;XLMUSDT;S1;1.80;COMPRAR;LOSS;-5.00;0.1607;11:20:00;—;+36.00;11:25
XLMUSDT;XLMUSDT;S2;1.80;COMPRAR;LOSS;-5.00;0.1607;11:20:00;—;+40.00;11:25
XLMUSDT;XLMUSDT;S1;1.80;COMPRAR;LOSS;-5.00;0.1603;11:25:00;—;+44.00;11:30
XLMUSDT;XLMUSDT;S2;1.80;COMPRAR;LOSS;-5.00;0.1603;11:25:00;—;+48.00;11:30
XLMUSDT;XLMUSDT;S1;1.80;COMPRAR;WIN;+4.00;0.1603;11:30:00;—;+52.00;11:35
XLMUSDT;XLMUSDT;S2;1.80;COMPRAR;WIN;+4.00;0.1603;11:30:00;—;+56.00;11:35
XLMUSDT;XLMUSDT;S1;1.80;COMPRAR;LOSS;-5.00;0.1592;11:40:00;—;+60.00;11:45
XLMUSDT;XLMUSDT;S2;1.80;COMPRAR;LOSS;-5.00;0.1592;11:40:00;—;+64.00;11:45
XLMUSDT;XLMUSDT;S3;1.80;COMPRAR;LOSS;-5.00;0.1592;11:40:00;—;+68.00;11:45
XLMUSDT;XLMUSDT;S4;1.80;COMPRAR;LOSS;-5.00;0.1592;11:40:00;—;+72.00;11:45
XLMUSDT;XLMUSDT;S1;1.80;COMPRAR;EMPATE;+0.00;0.1591;11:45:00;—;+76.00;11:50
XLMUSDT;XLMUSDT;S2;1.80;COMPRAR;EMPATE;+0.00;0.1591;11:45:00;—;+80.00;11:50
XLMUSDT;XLMUSDT;S3;1.80;COMPRAR;EMPATE;+0.00;0.1591;11:45:00;—;+84.00;11:50
XLMUSDT;XLMUSDT;S4;1.80;COMPRAR;EMPATE;+0.00;0.1591;11:45:00;—;+88.00;11:50
XLMUSDT;XLMUSDT;S1;1.80;COMPRAR;LOSS;-5.00;0.1591;11:50:00;—;+92.00;11:55
XLMUSDT;XLMUSDT;S2;1.80;COMPRAR;LOSS;-5.00;0.1591;11:50:00;—;+96.00;11:55
XLMUSDT;XLMUSDT;S3;1.80;COMPRAR;LOSS;-5.00;0.1591;11:50:00;—;+100.00;11:55
XLMUSDT;XLMUSDT;S1;1.80;COMPRAR;WIN;+4.00;0.1586;11:55:00;—;+104.00;12:00
XLMUSDT;XLMUSDT;S2;1.80;COMPRAR;WIN;+4.00;0.1586;11:55:00;—;+108.00;12:00
XLMUSDT;XLMUSDT;S3;1.80;COMPRAR;WIN;+4.00;0.1586;11:55:00;—;+112.00;12:00
XLMUSDT;XLMUSDT;S1;1.80;COMPRAR;EMPATE;+0.00;0.159;13:40:00;—;+116.00;13:45
XLMUSDT;XLMUSDT;S2;1.80;COMPRAR;EMPATE;+0.00;0.159;13:40:00;—;+120.00;13:45
XLMUSDT;XLMUSDT;S1;1.80;COMPRAR;EMPATE;+0.00;0.1585;13:50:00;—;+124.00;13:55
XLMUSDT;XLMUSDT;S2;1.80;COMPRAR;EMPATE;+0.00;0.1585;13:50:00;—;+128.00;13:55
XLMUSDT;XLMUSDT;S3;1.80;COMPRAR;EMPATE;+0.00;0.1585;13:50:00;—;+132.00;13:55
XLMUSDT;XLMUSDT;S4;1.80;COMPRAR;EMPATE;+0.00;0.1585;13:50:00;—;+136.00;13:55
XLMUSDT;XLMUSDT;S1;1.80;COMPRAR;WIN;+4.00;0.1585;13:55:00;—;+140.00;14:00
XLMUSDT;XLMUSDT;S2;1.80;COMPRAR;WIN;+4.00;0.1585;13:55:00;—;+144.00;14:00
XLMUSDT;XLMUSDT;S3;1.80;COMPRAR;WIN;+4.00;0.1585;13:55:00;—;+148.00;14:00
XLMUSDT;XLMUSDT;S1;1.80;COMPRAR;LOSS;-5.00;0.158081;19:05:00;—;+0.00;19:10
XLMUSDT;XLMUSDT;S2;1.80;COMPRAR;LOSS;-5.00;0.158081;19:05:00;—;+4.00;19:10
XLMUSDT;XLMUSDT;S1;1.80;COMPRAR;WIN;+4.00;0.158;19:10:00;—;+8.00;19:15
XLMUSDT;XLMUSDT;S2;1.80;COMPRAR;WIN;+4.00;0.158;19:10:00;—;+12.00;19:15
XLMUSDT;XLMUSDT;S1;1.80;VENDER;EMPATE;+0.00;0.1596;20:50:00;—;+16.00;20:55
XLMUSDT;XLMUSDT;S2;1.80;VENDER;EMPATE;+0.00;0.1596;20:50:00;—;+20.00;20:55
XLMUSDT;XLMUSDT;S1;1.80;VENDER;WIN;+4.00;0.1596;20:55:00;—;+24.00;21:00
XLMUSDT;XLMUSDT;S2;1.80;VENDER;WIN;+4.00;0.1596;20:55:00;—;+28.00;21:00
XLMUSDT;XLMUSDT;S1;1.80;VENDER;LOSS;-5.00;0.1599;21:10:00;—;+32.00;21:15
XLMUSDT;XLMUSDT;S2;1.80;VENDER;LOSS;-5.00;0.1599;21:10:00;—;+36.00;21:15
XLMUSDT;XLMUSDT;S1;1.80;VENDER;WIN;+4.00;0.1604;21:15:00;—;+40.00;21:20
XLMUSDT;XLMUSDT;S2;1.80;VENDER;WIN;+4.00;0.1604;21:15:00;—;+44.00;21:20
XLMUSDT;XLMUSDT;S3;1.80;VENDER;WIN;+4.00;0.1604;21:15:00;—;+48.00;21:20
XLMUSDT;XLMUSDT;S4;1.80;VENDER;WIN;+4.00;0.1604;21:15:00;—;+52.00;21:20
XLMUSDT;XLMUSDT;S1;1.80;VENDER;LOSS;-5.00;0.1603;21:20:00;—;+56.00;21:25
XLMUSDT;XLMUSDT;S2;1.80;VENDER;LOSS;-5.00;0.1603;21:20:00;—;+60.00;21:25
XLMUSDT;XLMUSDT;S3;1.80;VENDER;WIN;+4.00;0.1604;21:25:00;—;+64.00;21:30
XLMUSDT;XLMUSDT;S3;1.80;VENDER;WIN;+4.00;0.1604;21:30:00;—;+68.00;21:35
XLMUSDT;XLMUSDT;S2;1.80;VENDER;LOSS;-5.00;0.1606;23:55:00;—;+72.00;00:00
XLMUSDT;XLMUSDT;S1;1.80;VENDER;LOSS;-5.00;0.1613;00:00:00;—;+76.00;00:05
XLMUSDT;XLMUSDT;S2;1.80;VENDER;LOSS;-5.00;0.1613;00:00:00;—;+80.00;00:05
XLMUSDT;XLMUSDT;S3;1.80;VENDER;LOSS;-5.00;0.1613;00:00:00;—;+84.00;00:05
XLMUSDT;XLMUSDT;S4;1.80;VENDER;LOSS;-5.00;0.1613;00:00:00;—;+88.00;00:05
XLMUSDT;XLMUSDT;S1;1.80;VENDER;LOSS;-5.00;0.1614;00:05:00;—;+92.00;00:10
XLMUSDT;XLMUSDT;S2;1.80;VENDER;LOSS;-5.00;0.1614;00:05:00;—;+96.00;00:10
XLMUSDT;XLMUSDT;S3;1.80;VENDER;LOSS;-5.00;0.1614;00:05:00;—;+100.00;00:10
XLMUSDT;XLMUSDT;S1;1.80;VENDER;LOSS;-5.00;0.1615;00:10:00;—;+104.00;00:15
XLMUSDT;XLMUSDT;S2;1.80;VENDER;LOSS;-5.00;0.1615;00:10:00;—;+108.00;00:15
XLMUSDT;XLMUSDT;S3;1.80;VENDER;LOSS;-5.00;0.1615;00:10:00;—;+112.00;00:15
XLMUSDT;XLMUSDT;S1;1.80;VENDER;LOSS;-5.00;0.1617;00:15:00;—;+116.00;00:20
XLMUSDT;XLMUSDT;S2;1.80;VENDER;LOSS;-5.00;0.1617;00:15:00;—;+120.00;00:20
XLMUSDT;XLMUSDT;S3;1.80;VENDER;LOSS;-5.00;0.1617;00:15:00;—;+124.00;00:20
XLMUSDT;XLMUSDT;S4;1.80;VENDER;LOSS;-5.00;0.1617;00:15:00;—;+128.00;00:20
XLMUSDT;XLMUSDT;S1;1.80;VENDER;EMPATE;+0.00;0.1619;00:20:00;—;+132.00;00:25
XLMUSDT;XLMUSDT;S2;1.80;VENDER;EMPATE;+0.00;0.1619;00:20:00;—;+136.00;00:25
XLMUSDT;XLMUSDT;S3;1.80;VENDER;EMPATE;+0.00;0.1619;00:20:00;—;+140.00;00:25
XLMUSDT;XLMUSDT;S4;1.80;VENDER;EMPATE;+0.00;0.1619;00:20:00;—;+144.00;00:25
XLMUSDT;XLMUSDT;S3;1.80;VENDER;LOSS;-5.00;0.1619;00:25:00;—;+148.00;00:30
XLMUSDT;XLMUSDT;S3;1.80;VENDER;WIN;+4.00;0.162;00:30:00;—;+152.00;00:35
XLMUSDT;XLMUSDT;S3;1.80;VENDER;WIN;+4.00;0.1621;00:40:00;—;+156.00;00:45
XLMUSDT;XLMUSDT;S3;1.80;VENDER;LOSS;-5.00;0.1621;00:45:00;—;+160.00;00:50
XLMUSDT;XLMUSDT;S3;1.80;VENDER;EMPATE;+0.00;0.1623;00:50:00;—;+164.00;00:55
XLMUSDT;XLMUSDT;S3;1.80;VENDER;EMPATE;+0.00;0.1623;00:55:00;—;+168.00;01:00
XLMUSDT;XLMUSDT;S3;1.80;VENDER;WIN;+4.00;0.1623;01:00:00;—;+172.00;01:05
XLMUSDT;XLMUSDT;S2;1.80;COMPRAR;EMPATE;+0.00;0.1613;01:55:00;—;+176.00;02:00
XLMUSDT;XLMUSDT;S2;1.80;COMPRAR;EMPATE;+0.00;0.1609;06:10:00;—;+0.00;06:15
XLMUSDT;XLMUSDT;S2;1.80;COMPRAR;EMPATE;+0.00;0.1609;06:15:00;—;+4.00;06:20
XLMUSDT;XLMUSDT;S2;1.80;COMPRAR;WIN;+4.00;0.1607;06:30:00;—;+8.00;06:35
XLMUSDT;XLMUSDT;S2;1.80;COMPRAR;WIN;+4.00;0.1606;06:45:00;—;+12.00;06:50
XLMUSDT;XLMUSDT;S2;1.80;VENDER;WIN;+4.00;0.1614;07:45:00;—;+16.00;07:50
XLMUSDT;XLMUSDT;S2;1.80;COMPRAR;EMPATE;+0.00;0.1604;08:25:00;—;+20.00;08:30
XLMUSDT;XLMUSDT;S2;1.80;COMPRAR;LOSS;-5.00;0.1604;08:30:00;—;+24.00;08:35
XLMUSDT;XLMUSDT;S2;1.80;COMPRAR;WIN;+4.00;0.1603;08:35:00;—;+28.00;08:40
XLMUSDT;XLMUSDT;S2;1.80;COMPRAR;WIN;+4.00;0.1595;08:45:00;—;+32.00;08:50
XLMUSDT;XLMUSDT;S4;1.80;COMPRAR;WIN;+4.00;0.1595;08:45:00;—;+36.00;08:50
XLMUSDT;XLMUSDT;S1;1.80;COMPRAR;WIN;+4.00;0.1597;08:50:00;—;+40.00;08:55
XLMUSDT;XLMUSDT;S2;1.80;COMPRAR;WIN;+4.00;0.1597;08:50:00;—;+44.00;08:55
XLMUSDT;XLMUSDT;S2;1.80;VENDER;WIN;+4.00;0.1606;10:50:00;—;+0.00;10:55
XLMUSDT;XLMUSDT;S2;1.80;VENDER;WIN;+4.00;0.1607;11:15:00;—;+4.00;11:20
XLMUSDT;XLMUSDT;S2;1.80;VENDER;EMPATE;+0.00;0.1608;11:35:00;—;+8.00;11:40
XLMUSDT;XLMUSDT;S2;1.80;VENDER;LOSS;-5.00;0.1608;11:40:00;—;+12.00;11:45
XLMUSDT;XLMUSDT;S1;1.80;VENDER;WIN;+4.00;0.1611;11:45:00;—;+16.00;11:50
XLMUSDT;XLMUSDT;S2;1.80;VENDER;WIN;+4.00;0.1611;11:45:00;—;+20.00;11:50
XLMUSDT;XLMUSDT;S1;1.80;VENDER;WIN;+4.00;0.161;11:50:00;—;+24.00;11:55
XLMUSDT;XLMUSDT;S2;1.80;VENDER;WIN;+4.00;0.161;11:50:00;—;+28.00;11:55
XLMUSDT;XLMUSDT;S1;1.80;COMPRAR;LOSS;-5.00;0.1601;12:50:00;—;+32.00;12:55
XLMUSDT;XLMUSDT;S2;1.80;COMPRAR;LOSS;-5.00;0.1601;12:50:00;—;+36.00;12:55
XLMUSDT;XLMUSDT;S1;1.80;COMPRAR;LOSS;-5.00;0.1599;12:55:00;—;+40.00;13:00
XLMUSDT;XLMUSDT;S2;1.80;COMPRAR;LOSS;-5.00;0.1599;12:55:00;—;+44.00;13:00
XLMUSDT;XLMUSDT;S1;1.80;COMPRAR;LOSS;-5.00;0.1595;13:00:00;—;+48.00;13:05
XLMUSDT;XLMUSDT;S2;1.80;COMPRAR;LOSS;-5.00;0.1595;13:00:00;—;+52.00;13:05
XLMUSDT;XLMUSDT;S3;1.80;COMPRAR;LOSS;-5.00;0.1595;13:00:00;—;+56.00;13:05
XLMUSDT;XLMUSDT;S4;1.80;COMPRAR;LOSS;-5.00;0.1595;13:00:00;—;+60.00;13:05
XLMUSDT;XLMUSDT;S1;1.80;COMPRAR;WIN;+4.00;0.1593;13:05:00;—;+64.00;13:10
XLMUSDT;XLMUSDT;S2;1.80;COMPRAR;WIN;+4.00;0.1593;13:05:00;—;+68.00;13:10
XLMUSDT;XLMUSDT;S3;1.80;COMPRAR;WIN;+4.00;0.1593;13:05:00;—;+72.00;13:10
XLMUSDT;XLMUSDT;S4;1.80;COMPRAR;WIN;+4.00;0.1593;13:05:00;—;+76.00;13:10
XLMUSDT;XLMUSDT;S3;1.80;COMPRAR;WIN;+4.00;0.1587;13:40:00;—;+80.00;13:45
XLMUSDT;XLMUSDT;S4;1.80;COMPRAR;WIN;+4.00;0.1587;13:40:00;—;+84.00;13:45
XLMUSDT;XLMUSDT;S1;1.80;VENDER;WIN;+4.00;0.1597;15:05:00;—;+88.00;15:10
XLMUSDT;XLMUSDT;S2;1.80;VENDER;WIN;+4.00;0.1597;15:05:00;—;+92.00;15:10
XLMUSDT;XLMUSDT;S1;1.80;VENDER;WIN;+4.00;0.1601;15:55:00;—;+96.00;16:00
XLMUSDT;XLMUSDT;S2;1.80;VENDER;WIN;+4.00;0.1601;15:55:00;—;+100.00;16:00
XLMUSDT;XLMUSDT;S2;1.80;VENDER;WIN;+4.00;0.1602;17:20:00;—;+104.00;17:25
XLMUSDT;XLMUSDT;S2;1.80;VENDER;WIN;+4.00;0.16015;19:30:00;—;+108.00;19:35
XLMUSDT;XLMUSDT;S2;1.80;VENDER;WIN;+4.00;0.1602;19:55:00;—;+112.00;20:00
XLMUSDT;XLMUSDT;S2;1.80;COMPRAR;WIN;+4.00;0.1592;21:35:00;—;+116.00;21:40
XLMUSDT;XLMUSDT;S2;1.80;VENDER;WIN;+4.00;0.16;22:15:00;—;+120.00;22:20
XLMUSDT;XLMUSDT;S2;1.80;COMPRAR;EMPATE;+0.00;0.1592;00:05:00;—;+0.00;00:11
XLMUSDT;XLMUSDT;S2;1.80;COMPRAR;EMPATE;+0.00;0.1592;00:10:00;—;+4.00;00:15
XLMUSDT;XLMUSDT;S2;1.80;COMPRAR;EMPATE;+0.00;0.159;00:40:00;—;+8.00;00:45
XLMUSDT;XLMUSDT;S2;1.80;COMPRAR;WIN;+4.00;0.1588;00:55:00;—;+12.00;01:00
XLMUSDT;XLMUSDT;S2;1.80;VENDER;WIN;+4.00;0.1595;03:00:00;—;+16.00;03:05
XLMUSDT;XLMUSDT;S2;1.80;COMPRAR;LOSS;-5.00;0.1588;04:35:00;—;+20.00;04:40
XLMUSDT;XLMUSDT;S4;1.80;COMPRAR;LOSS;-5.00;0.1588;04:35:00;—;+24.00;04:40
XLMUSDT;XLMUSDT;S2;1.80;COMPRAR;WIN;+4.00;0.15879;04:40:00;—;+28.00;04:45
XLMUSDT;XLMUSDT;S2;1.80;COMPRAR;LOSS;-5.00;0.1587;04:55:00;—;+32.00;05:01
XLMUSDT;XLMUSDT;S2;1.80;COMPRAR;EMPATE;+0.00;0.1586;05:00:00;—;+36.00;05:05
XLMUSDT;XLMUSDT;S4;1.80;COMPRAR;EMPATE;+0.00;0.1586;05:00:00;—;+40.00;05:05
XLMUSDT;XLMUSDT;S2;1.80;VENDER;LOSS;-5.00;0.15921;06:15:00;—;+44.00;06:20
XLMUSDT;XLMUSDT;S2;1.80;VENDER;WIN;+4.00;0.159356;06:20:00;—;+48.00;06:26
XLMUSDT;XLMUSDT;S2;1.80;VENDER;LOSS;-5.00;0.1599;10:15:00;—;+52.00;10:20
XLMUSDT;XLMUSDT;S4;1.80;VENDER;LOSS;-5.00;0.1599;10:15:00;—;+56.00;10:20
XLMUSDT;XLMUSDT;S2;1.80;VENDER;WIN;+4.00;0.16;10:20:00;—;+60.00;10:25
XLMUSDT;XLMUSDT;S2;1.80;VENDER;WIN;+4.00;0.1603;11:35:00;—;+0.00;11:40
XLMUSDT;XLMUSDT;S2;1.80;COMPRAR;LOSS;-5.00;0.1591;12:00:00;—;+4.00;12:05
XLMUSDT;XLMUSDT;S1;1.80;COMPRAR;WIN;+4.00;0.1587;12:05:00;—;+8.00;12:10
XLMUSDT;XLMUSDT;S2;1.80;COMPRAR;WIN;+4.00;0.1587;12:05:00;—;+12.00;12:10
