id;horario_entrada;ativo;candidata;lado;linha_entrada;expiracao;odd;stake_virtual;status;metrica_1;metrica_2
DOGE_M15_SNR48_REJEICAO_EXP_FIM_PROX_M15|DOGEUSDT|1786929000;16/08/2026 22:10:00;DOGEUSDT;DOGE_M15_SNR48_REJEICAO_EXP_FIM_PROX_M15;PUT;0.07;16/08/2026 22:30:00;;5.0;PENDENTE;30.18153716767202;0.5384218721685775
ETH_M15_SNR48_REJEICAO_EXP_FIM_M15_ATUAL|ETHUSDT|1786929060;16/08/2026 22:11:00;ETHUSDT;ETH_M15_SNR48_REJEICAO_EXP_FIM_M15_ATUAL;PUT;1890.3;16/08/2026 22:15:00;1.82;5.0;PENDENTE;5.927393592881965;0.5577703380917882
DOGE_M15_SNR48_REJEICAO_EXP_FIM_PROX_M15|DOGEUSDT|1786930620;16/08/2026 22:37:00;DOGEUSDT;DOGE_M15_SNR48_REJEICAO_EXP_FIM_PROX_M15;PUT;0.07015;16/08/2026 23:00:00;;5.0;PENDENTE;31.31183470364088;0.09173389073332971
ETH_M15_SNR48_REJEICAO_EXP_FIM_M15_ATUAL|ETHUSDT|1786930620;16/08/2026 22:37:00;ETHUSDT;ETH_M15_SNR48_REJEICAO_EXP_FIM_M15_ATUAL;PUT;1892.7;16/08/2026 22:45:00;1.82;5.0;PENDENTE;4.871058914705746;0.8292068863968431
ETH_M15_SNR48_REJEICAO_EXP_FIM_M15_ATUAL|ETHUSDT|1786934220;16/08/2026 23:37:00;ETHUSDT;ETH_M15_SNR48_REJEICAO_EXP_FIM_M15_ATUAL;PUT;1894.92;16/08/2026 23:45:00;1.82;5.0;PENDENTE;5.342765822050814;0.5038740548451967
DOGE_M15_SNR48_REJEICAO_EXP_FIM_PROX_M15|DOGEUSDT|1786935360;16/08/2026 23:56:00;DOGEUSDT;DOGE_M15_SNR48_REJEICAO_EXP_FIM_PROX_M15;PUT;0.07018;17/08/2026 00:15:00;;5.0;PENDENTE;36.52917698662582;0.2845505510155739
DOGE_M15_SNR48_REJEICAO_EXP_FIM_PROX_M15|DOGEUSDT|1786940760;17/08/2026 01:26:00;DOGEUSDT;DOGE_M15_SNR48_REJEICAO_EXP_FIM_PROX_M15;PUT;0.07021;17/08/2026 01:45:00;;5.0;PENDENTE;46.02923103562113;0.49157431203090085
DOGE_M15_SNR48_REJEICAO_EXP_FIM_PROX_M15|DOGEUSDT|1786947900;17/08/2026 03:25:00;DOGEUSDT;DOGE_M15_SNR48_REJEICAO_EXP_FIM_PROX_M15;PUT;0.07024;17/08/2026 03:45:00;;5.0;PENDENTE;62.43934768696844;0.48355738770157525
DOGE_M15_SNR48_REJEICAO_EXP_FIM_PROX_M15|DOGEUSDT|1786950060;17/08/2026 04:01:00;DOGEUSDT;DOGE_M15_SNR48_REJEICAO_EXP_FIM_PROX_M15;PUT;0.07044;17/08/2026 04:30:00;;5.0;PENDENTE;3.99294984324226;0.46975880508725437
ETH_M15_SNR48_REJEICAO_EXP_FIM_M15_ATUAL|ETHUSDT|1786949580;17/08/2026 03:53:00;ETHUSDT;ETH_M15_SNR48_REJEICAO_EXP_FIM_M15_ATUAL;PUT;1908.81;17/08/2026 04:00:00;1.82;5.0;PENDENTE;3.9034101489543396;0.8581162682445939
ETH_M15_SNR48_REJEICAO_EXP_FIM_M15_ATUAL|ETHUSDT|1786955160;17/08/2026 05:26:00;ETHUSDT;ETH_M15_SNR48_REJEICAO_EXP_FIM_M15_ATUAL;CALL;1894.4;17/08/2026 05:30:00;1.82;5.0;PENDENTE;0.6407570024095928;4.120769414789341
ETH_M15_SNR48_REJEICAO_EXP_FIM_M15_ATUAL|ETHUSDT|1786956900;17/08/2026 05:55:00;ETHUSDT;ETH_M15_SNR48_REJEICAO_EXP_FIM_M15_ATUAL;CALL;1894.41;17/08/2026 06:00:00;1.82;5.0;PENDENTE;0.6430211614287057;4.118505255770228
ETH_M15_SNR48_REJEICAO_EXP_FIM_M15_ATUAL|ETHUSDT|1786962060;17/08/2026 07:21:00;ETHUSDT;ETH_M15_SNR48_REJEICAO_EXP_FIM_M15_ATUAL;CALL;1892.74;17/08/2026 07:30:00;1.82;5.0;PENDENTE;0.26490660523647674;4.496619811962456
DOGE_M15_SNR48_REJEICAO_EXP_FIM_PROX_M15|DOGEUSDT|1786979580;17/08/2026 12:13:00;DOGEUSDT;DOGE_M15_SNR48_REJEICAO_EXP_FIM_PROX_M15;PUT;0.07036;17/08/2026 12:30:00;;5.0;PENDENTE;2.6520361732438307;1.0313474007058434
DOGE_M15_SNR48_REJEICAO_EXP_FIM_PROX_M15|DOGEUSDT|1786982160;17/08/2026 12:56:00;DOGEUSDT;DOGE_M15_SNR48_REJEICAO_EXP_FIM_PROX_M15;PUT;0.07048;17/08/2026 13:15:00;;5.0;PENDENTE;3.318090266278192;0.1382537610948727
ETH_M15_SNR48_REJEICAO_EXP_FIM_M15_ATUAL|ETHUSDT|1786982160;17/08/2026 12:56:00;ETHUSDT;ETH_M15_SNR48_REJEICAO_EXP_FIM_M15_ATUAL;PUT;1912.63;17/08/2026 13:00:00;1.82;5.0;PENDENTE;4.376030123024648;-0.00623366114395128
ETH_M15_SNR48_REJEICAO_EXP_FIM_M15_ATUAL|ETHUSDT|1786982460;17/08/2026 13:01:00;ETHUSDT;ETH_M15_SNR48_REJEICAO_EXP_FIM_M15_ATUAL;PUT;1911.81;17/08/2026 13:15:00;1.82;5.0;PENDENTE;4.134616994736369;0.16138080167201482
ETH_M15_SNR48_REJEICAO_EXP_FIM_M15_ATUAL|ETHUSDT|1787009760;17/08/2026 20:36:00;ETHUSDT;ETH_M15_SNR48_REJEICAO_EXP_FIM_M15_ATUAL;PUT;1915.56;17/08/2026 20:45:00;1.82;5.0;PENDENTE;5.62237050497508;0.8894310186812117
DOGE_M15_SNR48_REJEICAO_EXP_FIM_PROX_M15|DOGEUSDT|1787018760;17/08/2026 23:06:00;DOGEUSDT;DOGE_M15_SNR48_REJEICAO_EXP_FIM_PROX_M15;CALL;0.0701;17/08/2026 23:30:00;;5.0;PENDENTE;0.08361909526218658;4.180954763110954
ETH_M15_SNR48_REJEICAO_EXP_FIM_M15_ATUAL|ETHUSDT|1787019600;17/08/2026 23:20:00;ETHUSDT;ETH_M15_SNR48_REJEICAO_EXP_FIM_M15_ATUAL;CALL;1900.0;17/08/2026 23:30:00;1.82;5.0;PENDENTE;0.4779986846218054;5.457396025037518
DOGE_M15_SNR48_REJEICAO_EXP_FIM_PROX_M15|DOGEUSDT|1787020800;17/08/2026 23:40:00;DOGEUSDT;DOGE_M15_SNR48_REJEICAO_EXP_FIM_PROX_M15;CALL;0.06997;18/08/2026 00:00:00;;5.0;PENDENTE;0.08415378032805712;5.301688160662226
ETH_M15_SNR48_REJEICAO_EXP_FIM_M15_ATUAL|ETHUSDT|1787021040;17/08/2026 23:44:00;ETHUSDT;ETH_M15_SNR48_REJEICAO_EXP_FIM_M15_ATUAL;CALL;1898.0422;17/08/2026 23:45:00;1.82;5.0;PENDENTE;-0.0971656848412398;6.096657634773852
DOGE_RSI14_M5_K3_EXP_M1|DOGEUSDT|1787021280;17/08/2026 23:48:00;DOGEUSDT;DOGE_RSI14_M5_K3_EXP_M1;CALL;0.06981;17/08/2026 23:49:00;;5.0;PENDENTE;24.698951637910397;3
ETH_M15_SNR48_REJEICAO_EXP_FIM_M15_ATUAL|ETHUSDT|1787022060;18/08/2026 00:01:00;ETHUSDT;ETH_M15_SNR48_REJEICAO_EXP_FIM_M15_ATUAL;CALL;1893.72;18/08/2026 00:15:00;1.82;5.0;PENDENTE;-0.0922468448167592;6.753011669087287
DOGE_RSI14_M5_K3_EXP_M1|DOGEUSDT|1787022180;18/08/2026 00:03:00;DOGEUSDT;DOGE_RSI14_M5_K3_EXP_M1;CALL;0.06978;18/08/2026 00:04:00;;5.0;PENDENTE;22.499349045887826;3
DOGE_M15_SNR48_REJEICAO_EXP_FIM_PROX_M15|DOGEUSDT|1787022420;18/08/2026 00:07:00;DOGEUSDT;DOGE_M15_SNR48_REJEICAO_EXP_FIM_PROX_M15;CALL;0.06981;18/08/2026 00:30:00;;5.0;PENDENTE;-0.07679563890352786;6.066855473381046
ETH_M15_SNR48_REJEICAO_EXP_FIM_M15_ATUAL|ETHUSDT|1787023560;18/08/2026 00:26:00;ETHUSDT;ETH_M15_SNR48_REJEICAO_EXP_FIM_M15_ATUAL;CALL;1890.75;18/08/2026 00:30:00;1.82;5.0;PENDENTE;0.3578973441963945;7.553803037357572
ETH_M15_SNR48_REJEICAO_EXP_FIM_M15_ATUAL|ETHUSDT|1787024160;18/08/2026 00:36:00;ETHUSDT;ETH_M15_SNR48_REJEICAO_EXP_FIM_M15_ATUAL;CALL;1890.1;18/08/2026 00:45:00;1.82;5.0;PENDENTE;0.17833815243733414;7.588687650730699
DOGE_M15_SNR48_REJEICAO_EXP_FIM_PROX_M15|DOGEUSDT|1787031540;18/08/2026 02:39:00;DOGEUSDT;DOGE_M15_SNR48_REJEICAO_EXP_FIM_PROX_M15;CALL;0.06975;18/08/2026 03:00:00;;5.0;PENDENTE;1.0047706136511607;6.183203776314555
DOGE_M15_SNR48_REJEICAO_EXP_FIM_PROX_M15|DOGEUSDT|1787061420;18/08/2026 10:57:00;DOGEUSDT;DOGE_M15_SNR48_REJEICAO_EXP_FIM_PROX_M15;CALL;0.06977;18/08/2026 11:15:00;;5.0;PENDENTE;0.1743253217804146;6.798687549438831
DOGE_M15_SNR48_REJEICAO_EXP_FIM_PROX_M15|DOGEUSDT|1787078580;18/08/2026 15:43:00;DOGEUSDT;DOGE_M15_SNR48_REJEICAO_EXP_FIM_PROX_M15;PUT;0.0705;18/08/2026 16:00:00;;5.0;PENDENTE;6.537199566767967;0.4358133044512784
DOGE_M15_SNR48_REJEICAO_EXP_FIM_PROX_M15|DOGEUSDT|1787080140;18/08/2026 16:09:00;DOGEUSDT;DOGE_M15_SNR48_REJEICAO_EXP_FIM_PROX_M15;PUT;0.07047;18/08/2026 16:30:00;;5.0;PENDENTE;6.275711584097345;0.6973012871219003
DOGE_M15_SNR48_REJEICAO_EXP_FIM_PROX_M15|DOGEUSDT|1787081580;18/08/2026 16:33:00;DOGEUSDT;DOGE_M15_SNR48_REJEICAO_EXP_FIM_PROX_M15;PUT;0.07053;18/08/2026 17:00:00;;5.0;PENDENTE;6.79868754943871;0.17432532178053556
ETH_M15_SNR48_REJEICAO_EXP_FIM_M15_ATUAL|ETHUSDT|1787060280;18/08/2026 10:38:00;ETHUSDT;ETH_M15_SNR48_REJEICAO_EXP_FIM_M15_ATUAL;CALL;1895.87;18/08/2026 10:45:00;1.82;5.0;PENDENTE;0.5625132124576879;8.216926872299057
ETH_M15_SNR48_REJEICAO_EXP_FIM_M15_ATUAL|ETHUSDT|1787063520;18/08/2026 11:32:00;ETHUSDT;ETH_M15_SNR48_REJEICAO_EXP_FIM_M15_ATUAL;PUT;1917.1;18/08/2026 11:45:00;1.82;5.0;PENDENTE;6.9830269223917565;1.7964131623649875
ETH_M15_SNR48_REJEICAO_EXP_FIM_M15_ATUAL|ETHUSDT|1787108160;18/08/2026 23:56:00;ETHUSDT;ETH_M15_SNR48_REJEICAO_EXP_FIM_M15_ATUAL;CALL;1908.58;19/08/2026 00:00:00;1.82;5.0;PENDENTE;0.1880991734865319;4.458875489533941
ETH_M15_SNR48_REJEICAO_EXP_FIM_M15_ATUAL|ETHUSDT|1787108460;19/08/2026 00:01:00;ETHUSDT;ETH_M15_SNR48_REJEICAO_EXP_FIM_M15_ATUAL;CALL;1908.22;19/08/2026 00:15:00;1.82;5.0;PENDENTE;0.07757330899089365;4.3689287623671085
DOGE_M15_SNR48_REJEICAO_EXP_FIM_PROX_M15|DOGEUSDT|1787119860;19/08/2026 03:11:00;DOGEUSDT;DOGE_M15_SNR48_REJEICAO_EXP_FIM_PROX_M15;CALL;0.06989;19/08/2026 03:30:00;;5.0;PENDENTE;0.20616692596758784;6.803508556933117
ETH_M15_SNR48_REJEICAO_EXP_FIM_M15_ATUAL|ETHUSDT|1787119860;19/08/2026 03:11:00;ETHUSDT;ETH_M15_SNR48_REJEICAO_EXP_FIM_M15_ATUAL;CALL;1907.26;19/08/2026 03:15:00;1.82;5.0;PENDENTE;0.00333388752062964;4.264042138889176
ETH_M15_SNR48_REJEICAO_EXP_FIM_M15_ATUAL|ETHUSDT|1787120160;19/08/2026 03:16:00;ETHUSDT;ETH_M15_SNR48_REJEICAO_EXP_FIM_M15_ATUAL;CALL;1908.98;19/08/2026 03:30:00;1.82;5.0;PENDENTE;0.5530498943988521;3.538879960112829
ETH_M15_SNR48_REJEICAO_EXP_FIM_M15_ATUAL|ETHUSDT|1787123760;19/08/2026 04:16:00;ETHUSDT;ETH_M15_SNR48_REJEICAO_EXP_FIM_M15_ATUAL;PUT;1919.52;19/08/2026 04:30:00;1.82;5.0;PENDENTE;3.7010823445132335;0.14916909829596192
ETH_M15_SNR48_REJEICAO_EXP_FIM_M15_ATUAL|ETHUSDT|1787125320;19/08/2026 04:42:00;ETHUSDT;ETH_M15_SNR48_REJEICAO_EXP_FIM_M15_ATUAL;PUT;1920.99;19/08/2026 04:45:00;1.82;5.0;PENDENTE;4.13585259935385;-0.028289005467510633
ETH_M15_SNR48_REJEICAO_EXP_FIM_M15_ATUAL|ETHUSDT|1787125680;19/08/2026 04:48:00;ETHUSDT;ETH_M15_SNR48_REJEICAO_EXP_FIM_M15_ATUAL;PUT;1919.51;19/08/2026 05:00:00;1.82;5.0;PENDENTE;3.7010920366042006;0.38869916366165613
DOGE_M15_SNR48_REJEICAO_EXP_FIM_PROX_M15|DOGEUSDT|1787126760;19/08/2026 05:06:00;DOGEUSDT;DOGE_M15_SNR48_REJEICAO_EXP_FIM_PROX_M15;CALL;0.06997;19/08/2026 05:30:00;;5.0;PENDENTE;0.9234711926051525;4.432661724504553
DOGE_M15_SNR48_REJEICAO_EXP_FIM_PROX_M15|DOGEUSDT|1787141580;19/08/2026 09:13:00;DOGEUSDT;DOGE_M15_SNR48_REJEICAO_EXP_FIM_PROX_M15;PUT;0.07024;19/08/2026 09:30:00;;5.0;PENDENTE;4.0714359746732285;0.6602328607578787
DOGE_RSI14_M5_K3_EXP_M1|DOGEUSDT|1787143080;19/08/2026 09:38:00;DOGEUSDT;DOGE_RSI14_M5_K3_EXP_M1;PUT;0.07038;19/08/2026 09:39:00;;5.0;PENDENTE;76.61671525066333;3
DOGE_RSI14_M5_K3_EXP_M1|DOGEUSDT|1787143380;19/08/2026 09:43:00;DOGEUSDT;DOGE_RSI14_M5_K3_EXP_M1;PUT;0.07047;19/08/2026 09:44:00;;5.0;PENDENTE;80.24580008709884;3
DOGE_RSI14_M5_K3_EXP_M1|DOGEUSDT|1787143680;19/08/2026 09:48:00;DOGEUSDT;DOGE_RSI14_M5_K3_EXP_M1;PUT;0.07057;19/08/2026 09:49:00;;5.0;PENDENTE;83.07467253492725;3
DOGE_RSI14_M5_K3_EXP_M1|DOGEUSDT|1787143980;19/08/2026 09:53:00;DOGEUSDT;DOGE_RSI14_M5_K3_EXP_M1;PUT;0.07078;19/08/2026 09:54:00;;5.0;PENDENTE;89.00786736046489;3
DOGE_RSI14_M5_K3_EXP_M1|DOGEUSDT|1787144280;19/08/2026 09:58:00;DOGEUSDT;DOGE_RSI14_M5_K3_EXP_M1;PUT;0.07067;19/08/2026 09:59:00;;5.0;PENDENTE;84.4532237043443;3
DOGE_RSI14_M5_K3_EXP_M1|DOGEUSDT|1787144580;19/08/2026 10:03:00;DOGEUSDT;DOGE_RSI14_M5_K3_EXP_M1;PUT;0.07055;19/08/2026 10:04:00;;5.0;PENDENTE;77.3490372005087;3
ETH_M15_SNR48_REJEICAO_EXP_FIM_M15_ATUAL|ETHUSDT|1787144580;19/08/2026 10:03:00;ETHUSDT;ETH_M15_SNR48_REJEICAO_EXP_FIM_M15_ATUAL;PUT;1932.89;19/08/2026 10:15:00;1.82;5.0;PENDENTE;6.513461298707201;0.09824225186583602
DOGE_RSI14_M5_K3_EXP_M1|DOGEUSDT|1787145480;19/08/2026 10:18:00;DOGEUSDT;DOGE_RSI14_M5_K3_EXP_M1;PUT;0.07067;19/08/2026 10:19:00;;5.0;PENDENTE;75.30208781577015;3
DOGE_RSI14_M5_K3_EXP_M1|DOGEUSDT|1787145780;19/08/2026 10:23:00;DOGEUSDT;DOGE_RSI14_M5_K3_EXP_M1;PUT;0.07068;19/08/2026 10:24:00;;5.0;PENDENTE;76.19217330776027;3
DOGE_M15_SNR48_REJEICAO_EXP_FIM_PROX_M15|DOGEUSDT|1787420760;22/08/2026 14:46:00;DOGEUSDT;DOGE_M15_SNR48_REJEICAO_EXP_FIM_PROX_M15;PUT;0.09337;22/08/2026 15:15:00;1.82;5.0;PENDENTE;6.305679036178435;0.011875101763059786
DOGE_M15_SNR48_REJEICAO_EXP_FIM_PROX_M15|DOGEUSDT|1787423160;22/08/2026 15:26:00;DOGEUSDT;DOGE_M15_SNR48_REJEICAO_EXP_FIM_PROX_M15;PUT;0.09344;22/08/2026 15:45:00;1.82;5.0;PENDENTE;6.388804748519771;-0.07125061057827632
DOGE_M15_SNR48_REJEICAO_EXP_FIM_PROX_M15|DOGEUSDT|1787427360;22/08/2026 16:36:00;DOGEUSDT;DOGE_M15_SNR48_REJEICAO_EXP_FIM_PROX_M15;PUT;0.09323;22/08/2026 17:00:00;1.82;5.0;PENDENTE;6.139427611495762;0.178126526445732
DOGE_M15_SNR48_REJEICAO_EXP_FIM_PROX_M15|DOGEUSDT|1787429040;22/08/2026 17:04:00;DOGEUSDT;DOGE_M15_SNR48_REJEICAO_EXP_FIM_PROX_M15;PUT;0.09346;22/08/2026 17:30:00;1.82;5.0;PENDENTE;6.412554952045873;-0.09500081410437941
DOGE_M15_SNR48_REJEICAO_EXP_FIM_PROX_M15|DOGEUSDT|1787433900;22/08/2026 18:25:00;DOGEUSDT;DOGE_M15_SNR48_REJEICAO_EXP_FIM_PROX_M15;PUT;0.09328;22/08/2026 18:45:00;1.82;5.0;PENDENTE;6.198803120311012;0.1187510176304825
DOGE_M15_SNR48_REJEICAO_EXP_FIM_PROX_M15|DOGEUSDT|1787445660;22/08/2026 21:41:00;DOGEUSDT;DOGE_M15_SNR48_REJEICAO_EXP_FIM_PROX_M15;PUT;0.09331;22/08/2026 22:00:00;1.82;5.0;PENDENTE;6.234428425600158;0.0831257123413361
DOGE_M15_SNR48_REJEICAO_EXP_FIM_PROX_M15|DOGEUSDT|1787447040;22/08/2026 22:04:00;DOGEUSDT;DOGE_M15_SNR48_REJEICAO_EXP_FIM_PROX_M15;PUT;0.09345;22/08/2026 22:30:00;1.82;5.0;PENDENTE;6.40067985028283;-0.0831257123413361
DOGE_M15_SNR48_REJEICAO_EXP_FIM_PROX_M15|DOGEUSDT|1787448840;22/08/2026 22:34:00;DOGEUSDT;DOGE_M15_SNR48_REJEICAO_EXP_FIM_PROX_M15;PUT;0.09325;22/08/2026 23:00:00;1.82;5.0;PENDENTE;6.163177815021865;0.1543763229196289
DOGE_M15_SNR48_REJEICAO_EXP_FIM_PROX_M15|DOGEUSDT|1787491260;23/08/2026 10:21:00;DOGEUSDT;DOGE_M15_SNR48_REJEICAO_EXP_FIM_PROX_M15;PUT;0.09323;23/08/2026 10:45:00;1.82;5.0;PENDENTE;6.139427611495762;0.178126526445732
DOGE_M15_SNR48_REJEICAO_EXP_FIM_PROX_M15|DOGEUSDT|1787496180;23/08/2026 11:43:00;DOGEUSDT;DOGE_M15_SNR48_REJEICAO_EXP_FIM_PROX_M15;PUT;0.09123;23/08/2026 12:00:00;1.82;5.0;PENDENTE;3.7644072588861945;2.5531468790552996
DOGE_M15_SNR48_REJEICAO_EXP_FIM_PROX_M15|DOGEUSDT|1787509080;23/08/2026 15:18:00;DOGEUSDT;DOGE_M15_SNR48_REJEICAO_EXP_FIM_PROX_M15;PUT;0.09314;23/08/2026 15:45:00;1.82;5.0;PENDENTE;6.03255169562834;0.2850024423131547
DOGE_M15_SNR48_REJEICAO_EXP_FIM_PROX_M15|DOGEUSDT|1787521320;23/08/2026 18:42:00;DOGEUSDT;DOGE_M15_SNR48_REJEICAO_EXP_FIM_PROX_M15;PUT;0.09346;23/08/2026 19:00:00;1.82;5.0;PENDENTE;6.412554952045873;-0.09500081410437941
DOGE_M15_SNR48_REJEICAO_EXP_FIM_PROX_M15|DOGEUSDT|1787522520;23/08/2026 19:02:00;DOGEUSDT;DOGE_M15_SNR48_REJEICAO_EXP_FIM_PROX_M15;PUT;0.09299;23/08/2026 19:30:00;1.82;5.0;PENDENTE;5.854425169182624;0.4631289687588702
DOGE_M15_SNR48_REJEICAO_EXP_FIM_PROX_M15|DOGEUSDT|1787524860;23/08/2026 19:41:00;DOGEUSDT;DOGE_M15_SNR48_REJEICAO_EXP_FIM_PROX_M15;PUT;0.09304;23/08/2026 20:00:00;1.82;5.0;PENDENTE;5.913800677997857;0.4037534599436372
DOGE_M15_SNR48_REJEICAO_EXP_FIM_PROX_M15|DOGEUSDT|1787526660;23/08/2026 20:11:00;DOGEUSDT;DOGE_M15_SNR48_REJEICAO_EXP_FIM_PROX_M15;PUT;0.09297;23/08/2026 20:30:00;1.82;5.0;PENDENTE;5.830674965656521;0.4868791722849733
DOGE_M15_SNR48_REJEICAO_EXP_FIM_PROX_M15|DOGEUSDT|1787528160;23/08/2026 20:36:00;DOGEUSDT;DOGE_M15_SNR48_REJEICAO_EXP_FIM_PROX_M15;PUT;0.09328;23/08/2026 21:00:00;1.82;5.0;PENDENTE;6.198803120311012;0.1187510176304825
DOGE_M15_SNR48_REJEICAO_EXP_FIM_PROX_M15|DOGEUSDT|1787529780;23/08/2026 21:03:00;DOGEUSDT;DOGE_M15_SNR48_REJEICAO_EXP_FIM_PROX_M15;PUT;0.09338;23/08/2026 21:30:00;1.82;5.0;PENDENTE;6.317554137941494;0.0
DOGE_M15_SNR48_REJEICAO_EXP_FIM_PROX_M15|DOGEUSDT|1787576340;24/08/2026 09:59:00;DOGEUSDT;DOGE_M15_SNR48_REJEICAO_EXP_FIM_PROX_M15;PUT;0.09312;24/08/2026 10:15:00;1.82;5.0;PENDENTE;6.008801492102236;0.3087526458392578
ETH_M15_SNR48_REJEICAO_EXP_FIM_M15_ATUAL|ETHUSDT|1787428020;22/08/2026 16:47:00;ETHUSDT;ETH_M15_SNR48_REJEICAO_EXP_FIM_M15_ATUAL;CALL;2437.77;22/08/2026 17:00:00;1.82;5.0;PENDENTE;0.08511559491954532;6.134170470499692
ETH_M15_SNR48_REJEICAO_EXP_FIM_M15_ATUAL|ETHUSDT|1787428860;22/08/2026 17:01:00;ETHUSDT;ETH_M15_SNR48_REJEICAO_EXP_FIM_M15_ATUAL;CALL;2439.81;22/08/2026 17:15:00;1.82;5.0;PENDENTE;0.2176620175423519;6.001624047876885
ETH_M15_SNR48_REJEICAO_EXP_FIM_M15_ATUAL|ETHUSDT|1787430360;22/08/2026 17:26:00;ETHUSDT;ETH_M15_SNR48_REJEICAO_EXP_FIM_M15_ATUAL;CALL;2439.96;22/08/2026 17:30:00;1.82;5.0;PENDENTE;0.22740807802932905;5.991877987389908
ETH_M15_SNR48_REJEICAO_EXP_FIM_M15_ATUAL|ETHUSDT|1787430960;22/08/2026 17:36:00;ETHUSDT;ETH_M15_SNR48_REJEICAO_EXP_FIM_M15_ATUAL;CALL;2436.15;22/08/2026 17:45:00;1.82;5.0;PENDENTE;-0.020141858339737025;6.239427923758974
ETH_M15_SNR48_REJEICAO_EXP_FIM_M15_ATUAL|ETHUSDT|1787431560;22/08/2026 17:46:00;ETHUSDT;ETH_M15_SNR48_REJEICAO_EXP_FIM_M15_ATUAL;CALL;2437.26;22/08/2026 18:00:00;1.82;5.0;PENDENTE;0.05197898926385846;6.167307076155379
ETH_M15_SNR48_REJEICAO_EXP_FIM_M15_ATUAL|ETHUSDT|1787485200;23/08/2026 08:40:00;ETHUSDT;ETH_M15_SNR48_REJEICAO_EXP_FIM_M15_ATUAL;CALL;2437.81;23/08/2026 08:45:00;1.82;5.0;PENDENTE;0.0877145443827353;6.131571521036502
ETH_M15_SNR48_REJEICAO_EXP_FIM_M15_ATUAL|ETHUSDT|1787491080;23/08/2026 10:18:00;ETHUSDT;ETH_M15_SNR48_REJEICAO_EXP_FIM_M15_ATUAL;CALL;2443.79;23/08/2026 10:30:00;1.82;5.0;PENDENTE;0.4762574891299901;5.743028576289247
ETH_M15_SNR48_REJEICAO_EXP_FIM_M15_ATUAL|ETHUSDT|1787496660;23/08/2026 11:51:00;ETHUSDT;ETH_M15_SNR48_REJEICAO_EXP_FIM_M15_ATUAL;CALL;2437.86;23/08/2026 12:00:00;1.82;5.0;PENDENTE;0.09096323121173752;6.128322834207499
ETH_M15_SNR48_REJEICAO_EXP_FIM_M15_ATUAL|ETHUSDT|1787497560;23/08/2026 12:06:00;ETHUSDT;ETH_M15_SNR48_REJEICAO_EXP_FIM_M15_ATUAL;CALL;2440.8;23/08/2026 12:15:00;1.82;5.0;PENDENTE;0.28198601675637747;5.93730004866286
ETH_M15_SNR48_REJEICAO_EXP_FIM_M15_ATUAL|ETHUSDT|1787498700;23/08/2026 12:25:00;ETHUSDT;ETH_M15_SNR48_REJEICAO_EXP_FIM_M15_ATUAL;CALL;2435.42;23/08/2026 12:30:00;1.82;5.0;PENDENTE;-0.06757268604299826;6.286858751462235
ETH_M15_SNR48_REJEICAO_EXP_FIM_M15_ATUAL|ETHUSDT|1787499060;23/08/2026 12:31:00;ETHUSDT;ETH_M15_SNR48_REJEICAO_EXP_FIM_M15_ATUAL;CALL;2439.45;23/08/2026 12:45:00;1.82;5.0;PENDENTE;0.1942714723736126;6.025014593045625
ETH_M15_SNR48_REJEICAO_EXP_FIM_M15_ATUAL|ETHUSDT|1787500860;23/08/2026 13:01:00;ETHUSDT;ETH_M15_SNR48_REJEICAO_EXP_FIM_M15_ATUAL;CALL;2441.14;23/08/2026 13:15:00;1.82;5.0;PENDENTE;0.3040770871934922;5.915208978225745
ETH_M15_SNR48_REJEICAO_EXP_FIM_M15_ATUAL|ETHUSDT|1787504760;23/08/2026 14:06:00;ETHUSDT;ETH_M15_SNR48_REJEICAO_EXP_FIM_M15_ATUAL;CALL;2448.0;23/08/2026 14:15:00;1.82;5.0;PENDENTE;0.7497969201309854;5.469489145288252
ETH_M15_SNR48_REJEICAO_EXP_FIM_M15_ATUAL|ETHUSDT|1787505600;23/08/2026 14:20:00;ETHUSDT;ETH_M15_SNR48_REJEICAO_EXP_FIM_M15_ATUAL;CALL;2448.98;23/08/2026 14:30:00;1.82;5.0;PENDENTE;0.8134711819791987;5.405814883440039
ETH_M15_SNR48_REJEICAO_EXP_FIM_M15_ATUAL|ETHUSDT|1787506560;23/08/2026 14:36:00;ETHUSDT;ETH_M15_SNR48_REJEICAO_EXP_FIM_M15_ATUAL;CALL;2441.6;23/08/2026 14:45:00;1.82;5.0;PENDENTE;0.3339650060202064;5.885321059399031
ETH_M15_SNR48_REJEICAO_EXP_FIM_M15_ATUAL|ETHUSDT|1787507160;23/08/2026 14:46:00;ETHUSDT;ETH_M15_SNR48_REJEICAO_EXP_FIM_M15_ATUAL;CALL;2445.99;23/08/2026 15:00:00;1.82;5.0;PENDENTE;0.6191997096055565;5.600086355813681
ETH_M15_SNR48_REJEICAO_EXP_FIM_M15_ATUAL|ETHUSDT|1787508600;23/08/2026 15:10:00;ETHUSDT;ETH_M15_SNR48_REJEICAO_EXP_FIM_M15_ATUAL;CALL;2440.19;23/08/2026 15:15:00;1.82;5.0;PENDENTE;0.24235203744268613;5.976934027976551
ETH_M15_SNR48_REJEICAO_EXP_FIM_M15_ATUAL|ETHUSDT|1787513880;23/08/2026 16:38:00;ETHUSDT;ETH_M15_SNR48_REJEICAO_EXP_FIM_M15_ATUAL;CALL;2443.89;23/08/2026 16:45:00;1.82;5.0;PENDENTE;0.48275486278796503;5.736531202631272
ETH_M15_SNR48_REJEICAO_EXP_FIM_M15_ATUAL|ETHUSDT|1787515560;23/08/2026 17:06:00;ETHUSDT;ETH_M15_SNR48_REJEICAO_EXP_FIM_M15_ATUAL;CALL;2439.43;23/08/2026 17:15:00;1.82;5.0;PENDENTE;0.19297199764201764;6.02631406777722
ETH_M15_SNR48_REJEICAO_EXP_FIM_M15_ATUAL|ETHUSDT|1787535660;23/08/2026 22:41:00;ETHUSDT;ETH_M15_SNR48_REJEICAO_EXP_FIM_M15_ATUAL;CALL;2440.7;23/08/2026 22:45:00;1.82;5.0;PENDENTE;0.275488643098373;5.9437974223208645
ETH_M15_SNR48_REJEICAO_EXP_FIM_M15_ATUAL|ETHUSDT|1787536020;23/08/2026 22:47:00;ETHUSDT;ETH_M15_SNR48_REJEICAO_EXP_FIM_M15_ATUAL;CALL;2440.62;23/08/2026 23:00:00;1.82;5.0;PENDENTE;0.27029074417199306;5.948995321247244
ETH_M15_SNR48_REJEICAO_EXP_FIM_M15_ATUAL|ETHUSDT|1787537160;23/08/2026 23:06:00;ETHUSDT;ETH_M15_SNR48_REJEICAO_EXP_FIM_M15_ATUAL;CALL;2436.22;23/08/2026 23:15:00;1.82;5.0;PENDENTE;-0.015593696779169355;6.234879762198407
ETH_M15_SNR48_REJEICAO_EXP_FIM_M15_ATUAL|ETHUSDT|1787540160;23/08/2026 23:56:00;ETHUSDT;ETH_M15_SNR48_REJEICAO_EXP_FIM_M15_ATUAL;CALL;2444.77;24/08/2026 00:00:00;1.82;5.0;PENDENTE;0.5399317509782035;5.679354314441034
ETH_M15_SNR48_REJEICAO_EXP_FIM_M15_ATUAL|ETHUSDT|1787541060;24/08/2026 00:11:00;ETHUSDT;ETH_M15_SNR48_REJEICAO_EXP_FIM_M15_ATUAL;CALL;2437.92;24/08/2026 00:15:00;1.82;5.0;PENDENTE;0.09486165540652247;6.124424410012715
ETH_M15_SNR48_REJEICAO_EXP_FIM_M15_ATUAL|ETHUSDT|1787541480;24/08/2026 00:18:00;ETHUSDT;ETH_M15_SNR48_REJEICAO_EXP_FIM_M15_ATUAL;CALL;2436.53;24/08/2026 00:30:00;1.82;5.0;PENDENTE;0.004548161560597217;6.21473790385864
ETH_M15_SNR48_REJEICAO_EXP_FIM_M15_ATUAL|ETHUSDT|1787542680;24/08/2026 00:38:00;ETHUSDT;ETH_M15_SNR48_REJEICAO_EXP_FIM_M15_ATUAL;CALL;2435.24;24/08/2026 00:45:00;1.82;5.0;PENDENTE;-0.07926795862738267;6.29855402404662
ETH_M15_SNR48_REJEICAO_EXP_FIM_M15_ATUAL|ETHUSDT|1787543160;24/08/2026 00:46:00;ETHUSDT;ETH_M15_SNR48_REJEICAO_EXP_FIM_M15_ATUAL;CALL;2439.01;24/08/2026 01:00:00;1.82;5.0;PENDENTE;0.16568302827852296;6.053603037140714
ETH_M15_SNR48_REJEICAO_EXP_FIM_M15_ATUAL|ETHUSDT|1787544060;24/08/2026 01:01:00;ETHUSDT;ETH_M15_SNR48_REJEICAO_EXP_FIM_M15_ATUAL;CALL;2435.21;24/08/2026 01:15:00;1.82;5.0;PENDENTE;-0.08121717072476037;6.300503236143998
ETH_M15_SNR48_REJEICAO_EXP_FIM_M15_ATUAL|ETHUSDT|1787544960;24/08/2026 01:16:00;ETHUSDT;ETH_M15_SNR48_REJEICAO_EXP_FIM_M15_ATUAL;CALL;2441.2;24/08/2026 01:30:00;1.82;5.0;PENDENTE;0.30797551138827717;5.91131055403096
ETH_M15_SNR48_REJEICAO_EXP_FIM_M15_ATUAL|ETHUSDT|1787546580;24/08/2026 01:43:00;ETHUSDT;ETH_M15_SNR48_REJEICAO_EXP_FIM_M15_ATUAL;CALL;2441.98;24/08/2026 01:45:00;1.82;5.0;PENDENTE;0.3586550259205406;5.8606310394986965
ETH_M15_SNR48_REJEICAO_EXP_FIM_M15_ATUAL|ETHUSDT|1787547540;24/08/2026 01:59:00;ETHUSDT;ETH_M15_SNR48_REJEICAO_EXP_FIM_M15_ATUAL;CALL;2437.21;24/08/2026 02:00:00;1.82;5.0;PENDENTE;0.048730302434856224;6.170555762984381
ETH_M15_SNR48_REJEICAO_EXP_FIM_M15_ATUAL|ETHUSDT|1787547780;24/08/2026 02:03:00;ETHUSDT;ETH_M15_SNR48_REJEICAO_EXP_FIM_M15_ATUAL;CALL;2438.49;24/08/2026 02:15:00;1.82;5.0;PENDENTE;0.1318966852569943;6.087389380162243
ETH_M15_SNR48_REJEICAO_EXP_FIM_M15_ATUAL|ETHUSDT|1787549880;24/08/2026 02:38:00;ETHUSDT;ETH_M15_SNR48_REJEICAO_EXP_FIM_M15_ATUAL;CALL;2445.55;24/08/2026 02:45:00;1.82;5.0;PENDENTE;0.5906112655104668;5.6286747999087705
ETH_M15_SNR48_REJEICAO_EXP_FIM_M15_ATUAL|ETHUSDT|1787560260;24/08/2026 05:31:00;ETHUSDT;ETH_M15_SNR48_REJEICAO_EXP_FIM_M15_ATUAL;CALL;2441.93;24/08/2026 05:45:00;1.82;5.0;PENDENTE;0.3554063390915384;5.863879726327699
ETH_M15_SNR48_REJEICAO_EXP_FIM_M15_ATUAL|ETHUSDT|1787582580;24/08/2026 11:43:00;ETHUSDT;ETH_M15_SNR48_REJEICAO_EXP_FIM_M15_ATUAL;PUT;2524.54;24/08/2026 11:45:00;1.82;5.0;PENDENTE;5.72288671794951;0.49639934746972714
ETH_M15_SNR48_REJEICAO_EXP_FIM_M15_ATUAL|ETHUSDT|1787585160;24/08/2026 12:26:00;ETHUSDT;ETH_M15_SNR48_REJEICAO_EXP_FIM_M15_ATUAL;PUT;2524.12;24/08/2026 12:30:00;1.82;5.0;PENDENTE;5.695597748585985;0.5236883168332513
DOGE_RSI14_M5_K3_EXP_M1|DOGEUSDT|1787619480;24/08/2026 21:58:00;DOGEUSDT;DOGE_RSI14_M5_K3_EXP_M1;PUT;0.0916;24/08/2026 21:59:00;1.82;5.0;PENDENTE;77.75696494054029;3
ETH_M15_SNR48_REJEICAO_EXP_FIM_M15_ATUAL|ETHUSDT|1787625060;24/08/2026 23:31:00;ETHUSDT;ETH_M15_SNR48_REJEICAO_EXP_FIM_M15_ATUAL;PUT;2527.26;24/08/2026 23:45:00;1.82;5.0;PENDENTE;5.94787723646474;0.40711680583478305
DOGE_M15_SNR48_REJEICAO_EXP_FIM_PROX_M15|DOGEUSDT|1787625060;24/08/2026 23:31:00;DOGEUSDT;DOGE_M15_SNR48_REJEICAO_EXP_FIM_PROX_M15;PUT;0.09272;25/08/2026 00:00:00;1.82;5.0;PENDENTE;6.8276203184037385;0.1611670032241212
DOGE_RSI14_M5_K3_EXP_M1|DOGEUSDT|1787625180;24/08/2026 23:33:00;DOGEUSDT;DOGE_RSI14_M5_K3_EXP_M1;PUT;0.09267;24/08/2026 23:34:00;1.82;5.0;PENDENTE;75.98960657825597;3
DOGE_M15_SNR48_REJEICAO_EXP_FIM_PROX_M15|DOGEUSDT|1787627880;25/08/2026 00:18:00;DOGEUSDT;DOGE_M15_SNR48_REJEICAO_EXP_FIM_PROX_M15;PUT;0.09257;25/08/2026 00:45:00;1.82;5.0;PENDENTE;6.489547259257816;0.6187373218361109
DOGE_M15_SNR48_REJEICAO_EXP_FIM_PROX_M15|DOGEUSDT|1787636160;25/08/2026 02:36:00;DOGEUSDT;DOGE_M15_SNR48_REJEICAO_EXP_FIM_PROX_M15;PUT;0.09292;25/08/2026 03:00:00;1.82;5.0;PENDENTE;7.4547692997096435;0.16872934628972278
DOGE_M15_SNR48_REJEICAO_EXP_FIM_PROX_M15|DOGEUSDT|1787639100;25/08/2026 03:25:00;DOGEUSDT;DOGE_M15_SNR48_REJEICAO_EXP_FIM_PROX_M15;PUT;0.09283;25/08/2026 03:45:00;1.82;5.0;PENDENTE;7.171668830197762;0.42790386815022485
ETH_M15_SNR48_REJEICAO_EXP_FIM_M15_ATUAL|ETHUSDT|1787651760;25/08/2026 06:56:00;ETHUSDT;ETH_M15_SNR48_REJEICAO_EXP_FIM_M15_ATUAL;CALL;2472.61;25/08/2026 07:00:00;1.82;5.0;PENDENTE;0.49083807752740916;5.819427641404637
DOGE_M15_SNR48_REJEICAO_EXP_FIM_PROX_M15|DOGEUSDT|1787659860;25/08/2026 09:11:00;DOGEUSDT;DOGE_M15_SNR48_REJEICAO_EXP_FIM_PROX_M15;CALL;0.08985;25/08/2026 09:30:00;1.82;5.0;PENDENTE;0.2772383711910546;6.396285278193554
DOGE_M15_SNR48_REJEICAO_EXP_FIM_PROX_M15|DOGEUSDT|1787661060;25/08/2026 09:31:00;DOGEUSDT;DOGE_M15_SNR48_REJEICAO_EXP_FIM_PROX_M15;CALL;0.08963;25/08/2026 10:00:00;1.82;5.0;PENDENTE;0.16465711249504042;6.311855978976067
ETH_M15_SNR48_REJEICAO_EXP_FIM_M15_ATUAL|ETHUSDT|1787661180;25/08/2026 09:33:00;ETHUSDT;ETH_M15_SNR48_REJEICAO_EXP_FIM_M15_ATUAL;CALL;2469.56;25/08/2026 09:45:00;1.82;5.0;PENDENTE;0.5741841856376061;6.175691869276157
ETH_M15_SNR48_REJEICAO_EXP_FIM_M15_ATUAL|ETHUSDT|1787664060;25/08/2026 10:21:00;ETHUSDT;ETH_M15_SNR48_REJEICAO_EXP_FIM_M15_ATUAL;CALL;2464.54;25/08/2026 10:30:00;1.82;5.0;PENDENTE;0.5760933549993993;6.752094165974161
ETH_M15_SNR48_REJEICAO_EXP_FIM_M15_ATUAL|ETHUSDT|1787664660;25/08/2026 10:31:00;ETHUSDT;ETH_M15_SNR48_REJEICAO_EXP_FIM_M15_ATUAL;CALL;2459.34;25/08/2026 10:45:00;1.82;5.0;PENDENTE;0.05481791673764967;7.117519153562317
DOGE_M15_SNR48_REJEICAO_EXP_FIM_PROX_M15|DOGEUSDT|1787664840;25/08/2026 10:34:00;DOGEUSDT;DOGE_M15_SNR48_REJEICAO_EXP_FIM_PROX_M15;CALL;0.08917;25/08/2026 11:00:00;1.82;5.0;PENDENTE;-0.0698052660187445;6.823464753332547
ETH_M15_SNR48_REJEICAO_EXP_FIM_M15_ATUAL|ETHUSDT|1787666220;25/08/2026 10:57:00;ETHUSDT;ETH_M15_SNR48_REJEICAO_EXP_FIM_M15_ATUAL;CALL;2456.4;25/08/2026 11:00:00;1.82;5.0;PENDENTE;0.1610311236537993;6.8824884205706525
ETH_M15_SNR48_REJEICAO_EXP_FIM_M15_ATUAL|ETHUSDT|1787666700;25/08/2026 11:05:00;ETHUSDT;ETH_M15_SNR48_REJEICAO_EXP_FIM_M15_ATUAL;CALL;2463.49;25/08/2026 11:15:00;1.82;5.0;PENDENTE;0.7371414825427551;5.7041106143491485
DOGE_M15_SNR48_REJEICAO_EXP_FIM_PROX_M15|DOGEUSDT|1787666760;25/08/2026 11:06:00;DOGEUSDT;DOGE_M15_SNR48_REJEICAO_EXP_FIM_PROX_M15;CALL;0.0886;25/08/2026 11:30:00;1.82;5.0;PENDENTE;-0.04265170852860174;6.36932180693738
DOGE_RSI14_M5_K3_EXP_M1|DOGEUSDT|1787690880;25/08/2026 17:48:00;DOGEUSDT;DOGE_RSI14_M5_K3_EXP_M1;CALL;0.08623;25/08/2026 17:49:00;1.82;5.0;PENDENTE;20.992203933646763;3
ETH_M15_SNR48_REJEICAO_EXP_FIM_M15_ATUAL|ETHUSDT|1787691060;25/08/2026 17:51:00;ETHUSDT;ETH_M15_SNR48_REJEICAO_EXP_FIM_M15_ATUAL;CALL;2442.49;25/08/2026 18:00:00;1.82;5.0;PENDENTE;0.23927230504969152;5.828067050148156
DOGE_RSI14_M5_K3_EXP_M1|DOGEUSDT|1787691180;25/08/2026 17:53:00;DOGEUSDT;DOGE_RSI14_M5_K3_EXP_M1;CALL;0.08644;25/08/2026 17:54:00;1.82;5.0;PENDENTE;19.618699309691976;3
DOGE_RSI14_M5_K3_EXP_M1|DOGEUSDT|1787691480;25/08/2026 17:58:00;DOGEUSDT;DOGE_RSI14_M5_K3_EXP_M1;CALL;0.0861;25/08/2026 17:59:00;1.82;5.0;PENDENTE;22.49307594032041;3
DOGE_RSI14_M5_K3_EXP_M1|DOGEUSDT|1787691780;25/08/2026 18:03:00;DOGEUSDT;DOGE_RSI14_M5_K3_EXP_M1;CALL;0.08601;25/08/2026 18:04:00;1.82;5.0;PENDENTE;18.800617491728218;3
DOGE_M15_SNR48_REJEICAO_EXP_FIM_PROX_M15|DOGEUSDT|1787691780;25/08/2026 18:03:00;DOGEUSDT;DOGE_M15_SNR48_REJEICAO_EXP_FIM_PROX_M15;CALL;0.08601;25/08/2026 18:30:00;1.82;5.0;PENDENTE;0.016899081162769492;9.007210259747133
ETH_M15_SNR48_REJEICAO_EXP_FIM_M15_ATUAL|ETHUSDT|1787691960;25/08/2026 18:06:00;ETHUSDT;ETH_M15_SNR48_REJEICAO_EXP_FIM_M15_ATUAL;CALL;2439.49;25/08/2026 18:15:00;1.82;5.0;PENDENTE;-0.08239928581685384;5.409148053746566
DOGE_RSI14_M5_K3_EXP_M1|DOGEUSDT|1787692080;25/08/2026 18:08:00;DOGEUSDT;DOGE_RSI14_M5_K3_EXP_M1;CALL;0.08565;25/08/2026 18:09:00;1.82;5.0;PENDENTE;24.310427477826153;3
DOGE_RSI14_M5_K3_EXP_M1|DOGEUSDT|1787692380;25/08/2026 18:13:00;DOGEUSDT;DOGE_RSI14_M5_K3_EXP_M1;CALL;0.08567;25/08/2026 18:14:00;1.82;5.0;PENDENTE;19.225909661419806;3
ETH_M15_SNR48_REJEICAO_EXP_FIM_M15_ATUAL|ETHUSDT|1787692740;25/08/2026 18:19:00;ETHUSDT;ETH_M15_SNR48_REJEICAO_EXP_FIM_M15_ATUAL;CALL;2432.97;25/08/2026 18:30:00;1.82;5.0;PENDENTE;-0.09710745011717836;5.451089363306349
DOGE_M15_SNR48_REJEICAO_EXP_FIM_PROX_M15|DOGEUSDT|1787737740;26/08/2026 06:49:00;DOGEUSDT;DOGE_M15_SNR48_REJEICAO_EXP_FIM_PROX_M15;CALL;0.08586;26/08/2026 07:15:00;1.82;5.0;PENDENTE;1.0511716834433018;3.0766000491022716
ETH_M15_SNR48_REJEICAO_EXP_FIM_M15_ATUAL|ETHUSDT|1787741460;26/08/2026 07:51:00;ETHUSDT;ETH_M15_SNR48_REJEICAO_EXP_FIM_M15_ATUAL;PUT;2473.81;26/08/2026 08:00:00;1.82;5.0;PENDENTE;4.767637417790398;0.24957853806907118
DOGE_M15_SNR48_REJEICAO_EXP_FIM_PROX_M15|DOGEUSDT|1787741700;26/08/2026 07:55:00;DOGEUSDT;DOGE_M15_SNR48_REJEICAO_EXP_FIM_PROX_M15;PUT;0.08696;26/08/2026 08:15:00;1.82;5.0;PENDENTE;3.699356197442671;0.24499047665183996
DOGE_M15_SNR48_REJEICAO_EXP_FIM_PROX_M15|DOGEUSDT|1787742960;26/08/2026 08:16:00;DOGEUSDT;DOGE_M15_SNR48_REJEICAO_EXP_FIM_PROX_M15;PUT;0.08698;26/08/2026 08:45:00;1.82;5.0;PENDENTE;3.9060977012880835;0.2808305536873753
ETH_M15_SNR48_REJEICAO_EXP_FIM_M15_ATUAL|ETHUSDT|1787750760;26/08/2026 10:26:00;ETHUSDT;ETH_M15_SNR48_REJEICAO_EXP_FIM_M15_ATUAL;CALL;2443.28;26/08/2026 10:30:00;1.82;5.0;PENDENTE;0.05191194357029111;3.2463128920149296
DOGE_M15_SNR48_REJEICAO_EXP_FIM_PROX_M15|DOGEUSDT|1787751060;26/08/2026 10:31:00;DOGEUSDT;DOGE_M15_SNR48_REJEICAO_EXP_FIM_PROX_M15;CALL;0.08569;26/08/2026 11:00:00;1.82;5.0;PENDENTE;0.33549741928659754;2.762919923536626
ETH_M15_SNR48_REJEICAO_EXP_FIM_M15_ATUAL|ETHUSDT|1787751180;26/08/2026 10:33:00;ETHUSDT;ETH_M15_SNR48_REJEICAO_EXP_FIM_M15_ATUAL;CALL;2447.55;26/08/2026 10:45:00;1.82;5.0;PENDENTE;0.5560305848486428;2.830064934552758
DOGE_M15_SNR48_REJEICAO_EXP_FIM_PROX_M15|DOGEUSDT|1787754660;26/08/2026 11:31:00;DOGEUSDT;DOGE_M15_SNR48_REJEICAO_EXP_FIM_PROX_M15;CALL;0.08534;26/08/2026 12:00:00;1.82;5.0;PENDENTE;0.19742249453931962;3.1408124131255715
ETH_M15_SNR48_REJEICAO_EXP_FIM_M15_ATUAL|ETHUSDT|1787755980;26/08/2026 11:53:00;ETHUSDT;ETH_M15_SNR48_REJEICAO_EXP_FIM_M15_ATUAL;CALL;2446.09;26/08/2026 12:00:00;1.82;5.0;PENDENTE;0.7266005635137625;2.870477556911779
ETH_M15_SNR48_REJEICAO_EXP_FIM_M15_ATUAL|ETHUSDT|1787756460;26/08/2026 12:01:00;ETHUSDT;ETH_M15_SNR48_REJEICAO_EXP_FIM_M15_ATUAL;CALL;2441.38;26/08/2026 12:15:00;1.82;5.0;PENDENTE;0.27404255042765885;3.3566014017496824
DOGE_RSI14_M5_K3_EXP_M1|DOGEUSDT|1787756880;26/08/2026 12:08:00;DOGEUSDT;DOGE_RSI14_M5_K3_EXP_M1;CALL;0.08438;26/08/2026 12:09:00;1.82;5.0;PENDENTE;20.901367283827284;3
ETH_M15_SNR48_REJEICAO_EXP_FIM_M15_ATUAL|ETHUSDT|1787757660;26/08/2026 12:21:00;ETHUSDT;ETH_M15_SNR48_REJEICAO_EXP_FIM_M15_ATUAL;CALL;2441.27;26/08/2026 12:30:00;1.82;5.0;PENDENTE;0.27098566255121975;3.3536364870153403
DOGE_M15_SNR48_REJEICAO_EXP_FIM_PROX_M15|DOGEUSDT|1787757840;26/08/2026 12:24:00;DOGEUSDT;DOGE_M15_SNR48_REJEICAO_EXP_FIM_PROX_M15;CALL;0.08441;26/08/2026 12:45:00;1.82;5.0;PENDENTE;0.1706631153676972;4.573771491854157
DOGE_M15_SNR48_REJEICAO_EXP_FIM_PROX_M15|DOGEUSDT|1787761980;26/08/2026 13:33:00;DOGEUSDT;DOGE_M15_SNR48_REJEICAO_EXP_FIM_PROX_M15;CALL;0.0842;26/08/2026 14:00:00;1.82;5.0;PENDENTE;0.5751009677814394;5.193880615276117
ETH_M15_SNR48_REJEICAO_EXP_FIM_M15_ATUAL|ETHUSDT|1787772960;26/08/2026 16:36:00;ETHUSDT;ETH_M15_SNR48_REJEICAO_EXP_FIM_M15_ATUAL;PUT;2474.44;26/08/2026 16:45:00;1.82;5.0;PENDENTE;4.448368541787734;0.12291823507558652
DOGE_RSI14_M5_K3_EXP_M1|DOGEUSDT|1787779380;26/08/2026 18:23:00;DOGEUSDT;DOGE_RSI14_M5_K3_EXP_M1;PUT;0.08614;26/08/2026 18:24:00;1.82;5.0;PENDENTE;76.28268718914974;3
DOGE_RSI14_M5_K3_EXP_M1|DOGEUSDT|1787779680;26/08/2026 18:28:00;DOGEUSDT;DOGE_RSI14_M5_K3_EXP_M1;PUT;0.08601;26/08/2026 18:29:00;1.82;5.0;PENDENTE;76.28268718914974;3
DOGE_RSI14_M5_K3_EXP_M1|DOGEUSDT|1787779980;26/08/2026 18:33:00;DOGEUSDT;DOGE_RSI14_M5_K3_EXP_M1;PUT;0.086;26/08/2026 18:34:00;1.82;5.0;PENDENTE;77.7404540076808;3
ETH_M15_SNR48_REJEICAO_EXP_FIM_M15_ATUAL|ETHUSDT|1787780100;26/08/2026 18:35:00;ETHUSDT;ETH_M15_SNR48_REJEICAO_EXP_FIM_M15_ATUAL;PUT;2495.6;26/08/2026 18:45:00;1.82;5.0;PENDENTE;6.270367560062236;-0.09235733023213279
DOGE_RSI14_M5_K3_EXP_M1|DOGEUSDT|1787780580;26/08/2026 18:43:00;DOGEUSDT;DOGE_RSI14_M5_K3_EXP_M1;PUT;0.08609;26/08/2026 18:44:00;1.82;5.0;PENDENTE;75.79705020987561;3
ETH_M15_SNR48_REJEICAO_EXP_FIM_M15_ATUAL|ETHUSDT|1787782020;26/08/2026 19:07:00;ETHUSDT;ETH_M15_SNR48_REJEICAO_EXP_FIM_M15_ATUAL;PUT;2503.33;26/08/2026 19:15:00;1.82;5.0;PENDENTE;7.268775427495536;0.08410322915969436
DOGE_RSI14_M5_K3_EXP_M1|DOGEUSDT|1787782080;26/08/2026 19:08:00;DOGEUSDT;DOGE_RSI14_M5_K3_EXP_M1;PUT;0.08647;26/08/2026 19:09:00;1.82;5.0;PENDENTE;76.86244901453732;3
DOGE_RSI14_M5_K3_EXP_M1|DOGEUSDT|1787782980;26/08/2026 19:23:00;DOGEUSDT;DOGE_RSI14_M5_K3_EXP_M1;PUT;0.08692;26/08/2026 19:24:00;1.82;5.0;PENDENTE;76.81590372406212;3
DOGE_RSI14_M5_K3_EXP_M1|DOGEUSDT|1787783280;26/08/2026 19:28:00;DOGEUSDT;DOGE_RSI14_M5_K3_EXP_M1;PUT;0.08698;26/08/2026 19:29:00;1.82;5.0;PENDENTE;78.02437037734516;3
DOGE_M15_SNR48_REJEICAO_EXP_FIM_PROX_M15|DOGEUSDT|1787783520;26/08/2026 19:32:00;DOGEUSDT;DOGE_M15_SNR48_REJEICAO_EXP_FIM_PROX_M15;PUT;0.08687;26/08/2026 20:00:00;1.82;5.0;PENDENTE;6.530164197317994;0.4788787078033147
ETH_M15_SNR48_REJEICAO_EXP_FIM_M15_ATUAL|ETHUSDT|1787783520;26/08/2026 19:32:00;ETHUSDT;ETH_M15_SNR48_REJEICAO_EXP_FIM_M15_ATUAL;PUT;2501.81;26/08/2026 19:45:00;1.82;5.0;PENDENTE;6.849669300397971;0.512614039928852
DOGE_RSI14_M5_K3_EXP_M1|DOGEUSDT|1787783580;26/08/2026 19:33:00;DOGEUSDT;DOGE_RSI14_M5_K3_EXP_M1;PUT;0.08683;26/08/2026 19:34:00;1.82;5.0;PENDENTE;78.14704068088733;3
DOGE_RSI14_M5_K3_EXP_M1|DOGEUSDT|1787788680;26/08/2026 20:58:00;DOGEUSDT;DOGE_RSI14_M5_K3_EXP_M1;PUT;0.08782;26/08/2026 20:59:00;1.82;5.0;PENDENTE;75.24441125499139;3
DOGE_RSI14_M5_K3_EXP_M1|DOGEUSDT|1787788980;26/08/2026 21:03:00;DOGEUSDT;DOGE_RSI14_M5_K3_EXP_M1;PUT;0.08755;26/08/2026 21:04:00;1.82;5.0;PENDENTE;75.77317164837773;3
DOGE_M15_SNR48_REJEICAO_EXP_FIM_PROX_M15|DOGEUSDT|1787788980;26/08/2026 21:03:00;DOGEUSDT;DOGE_M15_SNR48_REJEICAO_EXP_FIM_PROX_M15;PUT;0.08755;26/08/2026 21:30:00;1.82;5.0;PENDENTE;7.8961807224284755;-0.064371038498063
DOGE_M15_SNR48_REJEICAO_EXP_FIM_PROX_M15|DOGEUSDT|1787817960;27/08/2026 05:06:00;DOGEUSDT;DOGE_M15_SNR48_REJEICAO_EXP_FIM_PROX_M15;PUT;0.08769;27/08/2026 05:30:00;1.82;5.0;PENDENTE;9.697357843754999;0.41517740003844283
ETH_M15_SNR48_REJEICAO_EXP_FIM_M15_ATUAL|ETHUSDT|1787817960;27/08/2026 05:06:00;ETHUSDT;ETH_M15_SNR48_REJEICAO_EXP_FIM_M15_ATUAL;PUT;2507.33;27/08/2026 05:15:00;1.82;5.0;PENDENTE;6.92891926295221;1.1845313815465832
DOGE_RSI14_M5_K3_EXP_M1|DOGEUSDT|1787818080;27/08/2026 05:08:00;DOGEUSDT;DOGE_RSI14_M5_K3_EXP_M1;PUT;0.08816;27/08/2026 05:09:00;1.82;5.0;PENDENTE;78.09792344338877;3
DOGE_RSI14_M5_K3_EXP_M1|DOGEUSDT|1787818380;27/08/2026 05:13:00;DOGEUSDT;DOGE_RSI14_M5_K3_EXP_M1;PUT;0.08849;27/08/2026 05:14:00;1.82;5.0;PENDENTE;86.0272784517413;3
ETH_M15_SNR48_REJEICAO_EXP_FIM_M15_ATUAL|ETHUSDT|1787818560;27/08/2026 05:16:00;ETHUSDT;ETH_M15_SNR48_REJEICAO_EXP_FIM_M15_ATUAL;PUT;2515.24;27/08/2026 05:30:00;1.82;5.0;PENDENTE;6.417291162845473;0.015184707884430614
DOGE_M15_SNR48_REJEICAO_EXP_FIM_PROX_M15|DOGEUSDT|1788128580;30/08/2026 19:23:00;DOGEUSDT;DOGE_M15_SNR48_REJEICAO_EXP_FIM_PROX_M15;PUT;0.08388;30/08/2026 19:45:00;1.82;5.0;PENDENTE;5.373243212921468;0.39900320888030116
DOGE_M15_SNR48_REJEICAO_EXP_FIM_PROX_M15|DOGEUSDT|1788132660;30/08/2026 20:31:00;DOGEUSDT;DOGE_M15_SNR48_REJEICAO_EXP_FIM_PROX_M15;CALL;0.08207;30/08/2026 21:00:00;1.82;5.0;PENDENTE;0.5586044924324364;5.213641929369333
DOGE_M15_SNR48_REJEICAO_EXP_FIM_PROX_M15|DOGEUSDT|1788134640;30/08/2026 21:04:00;DOGEUSDT;DOGE_M15_SNR48_REJEICAO_EXP_FIM_PROX_M15;CALL;0.08207;30/08/2026 21:30:00;1.82;5.0;PENDENTE;0.5586044924324364;5.213641929369333
DOGE_M15_SNR48_REJEICAO_EXP_FIM_PROX_M15|DOGEUSDT|1788138660;30/08/2026 22:11:00;DOGEUSDT;DOGE_M15_SNR48_REJEICAO_EXP_FIM_PROX_M15;CALL;0.08186;30/08/2026 22:30:00;1.82;5.0;PENDENTE;0.0;5.772246421801769
DOGE_M15_SNR48_REJEICAO_EXP_FIM_PROX_M15|DOGEUSDT|1788140220;30/08/2026 22:37:00;DOGEUSDT;DOGE_M15_SNR48_REJEICAO_EXP_FIM_PROX_M15;CALL;0.0819;30/08/2026 23:00:00;1.82;5.0;PENDENTE;0.10640085570141118;5.665845566100358
DOGE_M15_SNR48_REJEICAO_EXP_FIM_PROX_M15|DOGEUSDT|1788142080;30/08/2026 23:08:00;DOGEUSDT;DOGE_M15_SNR48_REJEICAO_EXP_FIM_PROX_M15;CALL;0.08187;30/08/2026 23:30:00;1.82;5.0;PENDENTE;0.026600213925343567;5.745646207876425
DOGE_M15_SNR48_REJEICAO_EXP_FIM_PROX_M15|DOGEUSDT|1788145380;31/08/2026 00:03:00;DOGEUSDT;DOGE_M15_SNR48_REJEICAO_EXP_FIM_PROX_M15;CALL;0.08194;31/08/2026 00:30:00;1.82;5.0;PENDENTE;0.21280171140282236;5.559444710398947
DOGE_M15_SNR48_REJEICAO_EXP_FIM_PROX_M15|DOGEUSDT|1788150360;31/08/2026 01:26:00;DOGEUSDT;DOGE_M15_SNR48_REJEICAO_EXP_FIM_PROX_M15;CALL;0.08199;31/08/2026 01:45:00;1.82;5.0;PENDENTE;0.3458027810295771;5.426443640772192
DOGE_M15_SNR48_REJEICAO_EXP_FIM_PROX_M15|DOGEUSDT|1788151860;31/08/2026 01:51:00;DOGEUSDT;DOGE_M15_SNR48_REJEICAO_EXP_FIM_PROX_M15;CALL;0.08201;31/08/2026 02:15:00;1.82;5.0;PENDENTE;0.39900320888030116;5.373243212921468
DOGE_M15_SNR48_REJEICAO_EXP_FIM_PROX_M15|DOGEUSDT|1788241920;01/09/2026 02:52:00;DOGEUSDT;DOGE_M15_SNR48_REJEICAO_EXP_FIM_PROX_M15;PUT;0.08383;01/09/2026 03:15:00;1.82;5.0;PENDENTE;5.240242143294713;0.5320042785070559
DOGE_M15_SNR48_REJEICAO_EXP_FIM_PROX_M15|DOGEUSDT|1788268140;01/09/2026 10:09:00;DOGEUSDT;DOGE_M15_SNR48_REJEICAO_EXP_FIM_PROX_M15;CALL;0.08249;01/09/2026 10:30:00;1.82;5.0;PENDENTE;1.6758134772972724;4.096432944504497
ETH_M15_SNR48_REJEICAO_EXP_FIM_M15_ATUAL|ETHUSDT|1788106020;30/08/2026 13:07:00;ETHUSDT;ETH_M15_SNR48_REJEICAO_EXP_FIM_M15_ATUAL;PUT;2483.79;30/08/2026 13:15:00;1.82;5.0;PENDENTE;5.945746691284681;0.19136508266698662
ETH_M15_SNR48_REJEICAO_EXP_FIM_M15_ATUAL|ETHUSDT|1788123720;30/08/2026 18:02:00;ETHUSDT;ETH_M15_SNR48_REJEICAO_EXP_FIM_M15_ATUAL;PUT;2465.83;30/08/2026 18:15:00;1.82;5.0;PENDENTE;3.9358537762560175;2.2012579976956497
ETH_M15_SNR48_REJEICAO_EXP_FIM_M15_ATUAL|ETHUSDT|1788127560;30/08/2026 19:06:00;ETHUSDT;ETH_M15_SNR48_REJEICAO_EXP_FIM_M15_ATUAL;PUT;2483.57;30/08/2026 19:15:00;1.82;5.0;PENDENTE;5.921126622169653;0.2159851517820146
ETH_M15_SNR48_REJEICAO_EXP_FIM_M15_ATUAL|ETHUSDT|1788132660;30/08/2026 20:31:00;ETHUSDT;ETH_M15_SNR48_REJEICAO_EXP_FIM_M15_ATUAL;CALL;2432.09;30/08/2026 20:45:00;1.82;5.0;PENDENTE;0.16003044924786008;5.977081324703807
ETH_M15_SNR48_REJEICAO_EXP_FIM_M15_ATUAL|ETHUSDT|1788135840;30/08/2026 21:24:00;ETHUSDT;ETH_M15_SNR48_REJEICAO_EXP_FIM_M15_ATUAL;CALL;2431.37;30/08/2026 21:30:00;1.82;5.0;PENDENTE;0.07945567759857577;6.057656096353091
ETH_M15_SNR48_REJEICAO_EXP_FIM_M15_ATUAL|ETHUSDT|1788136320;30/08/2026 21:32:00;ETHUSDT;ETH_M15_SNR48_REJEICAO_EXP_FIM_M15_ATUAL;CALL;2430.62;30/08/2026 21:45:00;1.82;5.0;PENDENTE;-0.004476376202732363;6.1415881501544
ETH_M15_SNR48_REJEICAO_EXP_FIM_M15_ATUAL|ETHUSDT|1788137460;30/08/2026 21:51:00;ETHUSDT;ETH_M15_SNR48_REJEICAO_EXP_FIM_M15_ATUAL;CALL;2431.69;30/08/2026 22:00:00;1.82;5.0;PENDENTE;0.11526668722048557;6.021845086731181
ETH_M15_SNR48_REJEICAO_EXP_FIM_M15_ATUAL|ETHUSDT|1788138180;30/08/2026 22:03:00;ETHUSDT;ETH_M15_SNR48_REJEICAO_EXP_FIM_M15_ATUAL;CALL;2430.066666;30/08/2026 22:15:00;1.82;5.0;PENDENTE;-0.06639965494682534;6.2035114288984925
ETH_M15_SNR48_REJEICAO_EXP_FIM_M15_ATUAL|ETHUSDT|1788153540;31/08/2026 02:19:00;ETHUSDT;ETH_M15_SNR48_REJEICAO_EXP_FIM_M15_ATUAL;CALL;2430.05;31/08/2026 02:30:00;1.82;5.0;PENDENTE;-0.06826473709169398;6.205376511043361
ETH_M15_SNR48_REJEICAO_EXP_FIM_M15_ATUAL|ETHUSDT|1788154860;31/08/2026 02:41:00;ETHUSDT;ETH_M15_SNR48_REJEICAO_EXP_FIM_M15_ATUAL;CALL;2433.51;31/08/2026 02:45:00;1.82;5.0;PENDENTE;0.31894180444501163;5.8181699695066555
ETH_M15_SNR48_REJEICAO_EXP_FIM_M15_ATUAL|ETHUSDT|1788156660;31/08/2026 03:11:00;ETHUSDT;ETH_M15_SNR48_REJEICAO_EXP_FIM_M15_ATUAL;CALL;2435.85;31/08/2026 03:15:00;1.82;5.0;PENDENTE;0.5808098123050583;5.556301961646609
ETH_M15_SNR48_REJEICAO_EXP_FIM_M15_ATUAL|ETHUSDT|1788201960;31/08/2026 15:46:00;ETHUSDT;ETH_M15_SNR48_REJEICAO_EXP_FIM_M15_ATUAL;PUT;2483.44;31/08/2026 16:00:00;1.82;5.0;PENDENTE;5.906578399510747;0.23053337444092023
ETH_M15_SNR48_REJEICAO_EXP_FIM_M15_ATUAL|ETHUSDT|1788203520;31/08/2026 16:12:00;ETHUSDT;ETH_M15_SNR48_REJEICAO_EXP_FIM_M15_ATUAL;PUT;2485.72;31/08/2026 16:15:00;1.82;5.0;PENDENTE;6.161731843066695;-0.024620069115027995
ETH_M15_SNR48_REJEICAO_EXP_FIM_M15_ATUAL|ETHUSDT|1788203760;31/08/2026 16:16:00;ETHUSDT;ETH_M15_SNR48_REJEICAO_EXP_FIM_M15_ATUAL;PUT;2484.65;31/08/2026 16:30:00;1.82;5.0;PENDENTE;6.041988779643528;0.09512299430813904
ETH_M15_SNR48_REJEICAO_EXP_FIM_M15_ATUAL|ETHUSDT|1788204720;31/08/2026 16:32:00;ETHUSDT;ETH_M15_SNR48_REJEICAO_EXP_FIM_M15_ATUAL;PUT;2482.97;31/08/2026 16:45:00;1.82;5.0;PENDENTE;5.853980979128566;0.28313079482310183
ETH_M15_SNR48_REJEICAO_EXP_FIM_M15_ATUAL|ETHUSDT|1788205860;31/08/2026 16:51:00;ETHUSDT;ETH_M15_SNR48_REJEICAO_EXP_FIM_M15_ATUAL;PUT;2481.76;31/08/2026 17:00:00;1.82;5.0;PENDENTE;5.718570598995835;0.41854117495583215
ETH_M15_SNR48_REJEICAO_EXP_FIM_M15_ATUAL|ETHUSDT|1788207720;31/08/2026 17:22:00;ETHUSDT;ETH_M15_SNR48_REJEICAO_EXP_FIM_M15_ATUAL;PUT;2483.17;31/08/2026 17:30:00;1.82;5.0;PENDENTE;5.876362860142278;0.26074891380938914
ETH_M15_SNR48_REJEICAO_EXP_FIM_M15_ATUAL|ETHUSDT|1788241860;01/09/2026 02:51:00;ETHUSDT;ETH_M15_SNR48_REJEICAO_EXP_FIM_M15_ATUAL;PUT;2482.95;01/09/2026 03:00:00;1.82;5.0;PENDENTE;5.851742791027199;0.285368982924468
ETH_M15_SNR48_REJEICAO_EXP_FIM_M15_ATUAL|ETHUSDT|1788242460;01/09/2026 03:01:00;ETHUSDT;ETH_M15_SNR48_REJEICAO_EXP_FIM_M15_ATUAL;PUT;2483.1;01/09/2026 03:15:00;1.82;5.0;PENDENTE;5.868529201787471;0.26858257216419623
ETH_M15_SNR48_REJEICAO_EXP_FIM_M15_ATUAL|ETHUSDT|1788268260;01/09/2026 10:11:00;ETHUSDT;ETH_M15_SNR48_REJEICAO_EXP_FIM_M15_ATUAL;CALL;2441.42;01/09/2026 10:15:00;1.82;5.0;PENDENTE;1.2041451985361251;4.932966575415542
ETH_M15_SNR48_REJEICAO_EXP_FIM_M15_ATUAL|ETHUSDT|1788270180;01/09/2026 10:43:00;ETHUSDT;ETH_M15_SNR48_REJEICAO_EXP_FIM_M15_ATUAL;CALL;2437.35;01/09/2026 10:45:00;1.82;5.0;PENDENTE;0.7486739199076746;5.388437854043993
DOGE_M15_SNR48_REJEICAO_EXP_FIM_PROX_M15|DOGEUSDT|1788280740;01/09/2026 13:39:00;DOGEUSDT;DOGE_M15_SNR48_REJEICAO_EXP_FIM_PROX_M15;CALL;0.0821;01/09/2026 14:00:00;1.82;5.0;PENDENTE;0.7163043155183645;4.937383317680079
ETH_M15_SNR48_REJEICAO_EXP_FIM_M15_ATUAL|ETHUSDT|1788280800;01/09/2026 13:40:00;ETHUSDT;ETH_M15_SNR48_REJEICAO_EXP_FIM_M15_ATUAL;CALL;2433.39;01/09/2026 13:45:00;1.82;5.0;PENDENTE;1.341250868480985;5.551436279312631
ETH_M15_SNR48_REJEICAO_EXP_FIM_M15_ATUAL|ETHUSDT|1788285780;01/09/2026 15:03:00;ETHUSDT;ETH_M15_SNR48_REJEICAO_EXP_FIM_M15_ATUAL;CALL;2421.09;01/09/2026 15:15:00;1.82;5.0;PENDENTE;0.031254495529005076;6.941731231115396
DOGE_M15_SNR48_REJEICAO_EXP_FIM_PROX_M15|DOGEUSDT|1788286380;01/09/2026 15:13:00;DOGEUSDT;DOGE_M15_SNR48_REJEICAO_EXP_FIM_PROX_M15;CALL;0.08189;01/09/2026 15:30:00;1.82;5.0;PENDENTE;0.1854803309442982;5.670398688868466
DOGE_RSI14_M5_K3_EXP_M1|DOGEUSDT|1788288180;01/09/2026 15:43:00;DOGEUSDT;DOGE_RSI14_M5_K3_EXP_M1;CALL;0.08112;01/09/2026 15:44:00;1.82;5.0;PENDENTE;24.098317592517503;3
DOGE_RSI14_M5_K3_EXP_M1|DOGEUSDT|1788288480;01/09/2026 15:48:00;DOGEUSDT;DOGE_RSI14_M5_K3_EXP_M1;CALL;0.08103;01/09/2026 15:49:00;1.82;5.0;PENDENTE;22.815616412243486;3
DOGE_M15_SNR48_REJEICAO_EXP_FIM_PROX_M15|DOGEUSDT|1788288600;01/09/2026 15:50:00;DOGEUSDT;DOGE_M15_SNR48_REJEICAO_EXP_FIM_PROX_M15;CALL;0.08132;01/09/2026 16:15:00;1.82;5.0;PENDENTE;0.34456647956890424;5.581976969016351
ETH_M15_SNR48_REJEICAO_EXP_FIM_M15_ATUAL|ETHUSDT|1788288660;01/09/2026 15:51:00;ETHUSDT;ETH_M15_SNR48_REJEICAO_EXP_FIM_M15_ATUAL;CALL;2403.99;01/09/2026 16:00:00;1.82;5.0;PENDENTE;0.06887146662655284;6.599138711308055
DOGE_M15_SNR48_REJEICAO_EXP_FIM_PROX_M15|DOGEUSDT|1788313560;01/09/2026 22:46:00;DOGEUSDT;DOGE_M15_SNR48_REJEICAO_EXP_FIM_PROX_M15;CALL;0.08077;01/09/2026 23:15:00;1.82;5.0;PENDENTE;0.0;6.638090687452723
DOGE_RSI14_M5_K3_EXP_M1|DOGEUSDT|1788313980;01/09/2026 22:53:00;DOGEUSDT;DOGE_RSI14_M5_K3_EXP_M1;CALL;0.08046;01/09/2026 22:54:00;1.82;5.0;PENDENTE;23.324649474460102;3
DOGE_RSI14_M5_K3_EXP_M1|DOGEUSDT|1788314280;01/09/2026 22:58:00;DOGEUSDT;DOGE_RSI14_M5_K3_EXP_M1;CALL;0.08061;01/09/2026 22:59:00;1.82;5.0;PENDENTE;22.9787014696724;3
ETH_M15_SNR48_REJEICAO_EXP_FIM_M15_ATUAL|ETHUSDT|1788333360;02/09/2026 04:16:00;ETHUSDT;ETH_M15_SNR48_REJEICAO_EXP_FIM_M15_ATUAL;PUT;2425.23;02/09/2026 04:30:00;1.82;5.0;PENDENTE;5.256884558285226;0.1903069436105511
DOGE_RSI14_M5_K3_EXP_M1|DOGEUSDT|1788338880;02/09/2026 05:48:00;DOGEUSDT;DOGE_RSI14_M5_K3_EXP_M1;CALL;0.08097;02/09/2026 05:49:00;1.82;5.0;PENDENTE;22.439292040851015;3
DOGE_RSI14_M5_K3_EXP_M1|DOGEUSDT|1788339180;02/09/2026 05:53:00;DOGEUSDT;DOGE_RSI14_M5_K3_EXP_M1;CALL;0.08091;02/09/2026 05:54:00;1.82;5.0;PENDENTE;21.030662564294104;3
DOGE_RSI14_M5_K3_EXP_M1|DOGEUSDT|1788339480;02/09/2026 05:58:00;DOGEUSDT;DOGE_RSI14_M5_K3_EXP_M1;CALL;0.08091;02/09/2026 05:59:00;1.82;5.0;PENDENTE;19.01102902324564;3
ETH_M15_SNR48_REJEICAO_EXP_FIM_M15_ATUAL|ETHUSDT|1788345360;02/09/2026 07:36:00;ETHUSDT;ETH_M15_SNR48_REJEICAO_EXP_FIM_M15_ATUAL;CALL;2366.87;02/09/2026 07:45:00;1.82;5.0;PENDENTE;-0.007824415200222702;6.944727376981435
DOGE_M15_SNR48_REJEICAO_EXP_FIM_PROX_M15|DOGEUSDT|1788346500;02/09/2026 07:55:00;DOGEUSDT;DOGE_M15_SNR48_REJEICAO_EXP_FIM_PROX_M15;CALL;0.08047;02/09/2026 08:15:00;1.82;5.0;PENDENTE;0.6109215248481894;5.532233808347526
ETH_M15_SNR48_REJEICAO_EXP_FIM_M15_ATUAL|ETHUSDT|1788346560;02/09/2026 07:56:00;ETHUSDT;ETH_M15_SNR48_REJEICAO_EXP_FIM_M15_ATUAL;CALL;2367.63;02/09/2026 08:00:00;1.82;5.0;PENDENTE;0.07616337091178899;6.774124743269728
DOGE_M15_SNR48_REJEICAO_EXP_FIM_PROX_M15|DOGEUSDT|1788356760;02/09/2026 10:46:00;DOGEUSDT;DOGE_M15_SNR48_REJEICAO_EXP_FIM_PROX_M15;PUT;0.08194;02/09/2026 11:15:00;1.82;5.0;PENDENTE;4.561217899763349;0.4077066279118265
ETH_M15_SNR48_REJEICAO_EXP_FIM_M15_ATUAL|ETHUSDT|1788397560;02/09/2026 22:06:00;ETHUSDT;ETH_M15_SNR48_REJEICAO_EXP_FIM_M15_ATUAL;CALL;2382.795;02/09/2026 22:15:00;1.82;5.0;PENDENTE;1.4619572576097244;5.4044785838956475
DOGE_M15_SNR48_REJEICAO_EXP_FIM_PROX_M15|DOGEUSDT|1788398160;02/09/2026 22:16:00;DOGEUSDT;DOGE_M15_SNR48_REJEICAO_EXP_FIM_PROX_M15;PUT;0.08203;02/09/2026 22:45:00;1.82;5.0;PENDENTE;3.6682189531053275;0.08274178089707984
DOGE_RSI14_M5_K3_EXP_M1|DOGEUSDT|1788399180;02/09/2026 22:33:00;DOGEUSDT;DOGE_RSI14_M5_K3_EXP_M1;PUT;0.08257;02/09/2026 22:34:00;1.82;5.0;PENDENTE;76.60388772107174;3
DOGE_RSI14_M5_K3_EXP_M1|DOGEUSDT|1788399480;02/09/2026 22:38:00;DOGEUSDT;DOGE_RSI14_M5_K3_EXP_M1;PUT;0.08228;02/09/2026 22:39:00;1.82;5.0;PENDENTE;78.48227215200532;3
DOGE_M15_SNR48_REJEICAO_EXP_FIM_PROX_M15|DOGEUSDT|1788400680;02/09/2026 22:58:00;DOGEUSDT;DOGE_M15_SNR48_REJEICAO_EXP_FIM_PROX_M15;PUT;0.0823;02/09/2026 23:15:00;1.82;5.0;PENDENTE;4.253762528983783;0.42537625289839676
DOGE_M15_SNR48_REJEICAO_EXP_FIM_PROX_M15|DOGEUSDT|1788402420;02/09/2026 23:27:00;DOGEUSDT;DOGE_M15_SNR48_REJEICAO_EXP_FIM_PROX_M15;PUT;0.08251;02/09/2026 23:45:00;1.82;5.0;PENDENTE;4.737887469704211;0.28793791252345674
DOGE_RSI14_M5_K3_EXP_M1|DOGEUSDT|1788403080;02/09/2026 23:38:00;DOGEUSDT;DOGE_RSI14_M5_K3_EXP_M1;PUT;0.08301;02/09/2026 23:39:00;1.82;5.0;PENDENTE;76.3526560402639;3
ETH_M15_SNR48_REJEICAO_EXP_FIM_M15_ATUAL|ETHUSDT|1788403560;02/09/2026 23:46:00;ETHUSDT;ETH_M15_SNR48_REJEICAO_EXP_FIM_M15_ATUAL;PUT;2404.12;03/09/2026 00:00:00;1.82;5.0;PENDENTE;4.006152340423644;0.08408064232697518
DOGE_M15_SNR48_REJEICAO_EXP_FIM_PROX_M15|DOGEUSDT|1788404460;03/09/2026 00:01:00;DOGEUSDT;DOGE_M15_SNR48_REJEICAO_EXP_FIM_PROX_M15;PUT;0.08306;03/09/2026 00:30:00;1.82;5.0;PENDENTE;6.002857537636152;0.40697339238213054
ETH_M15_SNR48_REJEICAO_EXP_FIM_M15_ATUAL|ETHUSDT|1788404460;03/09/2026 00:01:00;ETHUSDT;ETH_M15_SNR48_REJEICAO_EXP_FIM_M15_ATUAL;PUT;2404.2;03/09/2026 00:15:00;1.82;5.0;PENDENTE;4.052097863862911;0.35705556375038977
ETH_M15_SNR48_REJEICAO_EXP_FIM_M15_ATUAL|ETHUSDT|1788405660;03/09/2026 00:21:00;ETHUSDT;ETH_M15_SNR48_REJEICAO_EXP_FIM_M15_ATUAL;PUT;2407.79;03/09/2026 00:30:00;1.82;5.0;PENDENTE;4.593384947660337;0.25036158741450487
ETH_M15_SNR48_REJEICAO_EXP_FIM_M15_ATUAL|ETHUSDT|1788411900;03/09/2026 02:05:00;ETHUSDT;ETH_M15_SNR48_REJEICAO_EXP_FIM_M15_ATUAL;PUT;2407.45;03/09/2026 02:15:00;1.82;5.0;PENDENTE;5.066813708560516;0.5001678771848568
ETH_M15_SNR48_REJEICAO_EXP_FIM_M15_ATUAL|ETHUSDT|1788417360;03/09/2026 03:36:00;ETHUSDT;ETH_M15_SNR48_REJEICAO_EXP_FIM_M15_ATUAL;PUT;2408.28;03/09/2026 03:45:00;1.82;5.0;PENDENTE;4.197301627804314;0.3082557345524898
ETH_M15_SNR48_REJEICAO_EXP_FIM_M15_ATUAL|ETHUSDT|1788417960;03/09/2026 03:46:00;ETHUSDT;ETH_M15_SNR48_REJEICAO_EXP_FIM_M15_ATUAL;PUT;2407.77;03/09/2026 04:00:00;1.82;5.0;PENDENTE;4.308251339075923;0.38270605980508027
ETH_M15_SNR48_REJEICAO_EXP_FIM_M15_ATUAL|ETHUSDT|1788419460;03/09/2026 04:11:00;ETHUSDT;ETH_M15_SNR48_REJEICAO_EXP_FIM_M15_ATUAL;PUT;2410.31;03/09/2026 04:15:00;1.82;5.0;PENDENTE;4.831843087438063;0.07860121259896417
ETH_M15_SNR48_REJEICAO_EXP_FIM_M15_ATUAL|ETHUSDT|1788419760;03/09/2026 04:16:00;ETHUSDT;ETH_M15_SNR48_REJEICAO_EXP_FIM_M15_ATUAL;PUT;2410.22;03/09/2026 04:30:00;1.82;5.0;PENDENTE;4.666528135495927;0.087137224352138
DOGE_M15_SNR48_REJEICAO_EXP_FIM_PROX_M15|DOGEUSDT|1788420300;03/09/2026 04:25:00;DOGEUSDT;DOGE_M15_SNR48_REJEICAO_EXP_FIM_PROX_M15;PUT;0.0833;03/09/2026 04:45:00;1.82;5.0;PENDENTE;6.39018929511988;-0.026405740888914828
DOGE_M15_SNR48_REJEICAO_EXP_FIM_PROX_M15|DOGEUSDT|1788423180;03/09/2026 05:13:00;DOGEUSDT;DOGE_M15_SNR48_REJEICAO_EXP_FIM_PROX_M15;PUT;0.08336;03/09/2026 05:30:00;1.82;5.0;PENDENTE;6.020066906780871;0.8010572900151859
DOGE_M15_SNR48_REJEICAO_EXP_FIM_PROX_M15|DOGEUSDT|1788438960;03/09/2026 09:36:00;DOGEUSDT;DOGE_M15_SNR48_REJEICAO_EXP_FIM_PROX_M15;PUT;0.08331;03/09/2026 10:00:00;1.82;5.0;PENDENTE;6.715138323869947;1.1924077397526303
ETH_M15_SNR48_REJEICAO_EXP_FIM_M15_ATUAL|ETHUSDT|1788438960;03/09/2026 09:36:00;ETHUSDT;ETH_M15_SNR48_REJEICAO_EXP_FIM_M15_ATUAL;PUT;2413.63;03/09/2026 09:45:00;1.82;5.0;PENDENTE;5.899455084410285;0.8115932279391754
ETH_M15_SNR48_REJEICAO_EXP_FIM_M15_ATUAL|ETHUSDT|1788439860;03/09/2026 09:51:00;ETHUSDT;ETH_M15_SNR48_REJEICAO_EXP_FIM_M15_ATUAL;PUT;2416.67;03/09/2026 10:00:00;1.82;5.0;PENDENTE;5.851630891469551;0.3499937652614852
ETH_M15_SNR48_REJEICAO_EXP_FIM_M15_ATUAL|ETHUSDT|1788440460;03/09/2026 10:01:00;ETHUSDT;ETH_M15_SNR48_REJEICAO_EXP_FIM_M15_ATUAL;PUT;2419.66;03/09/2026 10:15:00;1.82;5.0;PENDENTE;5.930687075487279;0.4423350721734052
DOGE_M15_SNR48_REJEICAO_EXP_FIM_PROX_M15|DOGEUSDT|1788440460;03/09/2026 10:01:00;DOGEUSDT;DOGE_M15_SNR48_REJEICAO_EXP_FIM_PROX_M15;PUT;0.08343;03/09/2026 10:30:00;1.82;5.0;PENDENTE;6.558734764859643;0.7545447074617188
ETH_M15_SNR48_REJEICAO_EXP_FIM_M15_ATUAL|ETHUSDT|1788442560;03/09/2026 10:36:00;ETHUSDT;ETH_M15_SNR48_REJEICAO_EXP_FIM_M15_ATUAL;PUT;2426.32;03/09/2026 10:45:00;1.82;5.0;PENDENTE;5.472978792484587;0.03396455916585342
DOGE_M15_SNR48_REJEICAO_EXP_FIM_PROX_M15|DOGEUSDT|1788443160;03/09/2026 10:46:00;DOGEUSDT;DOGE_M15_SNR48_REJEICAO_EXP_FIM_PROX_M15;PUT;0.0836;03/09/2026 11:15:00;1.82;5.0;PENDENTE;4.681996251142603;0.4943722749653781
ETH_M15_SNR48_REJEICAO_EXP_FIM_M15_ATUAL|ETHUSDT|1788443700;03/09/2026 10:55:00;ETHUSDT;ETH_M15_SNR48_REJEICAO_EXP_FIM_M15_ATUAL;PUT;2426.63;03/09/2026 11:00:00;1.82;5.0;PENDENTE;5.509285735041186;-0.0023423833907466754
DOGE_RSI14_M5_K3_EXP_M1|DOGEUSDT|1788444480;03/09/2026 11:08:00;DOGEUSDT;DOGE_RSI14_M5_K3_EXP_M1;PUT;0.08346;03/09/2026 11:09:00;1.82;5.0;PENDENTE;80.30866259855449;3
DOGE_RSI14_M5_K3_EXP_M1|DOGEUSDT|1788444780;03/09/2026 11:13:00;DOGEUSDT;DOGE_RSI14_M5_K3_EXP_M1;PUT;0.08358;03/09/2026 11:14:00;1.82;5.0;PENDENTE;80.30866259855449;3
DOGE_RSI14_M5_K3_EXP_M1|DOGEUSDT|1788445080;03/09/2026 11:18:00;DOGEUSDT;DOGE_RSI14_M5_K3_EXP_M1;PUT;0.08387;03/09/2026 11:19:00;1.82;5.0;PENDENTE;80.30866259855449;3
DOGE_RSI14_M5_K3_EXP_M1|DOGEUSDT|1788445380;03/09/2026 11:23:00;DOGEUSDT;DOGE_RSI14_M5_K3_EXP_M1;PUT;0.08435;03/09/2026 11:24:00;1.82;5.0;PENDENTE;80.30866259855449;3
DOGE_RSI14_M5_K3_EXP_M1|DOGEUSDT|1788445680;03/09/2026 11:28:00;DOGEUSDT;DOGE_RSI14_M5_K3_EXP_M1;PUT;0.08459;03/09/2026 11:29:00;1.82;5.0;PENDENTE;80.30866259855449;3
DOGE_RSI14_M5_K3_EXP_M1|DOGEUSDT|1788445980;03/09/2026 11:33:00;DOGEUSDT;DOGE_RSI14_M5_K3_EXP_M1;PUT;0.08495;03/09/2026 11:34:00;1.82;5.0;PENDENTE;80.30866259855449;3
ETH_M15_SNR48_REJEICAO_EXP_FIM_M15_ATUAL|ETHUSDT|1788444960;03/09/2026 11:16:00;ETHUSDT;ETH_M15_SNR48_REJEICAO_EXP_FIM_M15_ATUAL;PUT;2438.71;03/09/2026 11:30:00;1.82;5.0;PENDENTE;6.282757630225054;0.11371026157547105
DOGE_RSI14_M5_K3_EXP_M1|DOGEUSDT|1788446280;03/09/2026 11:38:00;DOGEUSDT;DOGE_RSI14_M5_K3_EXP_M1;PUT;0.08548;03/09/2026 11:39:00;1.82;5.0;PENDENTE;80.30866259855449;3
DOGE_RSI14_M5_K3_EXP_M1|DOGEUSDT|1788446580;03/09/2026 11:43:00;DOGEUSDT;DOGE_RSI14_M5_K3_EXP_M1;PUT;0.08596;03/09/2026 11:44:00;1.82;5.0;PENDENTE;84.12037848346986;3
DOGE_RSI14_M5_K3_EXP_M1|DOGEUSDT|1788446880;03/09/2026 11:48:00;DOGEUSDT;DOGE_RSI14_M5_K3_EXP_M1;PUT;0.08611;03/09/2026 11:49:00;1.82;5.0;PENDENTE;86.90983941925428;3
DOGE_RSI14_M5_K3_EXP_M1|DOGEUSDT|1788447180;03/09/2026 11:53:00;DOGEUSDT;DOGE_RSI14_M5_K3_EXP_M1;PUT;0.08667;03/09/2026 11:54:00;1.82;5.0;PENDENTE;90.18075933949652;3
DOGE_RSI14_M5_K3_EXP_M1|DOGEUSDT|1788447480;03/09/2026 11:58:00;DOGEUSDT;DOGE_RSI14_M5_K3_EXP_M1;PUT;0.08692;03/09/2026 11:59:00;1.82;5.0;PENDENTE;90.61716148741016;3
DOGE_M15_SNR48_REJEICAO_EXP_FIM_PROX_M15|DOGEUSDT|1788453360;03/09/2026 13:36:00;DOGEUSDT;DOGE_M15_SNR48_REJEICAO_EXP_FIM_PROX_M15;PUT;0.08954;03/09/2026 14:00:00;1.82;5.0;PENDENTE;12.869916540452522;0.808966182542749
DOGE_M15_SNR48_REJEICAO_EXP_FIM_PROX_M15|DOGEUSDT|1788462360;03/09/2026 16:06:00;DOGEUSDT;DOGE_M15_SNR48_REJEICAO_EXP_FIM_PROX_M15;PUT;0.08959;03/09/2026 16:30:00;1.82;5.0;PENDENTE;12.961844515741484;0.7170382072537869
ETH_M15_SNR48_REJEICAO_EXP_FIM_M15_ATUAL|ETHUSDT|1788462360;03/09/2026 16:06:00;ETHUSDT;ETH_M15_SNR48_REJEICAO_EXP_FIM_M15_ATUAL;PUT;2518.26;03/09/2026 16:15:00;1.82;5.0;PENDENTE;12.466621394636704;1.0623746440306947
DOGE_M15_SNR48_REJEICAO_EXP_FIM_PROX_M15|DOGEUSDT|1788501120;04/09/2026 02:52:00;DOGEUSDT;DOGE_M15_SNR48_REJEICAO_EXP_FIM_PROX_M15;CALL;0.08671;04/09/2026 03:15:00;1.82;5.0;PENDENTE;0.259623303957022;9.231050807361537
DOGE_M15_SNR48_REJEICAO_EXP_FIM_PROX_M15|DOGEUSDT|1788503760;04/09/2026 03:36:00;DOGEUSDT;DOGE_M15_SNR48_REJEICAO_EXP_FIM_PROX_M15;CALL;0.08671;04/09/2026 04:00:00;1.82;5.0;PENDENTE;0.24509642535521195;8.714539568186028
ETH_M15_SNR48_REJEICAO_EXP_FIM_M15_ATUAL|ETHUSDT|1788511980;04/09/2026 05:53:00;ETHUSDT;ETH_M15_SNR48_REJEICAO_EXP_FIM_M15_ATUAL;PUT;2524.18;04/09/2026 06:00:00;1.82;5.0;PENDENTE;4.30036160990828;0.260594738326615
ETH_M15_SNR48_REJEICAO_EXP_FIM_M15_ATUAL|ETHUSDT|1788512460;04/09/2026 06:01:00;ETHUSDT;ETH_M15_SNR48_REJEICAO_EXP_FIM_M15_ATUAL;PUT;2526.53;04/09/2026 06:15:00;1.82;5.0;PENDENTE;4.273017302428114;-0.04371474070031546
ETH_M15_SNR48_REJEICAO_EXP_FIM_M15_ATUAL|ETHUSDT|1788513720;04/09/2026 06:22:00;ETHUSDT;ETH_M15_SNR48_REJEICAO_EXP_FIM_M15_ATUAL;PUT;2527.04;04/09/2026 06:30:00;1.82;5.0;PENDENTE;4.239890944298207;0.6128385125336212
