id;horario_entrada;horario_expiracao;ativo;candidata;lado;linha_entrada;linha_saida;resultado;odd;stake_virtual;pnl_virtual
ETH_M15_SNR48_REJEICAO_EXP_FIM_M15_ATUAL|ETHUSDT|1786929060;16/08/2026 22:11:00;16/08/2026 22:15:00;ETHUSDT;ETH_M15_SNR48_REJEICAO_EXP_FIM_M15_ATUAL;PUT;1890.3;1889.52;WIN;1.82;5.0;4.1
DOGE_M15_SNR48_REJEICAO_EXP_FIM_PROX_M15|DOGEUSDT|1786929000;16/08/2026 22:10:00;16/08/2026 22:30:00;DOGEUSDT;DOGE_M15_SNR48_REJEICAO_EXP_FIM_PROX_M15;PUT;0.07;0.07005;LOSS;;5.0;
ETH_M15_SNR48_REJEICAO_EXP_FIM_M15_ATUAL|ETHUSDT|1786930620;16/08/2026 22:37:00;16/08/2026 22:45:00;ETHUSDT;ETH_M15_SNR48_REJEICAO_EXP_FIM_M15_ATUAL;PUT;1892.7;1894.72;LOSS;1.82;5.0;-5.0
DOGE_M15_SNR48_REJEICAO_EXP_FIM_PROX_M15|DOGEUSDT|1786930620;16/08/2026 22:37:00;16/08/2026 23:00:00;DOGEUSDT;DOGE_M15_SNR48_REJEICAO_EXP_FIM_PROX_M15;PUT;0.07015;0.06998;WIN;;5.0;
ETH_M15_SNR48_REJEICAO_EXP_FIM_M15_ATUAL|ETHUSDT|1786934220;16/08/2026 23:37:00;16/08/2026 23:45:00;ETHUSDT;ETH_M15_SNR48_REJEICAO_EXP_FIM_M15_ATUAL;PUT;1894.92;1895.75;LOSS;1.82;5.0;-5.0
DOGE_M15_SNR48_REJEICAO_EXP_FIM_PROX_M15|DOGEUSDT|1786935360;16/08/2026 23:56:00;17/08/2026 00:15:00;DOGEUSDT;DOGE_M15_SNR48_REJEICAO_EXP_FIM_PROX_M15;PUT;0.07018;0.07017;WIN;;5.0;
DOGE_M15_SNR48_REJEICAO_EXP_FIM_PROX_M15|DOGEUSDT|1786940760;17/08/2026 01:26:00;17/08/2026 01:45:00;DOGEUSDT;DOGE_M15_SNR48_REJEICAO_EXP_FIM_PROX_M15;PUT;0.07021;0.07021;EMPATE;;5.0;0.0
DOGE_M15_SNR48_REJEICAO_EXP_FIM_PROX_M15|DOGEUSDT|1786947900;17/08/2026 03:25:00;17/08/2026 03:45:00;DOGEUSDT;DOGE_M15_SNR48_REJEICAO_EXP_FIM_PROX_M15;PUT;0.07024;0.07036;LOSS;;5.0;
DOGE_M15_SNR48_REJEICAO_EXP_FIM_PROX_M15|DOGEUSDT|1786950060;17/08/2026 04:01:00;17/08/2026 04:30:00;DOGEUSDT;DOGE_M15_SNR48_REJEICAO_EXP_FIM_PROX_M15;PUT;0.07044;0.07037;WIN;;5.0;
ETH_M15_SNR48_REJEICAO_EXP_FIM_M15_ATUAL|ETHUSDT|1786949580;17/08/2026 03:53:00;17/08/2026 04:00:00;ETHUSDT;ETH_M15_SNR48_REJEICAO_EXP_FIM_M15_ATUAL;PUT;1908.81;1907.05;WIN;1.82;5.0;4.1
ETH_M15_SNR48_REJEICAO_EXP_FIM_M15_ATUAL|ETHUSDT|1786955160;17/08/2026 05:26:00;17/08/2026 05:30:00;ETHUSDT;ETH_M15_SNR48_REJEICAO_EXP_FIM_M15_ATUAL;CALL;1894.4;1895.38;WIN;1.82;5.0;4.1
ETH_M15_SNR48_REJEICAO_EXP_FIM_M15_ATUAL|ETHUSDT|1786956900;17/08/2026 05:55:00;17/08/2026 06:00:00;ETHUSDT;ETH_M15_SNR48_REJEICAO_EXP_FIM_M15_ATUAL;CALL;1894.41;1894.43;WIN;1.82;5.0;4.1
ETH_M15_SNR48_REJEICAO_EXP_FIM_M15_ATUAL|ETHUSDT|1786962060;17/08/2026 07:21:00;17/08/2026 07:30:00;ETHUSDT;ETH_M15_SNR48_REJEICAO_EXP_FIM_M15_ATUAL;CALL;1892.74;1898.68;WIN;1.82;5.0;4.1
DOGE_M15_SNR48_REJEICAO_EXP_FIM_PROX_M15|DOGEUSDT|1786979580;17/08/2026 12:13:00;17/08/2026 12:30:00;DOGEUSDT;DOGE_M15_SNR48_REJEICAO_EXP_FIM_PROX_M15;PUT;0.07036;0.07045;LOSS;;5.0;
ETH_M15_SNR48_REJEICAO_EXP_FIM_M15_ATUAL|ETHUSDT|1786982160;17/08/2026 12:56:00;17/08/2026 13:00:00;ETHUSDT;ETH_M15_SNR48_REJEICAO_EXP_FIM_M15_ATUAL;PUT;1912.63;1913.22;LOSS;1.82;5.0;-5.0
DOGE_M15_SNR48_REJEICAO_EXP_FIM_PROX_M15|DOGEUSDT|1786982160;17/08/2026 12:56:00;17/08/2026 13:15:00;DOGEUSDT;DOGE_M15_SNR48_REJEICAO_EXP_FIM_PROX_M15;PUT;0.07048;0.07034;WIN;;5.0;
ETH_M15_SNR48_REJEICAO_EXP_FIM_M15_ATUAL|ETHUSDT|1786982460;17/08/2026 13:01:00;17/08/2026 13:15:00;ETHUSDT;ETH_M15_SNR48_REJEICAO_EXP_FIM_M15_ATUAL;PUT;1911.81;1909.12;WIN;1.82;5.0;4.1
ETH_M15_SNR48_REJEICAO_EXP_FIM_M15_ATUAL|ETHUSDT|1787009760;17/08/2026 20:36:00;17/08/2026 20:45:00;ETHUSDT;ETH_M15_SNR48_REJEICAO_EXP_FIM_M15_ATUAL;PUT;1915.56;1912.55;WIN;1.82;5.0;4.1
DOGE_M15_SNR48_REJEICAO_EXP_FIM_PROX_M15|DOGEUSDT|1787018760;17/08/2026 23:06:00;17/08/2026 23:30:00;DOGEUSDT;DOGE_M15_SNR48_REJEICAO_EXP_FIM_PROX_M15;CALL;0.0701;0.06995;LOSS;;5.0;
ETH_M15_SNR48_REJEICAO_EXP_FIM_M15_ATUAL|ETHUSDT|1787019600;17/08/2026 23:20:00;17/08/2026 23:30:00;ETHUSDT;ETH_M15_SNR48_REJEICAO_EXP_FIM_M15_ATUAL;CALL;1900.0;1898.079091;LOSS;1.82;5.0;-5.0
ETH_M15_SNR48_REJEICAO_EXP_FIM_M15_ATUAL|ETHUSDT|1787021040;17/08/2026 23:44:00;17/08/2026 23:45:00;ETHUSDT;ETH_M15_SNR48_REJEICAO_EXP_FIM_M15_ATUAL;CALL;1898.0422;1894.6;LOSS;1.82;5.0;-5.0
DOGE_RSI14_M5_K3_EXP_M1|DOGEUSDT|1787021280;17/08/2026 23:48:00;17/08/2026 23:49:00;DOGEUSDT;DOGE_RSI14_M5_K3_EXP_M1;CALL;0.06981;0.06979;LOSS;;5.0;
DOGE_M15_SNR48_REJEICAO_EXP_FIM_PROX_M15|DOGEUSDT|1787020800;17/08/2026 23:40:00;18/08/2026 00:00:00;DOGEUSDT;DOGE_M15_SNR48_REJEICAO_EXP_FIM_PROX_M15;CALL;0.06997;0.06973;LOSS;;5.0;
DOGE_RSI14_M5_K3_EXP_M1|DOGEUSDT|1787022180;18/08/2026 00:03:00;18/08/2026 00:04:00;DOGEUSDT;DOGE_RSI14_M5_K3_EXP_M1;CALL;0.06978;0.06978;EMPATE;;5.0;0.0
ETH_M15_SNR48_REJEICAO_EXP_FIM_M15_ATUAL|ETHUSDT|1787022060;18/08/2026 00:01:00;18/08/2026 00:15:00;ETHUSDT;ETH_M15_SNR48_REJEICAO_EXP_FIM_M15_ATUAL;CALL;1893.72;1891.66;LOSS;1.82;5.0;-5.0
DOGE_M15_SNR48_REJEICAO_EXP_FIM_PROX_M15|DOGEUSDT|1787022420;18/08/2026 00:07:00;18/08/2026 00:30:00;DOGEUSDT;DOGE_M15_SNR48_REJEICAO_EXP_FIM_PROX_M15;CALL;0.06981;0.06984;WIN;;5.0;
ETH_M15_SNR48_REJEICAO_EXP_FIM_M15_ATUAL|ETHUSDT|1787023560;18/08/2026 00:26:00;18/08/2026 00:30:00;ETHUSDT;ETH_M15_SNR48_REJEICAO_EXP_FIM_M15_ATUAL;CALL;1890.75;1890.99;WIN;1.82;5.0;4.1
ETH_M15_SNR48_REJEICAO_EXP_FIM_M15_ATUAL|ETHUSDT|1787024160;18/08/2026 00:36:00;18/08/2026 00:45:00;ETHUSDT;ETH_M15_SNR48_REJEICAO_EXP_FIM_M15_ATUAL;CALL;1890.1;1895.46;WIN;1.82;5.0;4.1
DOGE_M15_SNR48_REJEICAO_EXP_FIM_PROX_M15|DOGEUSDT|1787031540;18/08/2026 02:39:00;18/08/2026 03:00:00;DOGEUSDT;DOGE_M15_SNR48_REJEICAO_EXP_FIM_PROX_M15;CALL;0.06975;0.0698;WIN;;5.0;
DOGE_M15_SNR48_REJEICAO_EXP_FIM_PROX_M15|DOGEUSDT|1787061420;18/08/2026 10:57:00;18/08/2026 11:15:00;DOGEUSDT;DOGE_M15_SNR48_REJEICAO_EXP_FIM_PROX_M15;CALL;0.06977;0.06981;WIN;;5.0;
DOGE_M15_SNR48_REJEICAO_EXP_FIM_PROX_M15|DOGEUSDT|1787078580;18/08/2026 15:43:00;18/08/2026 16:00:00;DOGEUSDT;DOGE_M15_SNR48_REJEICAO_EXP_FIM_PROX_M15;PUT;0.0705;0.07047;WIN;;5.0;
DOGE_M15_SNR48_REJEICAO_EXP_FIM_PROX_M15|DOGEUSDT|1787080140;18/08/2026 16:09:00;18/08/2026 16:30:00;DOGEUSDT;DOGE_M15_SNR48_REJEICAO_EXP_FIM_PROX_M15;PUT;0.07047;0.07054;LOSS;;5.0;
DOGE_M15_SNR48_REJEICAO_EXP_FIM_PROX_M15|DOGEUSDT|1787081580;18/08/2026 16:33:00;18/08/2026 17:00:00;DOGEUSDT;DOGE_M15_SNR48_REJEICAO_EXP_FIM_PROX_M15;PUT;0.07053;0.07037;WIN;;5.0;
ETH_M15_SNR48_REJEICAO_EXP_FIM_M15_ATUAL|ETHUSDT|1787060280;18/08/2026 10:38:00;18/08/2026 10:45:00;ETHUSDT;ETH_M15_SNR48_REJEICAO_EXP_FIM_M15_ATUAL;CALL;1895.87;1897.3;WIN;1.82;5.0;4.1
ETH_M15_SNR48_REJEICAO_EXP_FIM_M15_ATUAL|ETHUSDT|1787063520;18/08/2026 11:32:00;18/08/2026 11:45:00;ETHUSDT;ETH_M15_SNR48_REJEICAO_EXP_FIM_M15_ATUAL;PUT;1917.1;1912.37;WIN;1.82;5.0;4.1
ETH_M15_SNR48_REJEICAO_EXP_FIM_M15_ATUAL|ETHUSDT|1787108160;18/08/2026 23:56:00;19/08/2026 00:00:00;ETHUSDT;ETH_M15_SNR48_REJEICAO_EXP_FIM_M15_ATUAL;CALL;1908.58;1907.7;LOSS;1.82;5.0;-5.0
ETH_M15_SNR48_REJEICAO_EXP_FIM_M15_ATUAL|ETHUSDT|1787108460;19/08/2026 00:01:00;19/08/2026 00:15:00;ETHUSDT;ETH_M15_SNR48_REJEICAO_EXP_FIM_M15_ATUAL;CALL;1908.22;1911.28;WIN;1.82;5.0;4.1
ETH_M15_SNR48_REJEICAO_EXP_FIM_M15_ATUAL|ETHUSDT|1787119860;19/08/2026 03:11:00;19/08/2026 03:15:00;ETHUSDT;ETH_M15_SNR48_REJEICAO_EXP_FIM_M15_ATUAL;CALL;1907.26;1907.06;LOSS;1.82;5.0;-5.0
DOGE_M15_SNR48_REJEICAO_EXP_FIM_PROX_M15|DOGEUSDT|1787119860;19/08/2026 03:11:00;19/08/2026 03:30:00;DOGEUSDT;DOGE_M15_SNR48_REJEICAO_EXP_FIM_PROX_M15;CALL;0.06989;0.07;WIN;;5.0;
ETH_M15_SNR48_REJEICAO_EXP_FIM_M15_ATUAL|ETHUSDT|1787120160;19/08/2026 03:16:00;19/08/2026 03:30:00;ETHUSDT;ETH_M15_SNR48_REJEICAO_EXP_FIM_M15_ATUAL;CALL;1908.98;1910.91;WIN;1.82;5.0;4.1
ETH_M15_SNR48_REJEICAO_EXP_FIM_M15_ATUAL|ETHUSDT|1787123760;19/08/2026 04:16:00;19/08/2026 04:30:00;ETHUSDT;ETH_M15_SNR48_REJEICAO_EXP_FIM_M15_ATUAL;PUT;1919.52;1917.98;WIN;1.82;5.0;4.1
ETH_M15_SNR48_REJEICAO_EXP_FIM_M15_ATUAL|ETHUSDT|1787125320;19/08/2026 04:42:00;19/08/2026 04:45:00;ETHUSDT;ETH_M15_SNR48_REJEICAO_EXP_FIM_M15_ATUAL;PUT;1920.99;1919.65;WIN;1.82;5.0;4.1
ETH_M15_SNR48_REJEICAO_EXP_FIM_M15_ATUAL|ETHUSDT|1787125680;19/08/2026 04:48:00;19/08/2026 05:00:00;ETHUSDT;ETH_M15_SNR48_REJEICAO_EXP_FIM_M15_ATUAL;PUT;1919.51;1916.01;WIN;1.82;5.0;4.1
DOGE_M15_SNR48_REJEICAO_EXP_FIM_PROX_M15|DOGEUSDT|1787126760;19/08/2026 05:06:00;19/08/2026 05:30:00;DOGEUSDT;DOGE_M15_SNR48_REJEICAO_EXP_FIM_PROX_M15;CALL;0.06997;0.07009;WIN;;5.0;
DOGE_M15_SNR48_REJEICAO_EXP_FIM_PROX_M15|DOGEUSDT|1787141580;19/08/2026 09:13:00;19/08/2026 09:30:00;DOGEUSDT;DOGE_M15_SNR48_REJEICAO_EXP_FIM_PROX_M15;PUT;0.07024;0.07027;LOSS;;5.0;
DOGE_RSI14_M5_K3_EXP_M1|DOGEUSDT|1787143080;19/08/2026 09:38:00;19/08/2026 09:39:00;DOGEUSDT;DOGE_RSI14_M5_K3_EXP_M1;PUT;0.07038;0.07041;LOSS;;5.0;
DOGE_RSI14_M5_K3_EXP_M1|DOGEUSDT|1787143380;19/08/2026 09:43:00;19/08/2026 09:44:00;DOGEUSDT;DOGE_RSI14_M5_K3_EXP_M1;PUT;0.07047;0.07046;WIN;;5.0;
DOGE_RSI14_M5_K3_EXP_M1|DOGEUSDT|1787143680;19/08/2026 09:48:00;19/08/2026 09:49:00;DOGEUSDT;DOGE_RSI14_M5_K3_EXP_M1;PUT;0.07057;0.07056;WIN;;5.0;
DOGE_RSI14_M5_K3_EXP_M1|DOGEUSDT|1787143980;19/08/2026 09:53:00;19/08/2026 09:54:00;DOGEUSDT;DOGE_RSI14_M5_K3_EXP_M1;PUT;0.07078;0.07078;EMPATE;;5.0;0.0
DOGE_RSI14_M5_K3_EXP_M1|DOGEUSDT|1787144280;19/08/2026 09:58:00;19/08/2026 09:59:00;DOGEUSDT;DOGE_RSI14_M5_K3_EXP_M1;PUT;0.07067;0.07061;WIN;;5.0;
DOGE_RSI14_M5_K3_EXP_M1|DOGEUSDT|1787144580;19/08/2026 10:03:00;19/08/2026 10:04:00;DOGEUSDT;DOGE_RSI14_M5_K3_EXP_M1;PUT;0.07055;0.07057;LOSS;;5.0;
ETH_M15_SNR48_REJEICAO_EXP_FIM_M15_ATUAL|ETHUSDT|1787144580;19/08/2026 10:03:00;19/08/2026 10:15:00;ETHUSDT;ETH_M15_SNR48_REJEICAO_EXP_FIM_M15_ATUAL;PUT;1932.89;1935.83;LOSS;1.82;5.0;-5.0
DOGE_RSI14_M5_K3_EXP_M1|DOGEUSDT|1787145480;19/08/2026 10:18:00;19/08/2026 10:19:00;DOGEUSDT;DOGE_RSI14_M5_K3_EXP_M1;PUT;0.07067;0.07068;LOSS;;5.0;
DOGE_RSI14_M5_K3_EXP_M1|DOGEUSDT|1787145780;19/08/2026 10:23:00;19/08/2026 10:24:00;DOGEUSDT;DOGE_RSI14_M5_K3_EXP_M1;PUT;0.07068;0.07062;WIN;;5.0;
DOGE_M15_SNR48_REJEICAO_EXP_FIM_PROX_M15|DOGEUSDT|1787420760;22/08/2026 14:46:00;22/08/2026 15:15:00;DOGEUSDT;DOGE_M15_SNR48_REJEICAO_EXP_FIM_PROX_M15;PUT;0.09337;0.09282;WIN;1.82;5.0;4.1
DOGE_M15_SNR48_REJEICAO_EXP_FIM_PROX_M15|DOGEUSDT|1787423160;22/08/2026 15:26:00;22/08/2026 15:45:00;DOGEUSDT;DOGE_M15_SNR48_REJEICAO_EXP_FIM_PROX_M15;PUT;0.09344;0.09302;WIN;1.82;5.0;4.1
DOGE_M15_SNR48_REJEICAO_EXP_FIM_PROX_M15|DOGEUSDT|1787427360;22/08/2026 16:36:00;22/08/2026 17:00:00;DOGEUSDT;DOGE_M15_SNR48_REJEICAO_EXP_FIM_PROX_M15;PUT;0.09323;0.09352;LOSS;1.82;5.0;-5.0
DOGE_M15_SNR48_REJEICAO_EXP_FIM_PROX_M15|DOGEUSDT|1787429040;22/08/2026 17:04:00;22/08/2026 17:30:00;DOGEUSDT;DOGE_M15_SNR48_REJEICAO_EXP_FIM_PROX_M15;PUT;0.09346;0.09418;LOSS;1.82;5.0;-5.0
DOGE_M15_SNR48_REJEICAO_EXP_FIM_PROX_M15|DOGEUSDT|1787433900;22/08/2026 18:25:00;22/08/2026 18:45:00;DOGEUSDT;DOGE_M15_SNR48_REJEICAO_EXP_FIM_PROX_M15;PUT;0.09328;0.09272;WIN;1.82;5.0;4.1
DOGE_M15_SNR48_REJEICAO_EXP_FIM_PROX_M15|DOGEUSDT|1787445660;22/08/2026 21:41:00;22/08/2026 22:00:00;DOGEUSDT;DOGE_M15_SNR48_REJEICAO_EXP_FIM_PROX_M15;PUT;0.09331;0.09394;LOSS;1.82;5.0;-5.0
DOGE_M15_SNR48_REJEICAO_EXP_FIM_PROX_M15|DOGEUSDT|1787447040;22/08/2026 22:04:00;22/08/2026 22:30:00;DOGEUSDT;DOGE_M15_SNR48_REJEICAO_EXP_FIM_PROX_M15;PUT;0.09345;0.09344;WIN;1.82;5.0;4.1
DOGE_M15_SNR48_REJEICAO_EXP_FIM_PROX_M15|DOGEUSDT|1787448840;22/08/2026 22:34:00;22/08/2026 23:00:00;DOGEUSDT;DOGE_M15_SNR48_REJEICAO_EXP_FIM_PROX_M15;PUT;0.09325;0.09296;WIN;1.82;5.0;4.1
DOGE_M15_SNR48_REJEICAO_EXP_FIM_PROX_M15|DOGEUSDT|1787491260;23/08/2026 10:21:00;23/08/2026 10:45:00;DOGEUSDT;DOGE_M15_SNR48_REJEICAO_EXP_FIM_PROX_M15;PUT;0.09323;0.09345;LOSS;1.82;5.0;-5.0
DOGE_M15_SNR48_REJEICAO_EXP_FIM_PROX_M15|DOGEUSDT|1787496180;23/08/2026 11:43:00;23/08/2026 12:00:00;DOGEUSDT;DOGE_M15_SNR48_REJEICAO_EXP_FIM_PROX_M15;PUT;0.09123;0.09268;LOSS;1.82;5.0;-5.0
DOGE_M15_SNR48_REJEICAO_EXP_FIM_PROX_M15|DOGEUSDT|1787509080;23/08/2026 15:18:00;23/08/2026 15:45:00;DOGEUSDT;DOGE_M15_SNR48_REJEICAO_EXP_FIM_PROX_M15;PUT;0.09314;0.09299;WIN;1.82;5.0;4.1
DOGE_M15_SNR48_REJEICAO_EXP_FIM_PROX_M15|DOGEUSDT|1787521320;23/08/2026 18:42:00;23/08/2026 19:00:00;DOGEUSDT;DOGE_M15_SNR48_REJEICAO_EXP_FIM_PROX_M15;PUT;0.09346;0.09332;WIN;1.82;5.0;4.1
DOGE_M15_SNR48_REJEICAO_EXP_FIM_PROX_M15|DOGEUSDT|1787522520;23/08/2026 19:02:00;23/08/2026 19:30:00;DOGEUSDT;DOGE_M15_SNR48_REJEICAO_EXP_FIM_PROX_M15;PUT;0.09299;0.09301;LOSS;1.82;5.0;-5.0
DOGE_M15_SNR48_REJEICAO_EXP_FIM_PROX_M15|DOGEUSDT|1787524860;23/08/2026 19:41:00;23/08/2026 20:00:00;DOGEUSDT;DOGE_M15_SNR48_REJEICAO_EXP_FIM_PROX_M15;PUT;0.09304;0.09311;LOSS;1.82;5.0;-5.0
DOGE_M15_SNR48_REJEICAO_EXP_FIM_PROX_M15|DOGEUSDT|1787526660;23/08/2026 20:11:00;23/08/2026 20:30:00;DOGEUSDT;DOGE_M15_SNR48_REJEICAO_EXP_FIM_PROX_M15;PUT;0.09297;0.09334;LOSS;1.82;5.0;-5.0
DOGE_M15_SNR48_REJEICAO_EXP_FIM_PROX_M15|DOGEUSDT|1787528160;23/08/2026 20:36:00;23/08/2026 21:00:00;DOGEUSDT;DOGE_M15_SNR48_REJEICAO_EXP_FIM_PROX_M15;PUT;0.09328;0.09342;LOSS;1.82;5.0;-5.0
DOGE_M15_SNR48_REJEICAO_EXP_FIM_PROX_M15|DOGEUSDT|1787529780;23/08/2026 21:03:00;23/08/2026 21:30:00;DOGEUSDT;DOGE_M15_SNR48_REJEICAO_EXP_FIM_PROX_M15;PUT;0.09338;0.09235;WIN;1.82;5.0;4.1
DOGE_M15_SNR48_REJEICAO_EXP_FIM_PROX_M15|DOGEUSDT|1787576340;24/08/2026 09:59:00;24/08/2026 10:15:00;DOGEUSDT;DOGE_M15_SNR48_REJEICAO_EXP_FIM_PROX_M15;PUT;0.09312;0.093;WIN;1.82;5.0;4.1
ETH_M15_SNR48_REJEICAO_EXP_FIM_M15_ATUAL|ETHUSDT|1787428020;22/08/2026 16:47:00;22/08/2026 17:00:00;ETHUSDT;ETH_M15_SNR48_REJEICAO_EXP_FIM_M15_ATUAL;CALL;2437.77;2439.39;WIN;1.82;5.0;4.1
ETH_M15_SNR48_REJEICAO_EXP_FIM_M15_ATUAL|ETHUSDT|1787428860;22/08/2026 17:01:00;22/08/2026 17:15:00;ETHUSDT;ETH_M15_SNR48_REJEICAO_EXP_FIM_M15_ATUAL;CALL;2439.81;2441.29;WIN;1.82;5.0;4.1
ETH_M15_SNR48_REJEICAO_EXP_FIM_M15_ATUAL|ETHUSDT|1787430360;22/08/2026 17:26:00;22/08/2026 17:30:00;ETHUSDT;ETH_M15_SNR48_REJEICAO_EXP_FIM_M15_ATUAL;CALL;2439.96;2437.92;LOSS;1.82;5.0;-5.0
ETH_M15_SNR48_REJEICAO_EXP_FIM_M15_ATUAL|ETHUSDT|1787430960;22/08/2026 17:36:00;22/08/2026 17:45:00;ETHUSDT;ETH_M15_SNR48_REJEICAO_EXP_FIM_M15_ATUAL;CALL;2436.15;2436.67;WIN;1.82;5.0;4.1
ETH_M15_SNR48_REJEICAO_EXP_FIM_M15_ATUAL|ETHUSDT|1787431560;22/08/2026 17:46:00;22/08/2026 18:00:00;ETHUSDT;ETH_M15_SNR48_REJEICAO_EXP_FIM_M15_ATUAL;CALL;2437.26;2431.84;LOSS;1.82;5.0;-5.0
ETH_M15_SNR48_REJEICAO_EXP_FIM_M15_ATUAL|ETHUSDT|1787485200;23/08/2026 08:40:00;23/08/2026 08:45:00;ETHUSDT;ETH_M15_SNR48_REJEICAO_EXP_FIM_M15_ATUAL;CALL;2437.81;2433.75;LOSS;1.82;5.0;-5.0
ETH_M15_SNR48_REJEICAO_EXP_FIM_M15_ATUAL|ETHUSDT|1787491080;23/08/2026 10:18:00;23/08/2026 10:30:00;ETHUSDT;ETH_M15_SNR48_REJEICAO_EXP_FIM_M15_ATUAL;CALL;2443.79;2454.41;WIN;1.82;5.0;4.1
ETH_M15_SNR48_REJEICAO_EXP_FIM_M15_ATUAL|ETHUSDT|1787496660;23/08/2026 11:51:00;23/08/2026 12:00:00;ETHUSDT;ETH_M15_SNR48_REJEICAO_EXP_FIM_M15_ATUAL;CALL;2437.86;2438.95;WIN;1.82;5.0;4.1
ETH_M15_SNR48_REJEICAO_EXP_FIM_M15_ATUAL|ETHUSDT|1787497560;23/08/2026 12:06:00;23/08/2026 12:15:00;ETHUSDT;ETH_M15_SNR48_REJEICAO_EXP_FIM_M15_ATUAL;CALL;2440.8;2433.16;LOSS;1.82;5.0;-5.0
ETH_M15_SNR48_REJEICAO_EXP_FIM_M15_ATUAL|ETHUSDT|1787498700;23/08/2026 12:25:00;23/08/2026 12:30:00;ETHUSDT;ETH_M15_SNR48_REJEICAO_EXP_FIM_M15_ATUAL;CALL;2435.42;2437.22;WIN;1.82;5.0;4.1
ETH_M15_SNR48_REJEICAO_EXP_FIM_M15_ATUAL|ETHUSDT|1787499060;23/08/2026 12:31:00;23/08/2026 12:45:00;ETHUSDT;ETH_M15_SNR48_REJEICAO_EXP_FIM_M15_ATUAL;CALL;2439.45;2446.69;WIN;1.82;5.0;4.1
ETH_M15_SNR48_REJEICAO_EXP_FIM_M15_ATUAL|ETHUSDT|1787500860;23/08/2026 13:01:00;23/08/2026 13:15:00;ETHUSDT;ETH_M15_SNR48_REJEICAO_EXP_FIM_M15_ATUAL;CALL;2441.14;2444.75;WIN;1.82;5.0;4.1
ETH_M15_SNR48_REJEICAO_EXP_FIM_M15_ATUAL|ETHUSDT|1787504760;23/08/2026 14:06:00;23/08/2026 14:15:00;ETHUSDT;ETH_M15_SNR48_REJEICAO_EXP_FIM_M15_ATUAL;CALL;2448.0;2447.57;LOSS;1.82;5.0;-5.0
ETH_M15_SNR48_REJEICAO_EXP_FIM_M15_ATUAL|ETHUSDT|1787505600;23/08/2026 14:20:00;23/08/2026 14:30:00;ETHUSDT;ETH_M15_SNR48_REJEICAO_EXP_FIM_M15_ATUAL;CALL;2448.98;2441.26;LOSS;1.82;5.0;-5.0
ETH_M15_SNR48_REJEICAO_EXP_FIM_M15_ATUAL|ETHUSDT|1787506560;23/08/2026 14:36:00;23/08/2026 14:45:00;ETHUSDT;ETH_M15_SNR48_REJEICAO_EXP_FIM_M15_ATUAL;CALL;2441.6;2438.88;LOSS;1.82;5.0;-5.0
ETH_M15_SNR48_REJEICAO_EXP_FIM_M15_ATUAL|ETHUSDT|1787507160;23/08/2026 14:46:00;23/08/2026 15:00:00;ETHUSDT;ETH_M15_SNR48_REJEICAO_EXP_FIM_M15_ATUAL;CALL;2445.99;2440.11;LOSS;1.82;5.0;-5.0
ETH_M15_SNR48_REJEICAO_EXP_FIM_M15_ATUAL|ETHUSDT|1787508600;23/08/2026 15:10:00;23/08/2026 15:15:00;ETHUSDT;ETH_M15_SNR48_REJEICAO_EXP_FIM_M15_ATUAL;CALL;2440.19;2445.17;WIN;1.82;5.0;4.1
ETH_M15_SNR48_REJEICAO_EXP_FIM_M15_ATUAL|ETHUSDT|1787513880;23/08/2026 16:38:00;23/08/2026 16:45:00;ETHUSDT;ETH_M15_SNR48_REJEICAO_EXP_FIM_M15_ATUAL;CALL;2443.89;2448.14;WIN;1.82;5.0;4.1
ETH_M15_SNR48_REJEICAO_EXP_FIM_M15_ATUAL|ETHUSDT|1787515560;23/08/2026 17:06:00;23/08/2026 17:15:00;ETHUSDT;ETH_M15_SNR48_REJEICAO_EXP_FIM_M15_ATUAL;CALL;2439.43;2441.45;WIN;1.82;5.0;4.1
ETH_M15_SNR48_REJEICAO_EXP_FIM_M15_ATUAL|ETHUSDT|1787535660;23/08/2026 22:41:00;23/08/2026 22:45:00;ETHUSDT;ETH_M15_SNR48_REJEICAO_EXP_FIM_M15_ATUAL;CALL;2440.7;2438.65;LOSS;1.82;5.0;-5.0
ETH_M15_SNR48_REJEICAO_EXP_FIM_M15_ATUAL|ETHUSDT|1787536020;23/08/2026 22:47:00;23/08/2026 23:00:00;ETHUSDT;ETH_M15_SNR48_REJEICAO_EXP_FIM_M15_ATUAL;CALL;2440.62;2428.921666;LOSS;1.82;5.0;-5.0
ETH_M15_SNR48_REJEICAO_EXP_FIM_M15_ATUAL|ETHUSDT|1787537160;23/08/2026 23:06:00;23/08/2026 23:15:00;ETHUSDT;ETH_M15_SNR48_REJEICAO_EXP_FIM_M15_ATUAL;CALL;2436.22;2445.370619;WIN;1.82;5.0;4.1
ETH_M15_SNR48_REJEICAO_EXP_FIM_M15_ATUAL|ETHUSDT|1787540160;23/08/2026 23:56:00;24/08/2026 00:00:00;ETHUSDT;ETH_M15_SNR48_REJEICAO_EXP_FIM_M15_ATUAL;CALL;2444.77;2443.78;LOSS;1.82;5.0;-5.0
ETH_M15_SNR48_REJEICAO_EXP_FIM_M15_ATUAL|ETHUSDT|1787541060;24/08/2026 00:11:00;24/08/2026 00:15:00;ETHUSDT;ETH_M15_SNR48_REJEICAO_EXP_FIM_M15_ATUAL;CALL;2437.92;2436.42;LOSS;1.82;5.0;-5.0
ETH_M15_SNR48_REJEICAO_EXP_FIM_M15_ATUAL|ETHUSDT|1787541480;24/08/2026 00:18:00;24/08/2026 00:30:00;ETHUSDT;ETH_M15_SNR48_REJEICAO_EXP_FIM_M15_ATUAL;CALL;2436.53;2434.32;LOSS;1.82;5.0;-5.0
ETH_M15_SNR48_REJEICAO_EXP_FIM_M15_ATUAL|ETHUSDT|1787542680;24/08/2026 00:38:00;24/08/2026 00:45:00;ETHUSDT;ETH_M15_SNR48_REJEICAO_EXP_FIM_M15_ATUAL;CALL;2435.24;2435.61;WIN;1.82;5.0;4.1
ETH_M15_SNR48_REJEICAO_EXP_FIM_M15_ATUAL|ETHUSDT|1787543160;24/08/2026 00:46:00;24/08/2026 01:00:00;ETHUSDT;ETH_M15_SNR48_REJEICAO_EXP_FIM_M15_ATUAL;CALL;2439.01;2430.64;LOSS;1.82;5.0;-5.0
ETH_M15_SNR48_REJEICAO_EXP_FIM_M15_ATUAL|ETHUSDT|1787544060;24/08/2026 01:01:00;24/08/2026 01:15:00;ETHUSDT;ETH_M15_SNR48_REJEICAO_EXP_FIM_M15_ATUAL;CALL;2435.21;2438.98;WIN;1.82;5.0;4.1
ETH_M15_SNR48_REJEICAO_EXP_FIM_M15_ATUAL|ETHUSDT|1787544960;24/08/2026 01:16:00;24/08/2026 01:30:00;ETHUSDT;ETH_M15_SNR48_REJEICAO_EXP_FIM_M15_ATUAL;CALL;2441.2;2445.92;WIN;1.82;5.0;4.1
ETH_M15_SNR48_REJEICAO_EXP_FIM_M15_ATUAL|ETHUSDT|1787546580;24/08/2026 01:43:00;24/08/2026 01:45:00;ETHUSDT;ETH_M15_SNR48_REJEICAO_EXP_FIM_M15_ATUAL;CALL;2441.98;2442.74;WIN;1.82;5.0;4.1
ETH_M15_SNR48_REJEICAO_EXP_FIM_M15_ATUAL|ETHUSDT|1787547540;24/08/2026 01:59:00;24/08/2026 02:00:00;ETHUSDT;ETH_M15_SNR48_REJEICAO_EXP_FIM_M15_ATUAL;CALL;2437.21;2438.07;WIN;1.82;5.0;4.1
ETH_M15_SNR48_REJEICAO_EXP_FIM_M15_ATUAL|ETHUSDT|1787547780;24/08/2026 02:03:00;24/08/2026 02:15:00;ETHUSDT;ETH_M15_SNR48_REJEICAO_EXP_FIM_M15_ATUAL;CALL;2438.49;2458.0;WIN;1.82;5.0;4.1
ETH_M15_SNR48_REJEICAO_EXP_FIM_M15_ATUAL|ETHUSDT|1787549880;24/08/2026 02:38:00;24/08/2026 02:45:00;ETHUSDT;ETH_M15_SNR48_REJEICAO_EXP_FIM_M15_ATUAL;CALL;2445.55;2448.3;WIN;1.82;5.0;4.1
ETH_M15_SNR48_REJEICAO_EXP_FIM_M15_ATUAL|ETHUSDT|1787560260;24/08/2026 05:31:00;24/08/2026 05:45:00;ETHUSDT;ETH_M15_SNR48_REJEICAO_EXP_FIM_M15_ATUAL;CALL;2441.93;2453.38;WIN;1.82;5.0;4.1
ETH_M15_SNR48_REJEICAO_EXP_FIM_M15_ATUAL|ETHUSDT|1787582580;24/08/2026 11:43:00;24/08/2026 11:45:00;ETHUSDT;ETH_M15_SNR48_REJEICAO_EXP_FIM_M15_ATUAL;PUT;2524.54;2522.66;WIN;1.82;5.0;4.1
ETH_M15_SNR48_REJEICAO_EXP_FIM_M15_ATUAL|ETHUSDT|1787585160;24/08/2026 12:26:00;24/08/2026 12:30:00;ETHUSDT;ETH_M15_SNR48_REJEICAO_EXP_FIM_M15_ATUAL;PUT;2524.12;2525.36;LOSS;1.82;5.0;-5.0
DOGE_RSI14_M5_K3_EXP_M1|DOGEUSDT|1787619480;24/08/2026 21:58:00;24/08/2026 21:59:00;DOGEUSDT;DOGE_RSI14_M5_K3_EXP_M1;PUT;0.0916;0.09149;WIN;1.82;5.0;4.1
DOGE_RSI14_M5_K3_EXP_M1|DOGEUSDT|1787625180;24/08/2026 23:33:00;24/08/2026 23:34:00;DOGEUSDT;DOGE_RSI14_M5_K3_EXP_M1;PUT;0.09267;0.09255;WIN;1.82;5.0;4.1
ETH_M15_SNR48_REJEICAO_EXP_FIM_M15_ATUAL|ETHUSDT|1787625060;24/08/2026 23:31:00;24/08/2026 23:45:00;ETHUSDT;ETH_M15_SNR48_REJEICAO_EXP_FIM_M15_ATUAL;PUT;2527.26;2517.2;WIN;1.82;5.0;4.1
DOGE_M15_SNR48_REJEICAO_EXP_FIM_PROX_M15|DOGEUSDT|1787625060;24/08/2026 23:31:00;25/08/2026 00:00:00;DOGEUSDT;DOGE_M15_SNR48_REJEICAO_EXP_FIM_PROX_M15;PUT;0.09272;0.09202;WIN;1.82;5.0;4.1
DOGE_M15_SNR48_REJEICAO_EXP_FIM_PROX_M15|DOGEUSDT|1787627880;25/08/2026 00:18:00;25/08/2026 00:45:00;DOGEUSDT;DOGE_M15_SNR48_REJEICAO_EXP_FIM_PROX_M15;PUT;0.09257;0.09243;WIN;1.82;5.0;4.1
DOGE_M15_SNR48_REJEICAO_EXP_FIM_PROX_M15|DOGEUSDT|1787636160;25/08/2026 02:36:00;25/08/2026 03:00:00;DOGEUSDT;DOGE_M15_SNR48_REJEICAO_EXP_FIM_PROX_M15;PUT;0.09292;0.09268;WIN;1.82;5.0;4.1
DOGE_M15_SNR48_REJEICAO_EXP_FIM_PROX_M15|DOGEUSDT|1787639100;25/08/2026 03:25:00;25/08/2026 03:45:00;DOGEUSDT;DOGE_M15_SNR48_REJEICAO_EXP_FIM_PROX_M15;PUT;0.09283;0.09213;WIN;1.82;5.0;4.1
ETH_M15_SNR48_REJEICAO_EXP_FIM_M15_ATUAL|ETHUSDT|1787651760;25/08/2026 06:56:00;25/08/2026 07:00:00;ETHUSDT;ETH_M15_SNR48_REJEICAO_EXP_FIM_M15_ATUAL;CALL;2472.61;2474.67;WIN;1.82;5.0;4.1
DOGE_M15_SNR48_REJEICAO_EXP_FIM_PROX_M15|DOGEUSDT|1787659860;25/08/2026 09:11:00;25/08/2026 09:30:00;DOGEUSDT;DOGE_M15_SNR48_REJEICAO_EXP_FIM_PROX_M15;CALL;0.08985;0.08959;LOSS;1.82;5.0;-5.0
ETH_M15_SNR48_REJEICAO_EXP_FIM_M15_ATUAL|ETHUSDT|1787661180;25/08/2026 09:33:00;25/08/2026 09:45:00;ETHUSDT;ETH_M15_SNR48_REJEICAO_EXP_FIM_M15_ATUAL;CALL;2469.56;2469.64;WIN;1.82;5.0;4.1
DOGE_M15_SNR48_REJEICAO_EXP_FIM_PROX_M15|DOGEUSDT|1787661060;25/08/2026 09:31:00;25/08/2026 10:00:00;DOGEUSDT;DOGE_M15_SNR48_REJEICAO_EXP_FIM_PROX_M15;CALL;0.08963;0.09014;WIN;1.82;5.0;4.1
ETH_M15_SNR48_REJEICAO_EXP_FIM_M15_ATUAL|ETHUSDT|1787664060;25/08/2026 10:21:00;25/08/2026 10:30:00;ETHUSDT;ETH_M15_SNR48_REJEICAO_EXP_FIM_M15_ATUAL;CALL;2464.54;2457.63;LOSS;1.82;5.0;-5.0
ETH_M15_SNR48_REJEICAO_EXP_FIM_M15_ATUAL|ETHUSDT|1787664660;25/08/2026 10:31:00;25/08/2026 10:45:00;ETHUSDT;ETH_M15_SNR48_REJEICAO_EXP_FIM_M15_ATUAL;CALL;2459.34;2464.63;WIN;1.82;5.0;4.1
DOGE_M15_SNR48_REJEICAO_EXP_FIM_PROX_M15|DOGEUSDT|1787664840;25/08/2026 10:34:00;25/08/2026 11:00:00;DOGEUSDT;DOGE_M15_SNR48_REJEICAO_EXP_FIM_PROX_M15;CALL;0.08917;0.08827;LOSS;1.82;5.0;-5.0
ETH_M15_SNR48_REJEICAO_EXP_FIM_M15_ATUAL|ETHUSDT|1787666220;25/08/2026 10:57:00;25/08/2026 11:00:00;ETHUSDT;ETH_M15_SNR48_REJEICAO_EXP_FIM_M15_ATUAL;CALL;2456.4;2460.73;WIN;1.82;5.0;4.1
ETH_M15_SNR48_REJEICAO_EXP_FIM_M15_ATUAL|ETHUSDT|1787666700;25/08/2026 11:05:00;25/08/2026 11:15:00;ETHUSDT;ETH_M15_SNR48_REJEICAO_EXP_FIM_M15_ATUAL;CALL;2463.49;2467.19;WIN;1.82;5.0;4.1
DOGE_M15_SNR48_REJEICAO_EXP_FIM_PROX_M15|DOGEUSDT|1787666760;25/08/2026 11:06:00;25/08/2026 11:30:00;DOGEUSDT;DOGE_M15_SNR48_REJEICAO_EXP_FIM_PROX_M15;CALL;0.0886;0.08908;WIN;1.82;5.0;4.1
DOGE_RSI14_M5_K3_EXP_M1|DOGEUSDT|1787690880;25/08/2026 17:48:00;25/08/2026 17:49:00;DOGEUSDT;DOGE_RSI14_M5_K3_EXP_M1;CALL;0.08623;0.08612;LOSS;1.82;5.0;-5.0
DOGE_RSI14_M5_K3_EXP_M1|DOGEUSDT|1787691180;25/08/2026 17:53:00;25/08/2026 17:54:00;DOGEUSDT;DOGE_RSI14_M5_K3_EXP_M1;CALL;0.08644;0.08634;LOSS;1.82;5.0;-5.0
DOGE_RSI14_M5_K3_EXP_M1|DOGEUSDT|1787691480;25/08/2026 17:58:00;25/08/2026 17:59:00;DOGEUSDT;DOGE_RSI14_M5_K3_EXP_M1;CALL;0.0861;0.08604;LOSS;1.82;5.0;-5.0
ETH_M15_SNR48_REJEICAO_EXP_FIM_M15_ATUAL|ETHUSDT|1787691060;25/08/2026 17:51:00;25/08/2026 18:00:00;ETHUSDT;ETH_M15_SNR48_REJEICAO_EXP_FIM_M15_ATUAL;CALL;2442.49;2436.43;LOSS;1.82;5.0;-5.0
DOGE_RSI14_M5_K3_EXP_M1|DOGEUSDT|1787691780;25/08/2026 18:03:00;25/08/2026 18:04:00;DOGEUSDT;DOGE_RSI14_M5_K3_EXP_M1;CALL;0.08601;0.08588;LOSS;1.82;5.0;-5.0
DOGE_RSI14_M5_K3_EXP_M1|DOGEUSDT|1787692080;25/08/2026 18:08:00;25/08/2026 18:09:00;DOGEUSDT;DOGE_RSI14_M5_K3_EXP_M1;CALL;0.08565;0.0853;LOSS;1.82;5.0;-5.0
DOGE_RSI14_M5_K3_EXP_M1|DOGEUSDT|1787692380;25/08/2026 18:13:00;25/08/2026 18:14:00;DOGEUSDT;DOGE_RSI14_M5_K3_EXP_M1;CALL;0.08567;0.08584;WIN;1.82;5.0;4.1
ETH_M15_SNR48_REJEICAO_EXP_FIM_M15_ATUAL|ETHUSDT|1787691960;25/08/2026 18:06:00;25/08/2026 18:15:00;ETHUSDT;ETH_M15_SNR48_REJEICAO_EXP_FIM_M15_ATUAL;CALL;2439.49;2430.83;LOSS;1.82;5.0;-5.0
DOGE_M15_SNR48_REJEICAO_EXP_FIM_PROX_M15|DOGEUSDT|1787691780;25/08/2026 18:03:00;25/08/2026 18:30:00;DOGEUSDT;DOGE_M15_SNR48_REJEICAO_EXP_FIM_PROX_M15;CALL;0.08601;0.08617;WIN;1.82;5.0;4.1
ETH_M15_SNR48_REJEICAO_EXP_FIM_M15_ATUAL|ETHUSDT|1787692740;25/08/2026 18:19:00;25/08/2026 18:30:00;ETHUSDT;ETH_M15_SNR48_REJEICAO_EXP_FIM_M15_ATUAL;CALL;2432.97;2433.9;WIN;1.82;5.0;4.1
DOGE_M15_SNR48_REJEICAO_EXP_FIM_PROX_M15|DOGEUSDT|1787737740;26/08/2026 06:49:00;26/08/2026 07:15:00;DOGEUSDT;DOGE_M15_SNR48_REJEICAO_EXP_FIM_PROX_M15;CALL;0.08586;0.086;WIN;1.82;5.0;4.1
ETH_M15_SNR48_REJEICAO_EXP_FIM_M15_ATUAL|ETHUSDT|1787741460;26/08/2026 07:51:00;26/08/2026 08:00:00;ETHUSDT;ETH_M15_SNR48_REJEICAO_EXP_FIM_M15_ATUAL;PUT;2473.81;2468.97;WIN;1.82;5.0;4.1
DOGE_M15_SNR48_REJEICAO_EXP_FIM_PROX_M15|DOGEUSDT|1787741700;26/08/2026 07:55:00;26/08/2026 08:15:00;DOGEUSDT;DOGE_M15_SNR48_REJEICAO_EXP_FIM_PROX_M15;PUT;0.08696;0.08702;LOSS;1.82;5.0;-5.0
DOGE_M15_SNR48_REJEICAO_EXP_FIM_PROX_M15|DOGEUSDT|1787742960;26/08/2026 08:16:00;26/08/2026 08:45:00;DOGEUSDT;DOGE_M15_SNR48_REJEICAO_EXP_FIM_PROX_M15;PUT;0.08698;0.08628;WIN;1.82;5.0;4.1
ETH_M15_SNR48_REJEICAO_EXP_FIM_M15_ATUAL|ETHUSDT|1787750760;26/08/2026 10:26:00;26/08/2026 10:30:00;ETHUSDT;ETH_M15_SNR48_REJEICAO_EXP_FIM_M15_ATUAL;CALL;2443.28;2444.29;WIN;1.82;5.0;4.1
ETH_M15_SNR48_REJEICAO_EXP_FIM_M15_ATUAL|ETHUSDT|1787751180;26/08/2026 10:33:00;26/08/2026 10:45:00;ETHUSDT;ETH_M15_SNR48_REJEICAO_EXP_FIM_M15_ATUAL;CALL;2447.55;2458.82;WIN;1.82;5.0;4.1
DOGE_M15_SNR48_REJEICAO_EXP_FIM_PROX_M15|DOGEUSDT|1787751060;26/08/2026 10:31:00;26/08/2026 11:00:00;DOGEUSDT;DOGE_M15_SNR48_REJEICAO_EXP_FIM_PROX_M15;CALL;0.08569;0.08595;WIN;1.82;5.0;4.1
DOGE_M15_SNR48_REJEICAO_EXP_FIM_PROX_M15|DOGEUSDT|1787754660;26/08/2026 11:31:00;26/08/2026 12:00:00;DOGEUSDT;DOGE_M15_SNR48_REJEICAO_EXP_FIM_PROX_M15;CALL;0.08534;0.08442;LOSS;1.82;5.0;-5.0
ETH_M15_SNR48_REJEICAO_EXP_FIM_M15_ATUAL|ETHUSDT|1787755980;26/08/2026 11:53:00;26/08/2026 12:00:00;ETHUSDT;ETH_M15_SNR48_REJEICAO_EXP_FIM_M15_ATUAL;CALL;2446.09;2439.4;LOSS;1.82;5.0;-5.0
DOGE_RSI14_M5_K3_EXP_M1|DOGEUSDT|1787756880;26/08/2026 12:08:00;26/08/2026 12:09:00;DOGEUSDT;DOGE_RSI14_M5_K3_EXP_M1;CALL;0.08438;0.08449;WIN;1.82;5.0;4.1
ETH_M15_SNR48_REJEICAO_EXP_FIM_M15_ATUAL|ETHUSDT|1787756460;26/08/2026 12:01:00;26/08/2026 12:15:00;ETHUSDT;ETH_M15_SNR48_REJEICAO_EXP_FIM_M15_ATUAL;CALL;2441.38;2441.21;LOSS;1.82;5.0;-5.0
ETH_M15_SNR48_REJEICAO_EXP_FIM_M15_ATUAL|ETHUSDT|1787757660;26/08/2026 12:21:00;26/08/2026 12:30:00;ETHUSDT;ETH_M15_SNR48_REJEICAO_EXP_FIM_M15_ATUAL;CALL;2441.27;2455.01;WIN;1.82;5.0;4.1
DOGE_M15_SNR48_REJEICAO_EXP_FIM_PROX_M15|DOGEUSDT|1787757840;26/08/2026 12:24:00;26/08/2026 12:45:00;DOGEUSDT;DOGE_M15_SNR48_REJEICAO_EXP_FIM_PROX_M15;CALL;0.08441;0.08452;WIN;1.82;5.0;4.1
DOGE_M15_SNR48_REJEICAO_EXP_FIM_PROX_M15|DOGEUSDT|1787761980;26/08/2026 13:33:00;26/08/2026 14:00:00;DOGEUSDT;DOGE_M15_SNR48_REJEICAO_EXP_FIM_PROX_M15;CALL;0.0842;0.08431;WIN;1.82;5.0;4.1
ETH_M15_SNR48_REJEICAO_EXP_FIM_M15_ATUAL|ETHUSDT|1787772960;26/08/2026 16:36:00;26/08/2026 16:45:00;ETHUSDT;ETH_M15_SNR48_REJEICAO_EXP_FIM_M15_ATUAL;PUT;2474.44;2471.25;WIN;1.82;5.0;4.1
DOGE_RSI14_M5_K3_EXP_M1|DOGEUSDT|1787779380;26/08/2026 18:23:00;26/08/2026 18:24:00;DOGEUSDT;DOGE_RSI14_M5_K3_EXP_M1;PUT;0.08614;0.08598;WIN;1.82;5.0;4.1
DOGE_RSI14_M5_K3_EXP_M1|DOGEUSDT|1787779680;26/08/2026 18:28:00;26/08/2026 18:29:00;DOGEUSDT;DOGE_RSI14_M5_K3_EXP_M1;PUT;0.08601;0.08598;WIN;1.82;5.0;4.1
DOGE_RSI14_M5_K3_EXP_M1|DOGEUSDT|1787779980;26/08/2026 18:33:00;26/08/2026 18:34:00;DOGEUSDT;DOGE_RSI14_M5_K3_EXP_M1;PUT;0.086;0.08599;WIN;1.82;5.0;4.1
DOGE_RSI14_M5_K3_EXP_M1|DOGEUSDT|1787780580;26/08/2026 18:43:00;26/08/2026 18:44:00;DOGEUSDT;DOGE_RSI14_M5_K3_EXP_M1;PUT;0.08609;0.0861;LOSS;1.82;5.0;-5.0
ETH_M15_SNR48_REJEICAO_EXP_FIM_M15_ATUAL|ETHUSDT|1787780100;26/08/2026 18:35:00;26/08/2026 18:45:00;ETHUSDT;ETH_M15_SNR48_REJEICAO_EXP_FIM_M15_ATUAL;PUT;2495.6;2493.86;WIN;1.82;5.0;4.1
DOGE_RSI14_M5_K3_EXP_M1|DOGEUSDT|1787782080;26/08/2026 19:08:00;26/08/2026 19:09:00;DOGEUSDT;DOGE_RSI14_M5_K3_EXP_M1;PUT;0.08647;0.08641;WIN;1.82;5.0;4.1
ETH_M15_SNR48_REJEICAO_EXP_FIM_M15_ATUAL|ETHUSDT|1787782020;26/08/2026 19:07:00;26/08/2026 19:15:00;ETHUSDT;ETH_M15_SNR48_REJEICAO_EXP_FIM_M15_ATUAL;PUT;2503.33;2503.54;LOSS;1.82;5.0;-5.0
DOGE_RSI14_M5_K3_EXP_M1|DOGEUSDT|1787782980;26/08/2026 19:23:00;26/08/2026 19:24:00;DOGEUSDT;DOGE_RSI14_M5_K3_EXP_M1;PUT;0.08692;0.08686;WIN;1.82;5.0;4.1
DOGE_RSI14_M5_K3_EXP_M1|DOGEUSDT|1787783280;26/08/2026 19:28:00;26/08/2026 19:29:00;DOGEUSDT;DOGE_RSI14_M5_K3_EXP_M1;PUT;0.08698;0.08698;EMPATE;1.82;5.0;0.0
DOGE_RSI14_M5_K3_EXP_M1|DOGEUSDT|1787783580;26/08/2026 19:33:00;26/08/2026 19:34:00;DOGEUSDT;DOGE_RSI14_M5_K3_EXP_M1;PUT;0.08683;0.08688;LOSS;1.82;5.0;-5.0
ETH_M15_SNR48_REJEICAO_EXP_FIM_M15_ATUAL|ETHUSDT|1787783520;26/08/2026 19:32:00;26/08/2026 19:45:00;ETHUSDT;ETH_M15_SNR48_REJEICAO_EXP_FIM_M15_ATUAL;PUT;2501.81;2497.66;WIN;1.82;5.0;4.1
DOGE_M15_SNR48_REJEICAO_EXP_FIM_PROX_M15|DOGEUSDT|1787783520;26/08/2026 19:32:00;26/08/2026 20:00:00;DOGEUSDT;DOGE_M15_SNR48_REJEICAO_EXP_FIM_PROX_M15;PUT;0.08687;0.08654;WIN;1.82;5.0;4.1
DOGE_RSI14_M5_K3_EXP_M1|DOGEUSDT|1787788680;26/08/2026 20:58:00;26/08/2026 20:59:00;DOGEUSDT;DOGE_RSI14_M5_K3_EXP_M1;PUT;0.08782;0.08768;WIN;1.82;5.0;4.1
DOGE_RSI14_M5_K3_EXP_M1|DOGEUSDT|1787788980;26/08/2026 21:03:00;26/08/2026 21:04:00;DOGEUSDT;DOGE_RSI14_M5_K3_EXP_M1;PUT;0.08755;0.08748;WIN;1.82;5.0;4.1
DOGE_M15_SNR48_REJEICAO_EXP_FIM_PROX_M15|DOGEUSDT|1787788980;26/08/2026 21:03:00;26/08/2026 21:30:00;DOGEUSDT;DOGE_M15_SNR48_REJEICAO_EXP_FIM_PROX_M15;PUT;0.08755;0.08709;WIN;1.82;5.0;4.1
DOGE_RSI14_M5_K3_EXP_M1|DOGEUSDT|1787818080;27/08/2026 05:08:00;27/08/2026 05:09:00;DOGEUSDT;DOGE_RSI14_M5_K3_EXP_M1;PUT;0.08816;0.08832;LOSS;1.82;5.0;-5.0
DOGE_RSI14_M5_K3_EXP_M1|DOGEUSDT|1787818380;27/08/2026 05:13:00;27/08/2026 05:14:00;DOGEUSDT;DOGE_RSI14_M5_K3_EXP_M1;PUT;0.08849;0.08838;WIN;1.82;5.0;4.1
ETH_M15_SNR48_REJEICAO_EXP_FIM_M15_ATUAL|ETHUSDT|1787817960;27/08/2026 05:06:00;27/08/2026 05:15:00;ETHUSDT;ETH_M15_SNR48_REJEICAO_EXP_FIM_M15_ATUAL;PUT;2507.33;2519.98;LOSS;1.82;5.0;-5.0
DOGE_M15_SNR48_REJEICAO_EXP_FIM_PROX_M15|DOGEUSDT|1788128580;30/08/2026 19:23:00;30/08/2026 19:45:00;DOGEUSDT;DOGE_M15_SNR48_REJEICAO_EXP_FIM_PROX_M15;PUT;0.08388;0.083725;WIN;1.82;5.0;4.1
DOGE_M15_SNR48_REJEICAO_EXP_FIM_PROX_M15|DOGEUSDT|1788132660;30/08/2026 20:31:00;30/08/2026 21:00:00;DOGEUSDT;DOGE_M15_SNR48_REJEICAO_EXP_FIM_PROX_M15;CALL;0.08207;0.08205;LOSS;1.82;5.0;-5.0
DOGE_M15_SNR48_REJEICAO_EXP_FIM_PROX_M15|DOGEUSDT|1788134640;30/08/2026 21:04:00;30/08/2026 21:30:00;DOGEUSDT;DOGE_M15_SNR48_REJEICAO_EXP_FIM_PROX_M15;CALL;0.08207;0.08233;WIN;1.82;5.0;4.1
DOGE_M15_SNR48_REJEICAO_EXP_FIM_PROX_M15|DOGEUSDT|1788138660;30/08/2026 22:11:00;30/08/2026 22:30:00;DOGEUSDT;DOGE_M15_SNR48_REJEICAO_EXP_FIM_PROX_M15;CALL;0.08186;0.0821;WIN;1.82;5.0;4.1
DOGE_M15_SNR48_REJEICAO_EXP_FIM_PROX_M15|DOGEUSDT|1788140220;30/08/2026 22:37:00;30/08/2026 23:00:00;DOGEUSDT;DOGE_M15_SNR48_REJEICAO_EXP_FIM_PROX_M15;CALL;0.0819;0.0816;LOSS;1.82;5.0;-5.0
DOGE_M15_SNR48_REJEICAO_EXP_FIM_PROX_M15|DOGEUSDT|1788142080;30/08/2026 23:08:00;30/08/2026 23:30:00;DOGEUSDT;DOGE_M15_SNR48_REJEICAO_EXP_FIM_PROX_M15;CALL;0.08187;0.08212;WIN;1.82;5.0;4.1
DOGE_M15_SNR48_REJEICAO_EXP_FIM_PROX_M15|DOGEUSDT|1788145380;31/08/2026 00:03:00;31/08/2026 00:30:00;DOGEUSDT;DOGE_M15_SNR48_REJEICAO_EXP_FIM_PROX_M15;CALL;0.08194;0.082204;WIN;1.82;5.0;4.1
DOGE_M15_SNR48_REJEICAO_EXP_FIM_PROX_M15|DOGEUSDT|1788150360;31/08/2026 01:26:00;31/08/2026 01:45:00;DOGEUSDT;DOGE_M15_SNR48_REJEICAO_EXP_FIM_PROX_M15;CALL;0.08199;0.08205;WIN;1.82;5.0;4.1
DOGE_M15_SNR48_REJEICAO_EXP_FIM_PROX_M15|DOGEUSDT|1788151860;31/08/2026 01:51:00;31/08/2026 02:15:00;DOGEUSDT;DOGE_M15_SNR48_REJEICAO_EXP_FIM_PROX_M15;CALL;0.08201;0.08226;WIN;1.82;5.0;4.1
DOGE_M15_SNR48_REJEICAO_EXP_FIM_PROX_M15|DOGEUSDT|1788241920;01/09/2026 02:52:00;01/09/2026 03:15:00;DOGEUSDT;DOGE_M15_SNR48_REJEICAO_EXP_FIM_PROX_M15;PUT;0.08383;0.08374;WIN;1.82;5.0;4.1
DOGE_M15_SNR48_REJEICAO_EXP_FIM_PROX_M15|DOGEUSDT|1788268140;01/09/2026 10:09:00;01/09/2026 10:30:00;DOGEUSDT;DOGE_M15_SNR48_REJEICAO_EXP_FIM_PROX_M15;CALL;0.08249;0.08249;EMPATE;1.82;5.0;0.0
ETH_M15_SNR48_REJEICAO_EXP_FIM_M15_ATUAL|ETHUSDT|1788106020;30/08/2026 13:07:00;30/08/2026 13:15:00;ETHUSDT;ETH_M15_SNR48_REJEICAO_EXP_FIM_M15_ATUAL;PUT;2483.79;2510.57;LOSS;1.82;5.0;-5.0
ETH_M15_SNR48_REJEICAO_EXP_FIM_M15_ATUAL|ETHUSDT|1788123720;30/08/2026 18:02:00;30/08/2026 18:15:00;ETHUSDT;ETH_M15_SNR48_REJEICAO_EXP_FIM_M15_ATUAL;PUT;2465.83;2474.23;LOSS;1.82;5.0;-5.0
ETH_M15_SNR48_REJEICAO_EXP_FIM_M15_ATUAL|ETHUSDT|1788127560;30/08/2026 19:06:00;30/08/2026 19:15:00;ETHUSDT;ETH_M15_SNR48_REJEICAO_EXP_FIM_M15_ATUAL;PUT;2483.57;2474.57;WIN;1.82;5.0;4.1
ETH_M15_SNR48_REJEICAO_EXP_FIM_M15_ATUAL|ETHUSDT|1788132660;30/08/2026 20:31:00;30/08/2026 20:45:00;ETHUSDT;ETH_M15_SNR48_REJEICAO_EXP_FIM_M15_ATUAL;CALL;2432.09;2411.74;LOSS;1.82;5.0;-5.0
ETH_M15_SNR48_REJEICAO_EXP_FIM_M15_ATUAL|ETHUSDT|1788135840;30/08/2026 21:24:00;30/08/2026 21:30:00;ETHUSDT;ETH_M15_SNR48_REJEICAO_EXP_FIM_M15_ATUAL;CALL;2431.37;2430.48;LOSS;1.82;5.0;-5.0
ETH_M15_SNR48_REJEICAO_EXP_FIM_M15_ATUAL|ETHUSDT|1788136320;30/08/2026 21:32:00;30/08/2026 21:45:00;ETHUSDT;ETH_M15_SNR48_REJEICAO_EXP_FIM_M15_ATUAL;CALL;2430.62;2432.32;WIN;1.82;5.0;4.1
ETH_M15_SNR48_REJEICAO_EXP_FIM_M15_ATUAL|ETHUSDT|1788137460;30/08/2026 21:51:00;30/08/2026 22:00:00;ETHUSDT;ETH_M15_SNR48_REJEICAO_EXP_FIM_M15_ATUAL;CALL;2431.69;2428.25;LOSS;1.82;5.0;-5.0
ETH_M15_SNR48_REJEICAO_EXP_FIM_M15_ATUAL|ETHUSDT|1788138180;30/08/2026 22:03:00;30/08/2026 22:15:00;ETHUSDT;ETH_M15_SNR48_REJEICAO_EXP_FIM_M15_ATUAL;CALL;2430.066666;2416.225334;LOSS;1.82;5.0;-5.0
ETH_M15_SNR48_REJEICAO_EXP_FIM_M15_ATUAL|ETHUSDT|1788153540;31/08/2026 02:19:00;31/08/2026 02:30:00;ETHUSDT;ETH_M15_SNR48_REJEICAO_EXP_FIM_M15_ATUAL;CALL;2430.05;2435.0;WIN;1.82;5.0;4.1
ETH_M15_SNR48_REJEICAO_EXP_FIM_M15_ATUAL|ETHUSDT|1788154860;31/08/2026 02:41:00;31/08/2026 02:45:00;ETHUSDT;ETH_M15_SNR48_REJEICAO_EXP_FIM_M15_ATUAL;CALL;2433.51;2435.72;WIN;1.82;5.0;4.1
ETH_M15_SNR48_REJEICAO_EXP_FIM_M15_ATUAL|ETHUSDT|1788156660;31/08/2026 03:11:00;31/08/2026 03:15:00;ETHUSDT;ETH_M15_SNR48_REJEICAO_EXP_FIM_M15_ATUAL;CALL;2435.85;2436.2;WIN;1.82;5.0;4.1
ETH_M15_SNR48_REJEICAO_EXP_FIM_M15_ATUAL|ETHUSDT|1788201960;31/08/2026 15:46:00;31/08/2026 16:00:00;ETHUSDT;ETH_M15_SNR48_REJEICAO_EXP_FIM_M15_ATUAL;PUT;2483.44;2477.8;WIN;1.82;5.0;4.1
ETH_M15_SNR48_REJEICAO_EXP_FIM_M15_ATUAL|ETHUSDT|1788203520;31/08/2026 16:12:00;31/08/2026 16:15:00;ETHUSDT;ETH_M15_SNR48_REJEICAO_EXP_FIM_M15_ATUAL;PUT;2485.72;2486.44;LOSS;1.82;5.0;-5.0
ETH_M15_SNR48_REJEICAO_EXP_FIM_M15_ATUAL|ETHUSDT|1788203760;31/08/2026 16:16:00;31/08/2026 16:30:00;ETHUSDT;ETH_M15_SNR48_REJEICAO_EXP_FIM_M15_ATUAL;PUT;2484.65;2485.53;LOSS;1.82;5.0;-5.0
ETH_M15_SNR48_REJEICAO_EXP_FIM_M15_ATUAL|ETHUSDT|1788204720;31/08/2026 16:32:00;31/08/2026 16:45:00;ETHUSDT;ETH_M15_SNR48_REJEICAO_EXP_FIM_M15_ATUAL;PUT;2482.97;2480.38;WIN;1.82;5.0;4.1
ETH_M15_SNR48_REJEICAO_EXP_FIM_M15_ATUAL|ETHUSDT|1788205860;31/08/2026 16:51:00;31/08/2026 17:00:00;ETHUSDT;ETH_M15_SNR48_REJEICAO_EXP_FIM_M15_ATUAL;PUT;2481.76;2481.78;LOSS;1.82;5.0;-5.0
ETH_M15_SNR48_REJEICAO_EXP_FIM_M15_ATUAL|ETHUSDT|1788207720;31/08/2026 17:22:00;31/08/2026 17:30:00;ETHUSDT;ETH_M15_SNR48_REJEICAO_EXP_FIM_M15_ATUAL;PUT;2483.17;2476.11;WIN;1.82;5.0;4.1
ETH_M15_SNR48_REJEICAO_EXP_FIM_M15_ATUAL|ETHUSDT|1788241860;01/09/2026 02:51:00;01/09/2026 03:00:00;ETHUSDT;ETH_M15_SNR48_REJEICAO_EXP_FIM_M15_ATUAL;PUT;2482.95;2484.55;LOSS;1.82;5.0;-5.0
ETH_M15_SNR48_REJEICAO_EXP_FIM_M15_ATUAL|ETHUSDT|1788242460;01/09/2026 03:01:00;01/09/2026 03:15:00;ETHUSDT;ETH_M15_SNR48_REJEICAO_EXP_FIM_M15_ATUAL;PUT;2483.1;2479.79;WIN;1.82;5.0;4.1
ETH_M15_SNR48_REJEICAO_EXP_FIM_M15_ATUAL|ETHUSDT|1788268260;01/09/2026 10:11:00;01/09/2026 10:15:00;ETHUSDT;ETH_M15_SNR48_REJEICAO_EXP_FIM_M15_ATUAL;CALL;2441.42;2441.51;WIN;1.82;5.0;4.1
ETH_M15_SNR48_REJEICAO_EXP_FIM_M15_ATUAL|ETHUSDT|1788270180;01/09/2026 10:43:00;01/09/2026 10:45:00;ETHUSDT;ETH_M15_SNR48_REJEICAO_EXP_FIM_M15_ATUAL;CALL;2437.35;2442.63;WIN;1.82;5.0;4.1
DOGE_M15_SNR48_REJEICAO_EXP_FIM_PROX_M15|DOGEUSDT|1788280740;01/09/2026 13:39:00;01/09/2026 14:00:00;DOGEUSDT;DOGE_M15_SNR48_REJEICAO_EXP_FIM_PROX_M15;CALL;0.0821;0.08216;WIN;1.82;5.0;4.1
ETH_M15_SNR48_REJEICAO_EXP_FIM_M15_ATUAL|ETHUSDT|1788280800;01/09/2026 13:40:00;01/09/2026 13:45:00;ETHUSDT;ETH_M15_SNR48_REJEICAO_EXP_FIM_M15_ATUAL;CALL;2433.39;2429.2;LOSS;1.82;5.0;-5.0
ETH_M15_SNR48_REJEICAO_EXP_FIM_M15_ATUAL|ETHUSDT|1788285780;01/09/2026 15:03:00;01/09/2026 15:15:00;ETHUSDT;ETH_M15_SNR48_REJEICAO_EXP_FIM_M15_ATUAL;CALL;2421.09;2416.82;LOSS;1.82;5.0;-5.0
DOGE_M15_SNR48_REJEICAO_EXP_FIM_PROX_M15|DOGEUSDT|1788286380;01/09/2026 15:13:00;01/09/2026 15:30:00;DOGEUSDT;DOGE_M15_SNR48_REJEICAO_EXP_FIM_PROX_M15;CALL;0.08189;0.08156;LOSS;1.82;5.0;-5.0
DOGE_RSI14_M5_K3_EXP_M1|DOGEUSDT|1788288180;01/09/2026 15:43:00;01/09/2026 15:44:00;DOGEUSDT;DOGE_RSI14_M5_K3_EXP_M1;CALL;0.08112;0.08105;LOSS;1.82;5.0;-5.0
DOGE_RSI14_M5_K3_EXP_M1|DOGEUSDT|1788288480;01/09/2026 15:48:00;01/09/2026 15:49:00;DOGEUSDT;DOGE_RSI14_M5_K3_EXP_M1;CALL;0.08103;0.08111;WIN;1.82;5.0;4.1
ETH_M15_SNR48_REJEICAO_EXP_FIM_M15_ATUAL|ETHUSDT|1788288660;01/09/2026 15:51:00;01/09/2026 16:00:00;ETHUSDT;ETH_M15_SNR48_REJEICAO_EXP_FIM_M15_ATUAL;CALL;2403.99;2412.96;WIN;1.82;5.0;4.1
DOGE_M15_SNR48_REJEICAO_EXP_FIM_PROX_M15|DOGEUSDT|1788288600;01/09/2026 15:50:00;01/09/2026 16:15:00;DOGEUSDT;DOGE_M15_SNR48_REJEICAO_EXP_FIM_PROX_M15;CALL;0.08132;0.08182;WIN;1.82;5.0;4.1
DOGE_RSI14_M5_K3_EXP_M1|DOGEUSDT|1788313980;01/09/2026 22:53:00;01/09/2026 22:54:00;DOGEUSDT;DOGE_RSI14_M5_K3_EXP_M1;CALL;0.08046;0.08046;EMPATE;1.82;5.0;0.0
DOGE_RSI14_M5_K3_EXP_M1|DOGEUSDT|1788314280;01/09/2026 22:58:00;01/09/2026 22:59:00;DOGEUSDT;DOGE_RSI14_M5_K3_EXP_M1;CALL;0.08061;0.08068;WIN;1.82;5.0;4.1
DOGE_M15_SNR48_REJEICAO_EXP_FIM_PROX_M15|DOGEUSDT|1788313560;01/09/2026 22:46:00;01/09/2026 23:15:00;DOGEUSDT;DOGE_M15_SNR48_REJEICAO_EXP_FIM_PROX_M15;CALL;0.08077;0.08091;WIN;1.82;5.0;4.1
ETH_M15_SNR48_REJEICAO_EXP_FIM_M15_ATUAL|ETHUSDT|1788333360;02/09/2026 04:16:00;02/09/2026 04:30:00;ETHUSDT;ETH_M15_SNR48_REJEICAO_EXP_FIM_M15_ATUAL;PUT;2425.23;2421.79;WIN;1.82;5.0;4.1
DOGE_RSI14_M5_K3_EXP_M1|DOGEUSDT|1788338880;02/09/2026 05:48:00;02/09/2026 05:49:00;DOGEUSDT;DOGE_RSI14_M5_K3_EXP_M1;CALL;0.08097;0.08097;EMPATE;1.82;5.0;0.0
DOGE_RSI14_M5_K3_EXP_M1|DOGEUSDT|1788339180;02/09/2026 05:53:00;02/09/2026 05:54:00;DOGEUSDT;DOGE_RSI14_M5_K3_EXP_M1;CALL;0.08091;0.0809;LOSS;1.82;5.0;-5.0
DOGE_RSI14_M5_K3_EXP_M1|DOGEUSDT|1788339480;02/09/2026 05:58:00;02/09/2026 05:59:00;DOGEUSDT;DOGE_RSI14_M5_K3_EXP_M1;CALL;0.08091;0.08089;LOSS;1.82;5.0;-5.0
ETH_M15_SNR48_REJEICAO_EXP_FIM_M15_ATUAL|ETHUSDT|1788345360;02/09/2026 07:36:00;02/09/2026 07:45:00;ETHUSDT;ETH_M15_SNR48_REJEICAO_EXP_FIM_M15_ATUAL;CALL;2366.87;2366.32;LOSS;1.82;5.0;-5.0
ETH_M15_SNR48_REJEICAO_EXP_FIM_M15_ATUAL|ETHUSDT|1788346560;02/09/2026 07:56:00;02/09/2026 08:00:00;ETHUSDT;ETH_M15_SNR48_REJEICAO_EXP_FIM_M15_ATUAL;CALL;2367.63;2372.88;WIN;1.82;5.0;4.1
DOGE_M15_SNR48_REJEICAO_EXP_FIM_PROX_M15|DOGEUSDT|1788346500;02/09/2026 07:55:00;02/09/2026 08:15:00;DOGEUSDT;DOGE_M15_SNR48_REJEICAO_EXP_FIM_PROX_M15;CALL;0.08047;0.0809;WIN;1.82;5.0;4.1
DOGE_M15_SNR48_REJEICAO_EXP_FIM_PROX_M15|DOGEUSDT|1788356760;02/09/2026 10:46:00;02/09/2026 11:15:00;DOGEUSDT;DOGE_M15_SNR48_REJEICAO_EXP_FIM_PROX_M15;PUT;0.08194;0.08175;WIN;1.82;5.0;4.1
ETH_M15_SNR48_REJEICAO_EXP_FIM_M15_ATUAL|ETHUSDT|1788397560;02/09/2026 22:06:00;02/09/2026 22:15:00;ETHUSDT;ETH_M15_SNR48_REJEICAO_EXP_FIM_M15_ATUAL;CALL;2382.795;2390.85;WIN;1.82;5.0;4.1
DOGE_RSI14_M5_K3_EXP_M1|DOGEUSDT|1788399180;02/09/2026 22:33:00;02/09/2026 22:34:00;DOGEUSDT;DOGE_RSI14_M5_K3_EXP_M1;PUT;0.08257;0.08252;WIN;1.82;5.0;4.1
DOGE_RSI14_M5_K3_EXP_M1|DOGEUSDT|1788399480;02/09/2026 22:38:00;02/09/2026 22:39:00;DOGEUSDT;DOGE_RSI14_M5_K3_EXP_M1;PUT;0.08228;0.08241;LOSS;1.82;5.0;-5.0
DOGE_M15_SNR48_REJEICAO_EXP_FIM_PROX_M15|DOGEUSDT|1788398160;02/09/2026 22:16:00;02/09/2026 22:45:00;DOGEUSDT;DOGE_M15_SNR48_REJEICAO_EXP_FIM_PROX_M15;PUT;0.08203;0.08233;LOSS;1.82;5.0;-5.0
DOGE_M15_SNR48_REJEICAO_EXP_FIM_PROX_M15|DOGEUSDT|1788400680;02/09/2026 22:58:00;02/09/2026 23:15:00;DOGEUSDT;DOGE_M15_SNR48_REJEICAO_EXP_FIM_PROX_M15;PUT;0.0823;0.08244;LOSS;1.82;5.0;-5.0
DOGE_RSI14_M5_K3_EXP_M1|DOGEUSDT|1788403080;02/09/2026 23:38:00;02/09/2026 23:39:00;DOGEUSDT;DOGE_RSI14_M5_K3_EXP_M1;PUT;0.08301;0.08302;LOSS;1.82;5.0;-5.0
DOGE_M15_SNR48_REJEICAO_EXP_FIM_PROX_M15|DOGEUSDT|1788402420;02/09/2026 23:27:00;02/09/2026 23:45:00;DOGEUSDT;DOGE_M15_SNR48_REJEICAO_EXP_FIM_PROX_M15;PUT;0.08251;0.0831;LOSS;1.82;5.0;-5.0
ETH_M15_SNR48_REJEICAO_EXP_FIM_M15_ATUAL|ETHUSDT|1788403560;02/09/2026 23:46:00;03/09/2026 00:00:00;ETHUSDT;ETH_M15_SNR48_REJEICAO_EXP_FIM_M15_ATUAL;PUT;2404.12;2405.83;LOSS;1.82;5.0;-5.0
ETH_M15_SNR48_REJEICAO_EXP_FIM_M15_ATUAL|ETHUSDT|1788404460;03/09/2026 00:01:00;03/09/2026 00:15:00;ETHUSDT;ETH_M15_SNR48_REJEICAO_EXP_FIM_M15_ATUAL;PUT;2404.2;2407.72;LOSS;1.82;5.0;-5.0
DOGE_M15_SNR48_REJEICAO_EXP_FIM_PROX_M15|DOGEUSDT|1788404460;03/09/2026 00:01:00;03/09/2026 00:30:00;DOGEUSDT;DOGE_M15_SNR48_REJEICAO_EXP_FIM_PROX_M15;PUT;0.08306;0.0829;WIN;1.82;5.0;4.1
ETH_M15_SNR48_REJEICAO_EXP_FIM_M15_ATUAL|ETHUSDT|1788405660;03/09/2026 00:21:00;03/09/2026 00:30:00;ETHUSDT;ETH_M15_SNR48_REJEICAO_EXP_FIM_M15_ATUAL;PUT;2407.79;2404.0;WIN;1.82;5.0;4.1
ETH_M15_SNR48_REJEICAO_EXP_FIM_M15_ATUAL|ETHUSDT|1788411900;03/09/2026 02:05:00;03/09/2026 02:15:00;ETHUSDT;ETH_M15_SNR48_REJEICAO_EXP_FIM_M15_ATUAL;PUT;2407.45;2402.18;WIN;1.82;5.0;4.1
ETH_M15_SNR48_REJEICAO_EXP_FIM_M15_ATUAL|ETHUSDT|1788417360;03/09/2026 03:36:00;03/09/2026 03:45:00;ETHUSDT;ETH_M15_SNR48_REJEICAO_EXP_FIM_M15_ATUAL;PUT;2408.28;2409.92;LOSS;1.82;5.0;-5.0
ETH_M15_SNR48_REJEICAO_EXP_FIM_M15_ATUAL|ETHUSDT|1788417960;03/09/2026 03:46:00;03/09/2026 04:00:00;ETHUSDT;ETH_M15_SNR48_REJEICAO_EXP_FIM_M15_ATUAL;PUT;2407.77;2408.6;LOSS;1.82;5.0;-5.0
ETH_M15_SNR48_REJEICAO_EXP_FIM_M15_ATUAL|ETHUSDT|1788419460;03/09/2026 04:11:00;03/09/2026 04:15:00;ETHUSDT;ETH_M15_SNR48_REJEICAO_EXP_FIM_M15_ATUAL;PUT;2410.31;2413.03;LOSS;1.82;5.0;-5.0
ETH_M15_SNR48_REJEICAO_EXP_FIM_M15_ATUAL|ETHUSDT|1788419760;03/09/2026 04:16:00;03/09/2026 04:30:00;ETHUSDT;ETH_M15_SNR48_REJEICAO_EXP_FIM_M15_ATUAL;PUT;2410.22;2408.06;WIN;1.82;5.0;4.1
DOGE_M15_SNR48_REJEICAO_EXP_FIM_PROX_M15|DOGEUSDT|1788420300;03/09/2026 04:25:00;03/09/2026 04:45:00;DOGEUSDT;DOGE_M15_SNR48_REJEICAO_EXP_FIM_PROX_M15;PUT;0.0833;0.08315;WIN;1.82;5.0;4.1
DOGE_M15_SNR48_REJEICAO_EXP_FIM_PROX_M15|DOGEUSDT|1788423180;03/09/2026 05:13:00;03/09/2026 05:30:00;DOGEUSDT;DOGE_M15_SNR48_REJEICAO_EXP_FIM_PROX_M15;PUT;0.08336;0.08333;WIN;1.82;5.0;4.1
ETH_M15_SNR48_REJEICAO_EXP_FIM_M15_ATUAL|ETHUSDT|1788438960;03/09/2026 09:36:00;03/09/2026 09:45:00;ETHUSDT;ETH_M15_SNR48_REJEICAO_EXP_FIM_M15_ATUAL;PUT;2413.63;2413.78;LOSS;1.82;5.0;-5.0
DOGE_M15_SNR48_REJEICAO_EXP_FIM_PROX_M15|DOGEUSDT|1788438960;03/09/2026 09:36:00;03/09/2026 10:00:00;DOGEUSDT;DOGE_M15_SNR48_REJEICAO_EXP_FIM_PROX_M15;PUT;0.08331;0.08368;LOSS;1.82;5.0;-5.0
ETH_M15_SNR48_REJEICAO_EXP_FIM_M15_ATUAL|ETHUSDT|1788439860;03/09/2026 09:51:00;03/09/2026 10:00:00;ETHUSDT;ETH_M15_SNR48_REJEICAO_EXP_FIM_M15_ATUAL;PUT;2416.67;2425.32;LOSS;1.82;5.0;-5.0
DOGE_M15_SNR48_REJEICAO_EXP_FIM_PROX_M15|DOGEUSDT|1788440460;03/09/2026 10:01:00;03/09/2026 10:30:00;DOGEUSDT;DOGE_M15_SNR48_REJEICAO_EXP_FIM_PROX_M15;PUT;0.08343;0.0834;WIN;1.82;5.0;4.1
ETH_M15_SNR48_REJEICAO_EXP_FIM_M15_ATUAL|ETHUSDT|1788440460;03/09/2026 10:01:00;03/09/2026 10:15:00;ETHUSDT;ETH_M15_SNR48_REJEICAO_EXP_FIM_M15_ATUAL;PUT;2419.66;2419.71;LOSS;1.82;5.0;-5.0
ETH_M15_SNR48_REJEICAO_EXP_FIM_M15_ATUAL|ETHUSDT|1788442560;03/09/2026 10:36:00;03/09/2026 10:45:00;ETHUSDT;ETH_M15_SNR48_REJEICAO_EXP_FIM_M15_ATUAL;PUT;2426.32;2435.04;LOSS;1.82;5.0;-5.0
ETH_M15_SNR48_REJEICAO_EXP_FIM_M15_ATUAL|ETHUSDT|1788443700;03/09/2026 10:55:00;03/09/2026 11:00:00;ETHUSDT;ETH_M15_SNR48_REJEICAO_EXP_FIM_M15_ATUAL;PUT;2426.63;2430.26;LOSS;1.82;5.0;-5.0
DOGE_RSI14_M5_K3_EXP_M1|DOGEUSDT|1788444480;03/09/2026 11:08:00;03/09/2026 11:09:00;DOGEUSDT;DOGE_RSI14_M5_K3_EXP_M1;PUT;0.08346;0.08355;LOSS;1.82;5.0;-5.0
DOGE_RSI14_M5_K3_EXP_M1|DOGEUSDT|1788444780;03/09/2026 11:13:00;03/09/2026 11:14:00;DOGEUSDT;DOGE_RSI14_M5_K3_EXP_M1;PUT;0.08358;0.08366;LOSS;1.82;5.0;-5.0
DOGE_M15_SNR48_REJEICAO_EXP_FIM_PROX_M15|DOGEUSDT|1788443160;03/09/2026 10:46:00;03/09/2026 11:15:00;DOGEUSDT;DOGE_M15_SNR48_REJEICAO_EXP_FIM_PROX_M15;PUT;0.0836;0.08371;LOSS;1.82;5.0;-5.0
DOGE_RSI14_M5_K3_EXP_M1|DOGEUSDT|1788445080;03/09/2026 11:18:00;03/09/2026 11:19:00;DOGEUSDT;DOGE_RSI14_M5_K3_EXP_M1;PUT;0.08387;0.08374;WIN;1.82;5.0;4.1
DOGE_RSI14_M5_K3_EXP_M1|DOGEUSDT|1788445380;03/09/2026 11:23:00;03/09/2026 11:24:00;DOGEUSDT;DOGE_RSI14_M5_K3_EXP_M1;PUT;0.08435;0.0844;LOSS;1.82;5.0;-5.0
DOGE_RSI14_M5_K3_EXP_M1|DOGEUSDT|1788445680;03/09/2026 11:28:00;03/09/2026 11:29:00;DOGEUSDT;DOGE_RSI14_M5_K3_EXP_M1;PUT;0.08459;0.08452;WIN;1.82;5.0;4.1
DOGE_RSI14_M5_K3_EXP_M1|DOGEUSDT|1788445980;03/09/2026 11:33:00;03/09/2026 11:34:00;DOGEUSDT;DOGE_RSI14_M5_K3_EXP_M1;PUT;0.08495;0.0849;WIN;1.82;5.0;4.1
ETH_M15_SNR48_REJEICAO_EXP_FIM_M15_ATUAL|ETHUSDT|1788444960;03/09/2026 11:16:00;03/09/2026 11:30:00;ETHUSDT;ETH_M15_SNR48_REJEICAO_EXP_FIM_M15_ATUAL;PUT;2438.71;2449.331666;LOSS;1.82;5.0;-5.0
DOGE_RSI14_M5_K3_EXP_M1|DOGEUSDT|1788446280;03/09/2026 11:38:00;03/09/2026 11:39:00;DOGEUSDT;DOGE_RSI14_M5_K3_EXP_M1;PUT;0.08548;0.08545;WIN;1.82;5.0;4.1
DOGE_RSI14_M5_K3_EXP_M1|DOGEUSDT|1788446580;03/09/2026 11:43:00;03/09/2026 11:44:00;DOGEUSDT;DOGE_RSI14_M5_K3_EXP_M1;PUT;0.08596;0.08586;WIN;1.82;5.0;4.1
DOGE_RSI14_M5_K3_EXP_M1|DOGEUSDT|1788446880;03/09/2026 11:48:00;03/09/2026 11:49:00;DOGEUSDT;DOGE_RSI14_M5_K3_EXP_M1;PUT;0.08611;0.08642;LOSS;1.82;5.0;-5.0
DOGE_RSI14_M5_K3_EXP_M1|DOGEUSDT|1788447180;03/09/2026 11:53:00;03/09/2026 11:54:00;DOGEUSDT;DOGE_RSI14_M5_K3_EXP_M1;PUT;0.08667;0.08657;WIN;1.82;5.0;4.1
DOGE_RSI14_M5_K3_EXP_M1|DOGEUSDT|1788447480;03/09/2026 11:58:00;03/09/2026 11:59:00;DOGEUSDT;DOGE_RSI14_M5_K3_EXP_M1;PUT;0.08692;0.08735;LOSS;1.82;5.0;-5.0
DOGE_M15_SNR48_REJEICAO_EXP_FIM_PROX_M15|DOGEUSDT|1788453360;03/09/2026 13:36:00;03/09/2026 14:00:00;DOGEUSDT;DOGE_M15_SNR48_REJEICAO_EXP_FIM_PROX_M15;PUT;0.08954;0.08947;WIN;1.82;5.0;4.1
DOGE_M15_SNR48_REJEICAO_EXP_FIM_PROX_M15|DOGEUSDT|1788462360;03/09/2026 16:06:00;03/09/2026 16:30:00;DOGEUSDT;DOGE_M15_SNR48_REJEICAO_EXP_FIM_PROX_M15;PUT;0.08959;0.08955;WIN;1.82;5.0;4.1
ETH_M15_SNR48_REJEICAO_EXP_FIM_M15_ATUAL|ETHUSDT|1788462360;03/09/2026 16:06:00;03/09/2026 16:15:00;ETHUSDT;ETH_M15_SNR48_REJEICAO_EXP_FIM_M15_ATUAL;PUT;2518.26;2509.09;WIN;1.82;5.0;4.1
DOGE_M15_SNR48_REJEICAO_EXP_FIM_PROX_M15|DOGEUSDT|1788501120;04/09/2026 02:52:00;04/09/2026 03:15:00;DOGEUSDT;DOGE_M15_SNR48_REJEICAO_EXP_FIM_PROX_M15;CALL;0.08671;0.08709;WIN;1.82;5.0;4.1
DOGE_M15_SNR48_REJEICAO_EXP_FIM_PROX_M15|DOGEUSDT|1788503760;04/09/2026 03:36:00;04/09/2026 04:00:00;DOGEUSDT;DOGE_M15_SNR48_REJEICAO_EXP_FIM_PROX_M15;CALL;0.08671;0.08708;WIN;1.82;5.0;4.1
ETH_M15_SNR48_REJEICAO_EXP_FIM_M15_ATUAL|ETHUSDT|1788511980;04/09/2026 05:53:00;04/09/2026 06:00:00;ETHUSDT;ETH_M15_SNR48_REJEICAO_EXP_FIM_M15_ATUAL;PUT;2524.18;2527.15;LOSS;1.82;5.0;-5.0
ETH_M15_SNR48_REJEICAO_EXP_FIM_M15_ATUAL|ETHUSDT|1788512460;04/09/2026 06:01:00;04/09/2026 06:15:00;ETHUSDT;ETH_M15_SNR48_REJEICAO_EXP_FIM_M15_ATUAL;PUT;2526.53;2530.28;LOSS;1.82;5.0;-5.0
ETH_M15_SNR48_REJEICAO_EXP_FIM_M15_ATUAL|ETHUSDT|1788513720;04/09/2026 06:22:00;04/09/2026 06:30:00;ETHUSDT;ETH_M15_SNR48_REJEICAO_EXP_FIM_M15_ATUAL;PUT;2527.04;2522.38;WIN;1.82;5.0;4.1
DOGE_RSI14_M5_K3_EXP_M1|DOGEUSDT|1788525480;04/09/2026 09:38:00;04/09/2026 09:39:00;DOGEUSDT;DOGE_RSI14_M5_K3_EXP_M1;CALL;0.08514;0.08525;WIN;1.82;5.0;4.1
DOGE_RSI14_M5_K3_EXP_M1|DOGEUSDT|1788526380;04/09/2026 09:53:00;04/09/2026 09:54:00;DOGEUSDT;DOGE_RSI14_M5_K3_EXP_M1;CALL;0.0852;0.08532;WIN;1.82;5.0;4.1
ETH_M15_SNR48_REJEICAO_EXP_FIM_M15_ATUAL|ETHUSDT|1788529080;04/09/2026 10:38:00;04/09/2026 10:45:00;ETHUSDT;ETH_M15_SNR48_REJEICAO_EXP_FIM_M15_ATUAL;CALL;2449.05;2450.56;WIN;1.82;5.0;4.1
DOGE_M15_SNR48_REJEICAO_EXP_FIM_PROX_M15|DOGEUSDT|1788533160;04/09/2026 11:46:00;04/09/2026 12:15:00;DOGEUSDT;DOGE_M15_SNR48_REJEICAO_EXP_FIM_PROX_M15;CALL;0.08451;0.08442;LOSS;1.82;5.0;-5.0
ETH_M15_SNR48_REJEICAO_EXP_FIM_M15_ATUAL|ETHUSDT|1788533460;04/09/2026 11:51:00;04/09/2026 12:00:00;ETHUSDT;ETH_M15_SNR48_REJEICAO_EXP_FIM_M15_ATUAL;CALL;2441.97;2440.19;LOSS;1.82;5.0;-5.0
DOGE_RSI14_M5_K3_EXP_M1|DOGEUSDT|1788590580;05/09/2026 03:43:00;05/09/2026 03:44:00;DOGEUSDT;DOGE_RSI14_M5_K3_EXP_M1;PUT;0.08543;0.08543;EMPATE;1.82;5.0;0.0
DOGE_RSI14_M5_K3_EXP_M1|DOGEUSDT|1788591180;05/09/2026 03:53:00;05/09/2026 03:54:00;DOGEUSDT;DOGE_RSI14_M5_K3_EXP_M1;PUT;0.085465;0.08553;LOSS;1.82;5.0;-5.0
DOGE_RSI14_M5_K3_EXP_M1|DOGEUSDT|1788592080;05/09/2026 04:08:00;05/09/2026 04:09:00;DOGEUSDT;DOGE_RSI14_M5_K3_EXP_M1;PUT;0.08571;0.08574;LOSS;1.82;5.0;-5.0
ETH_M15_SNR48_REJEICAO_EXP_FIM_M15_ATUAL|ETHUSDT|1788593760;05/09/2026 04:36:00;05/09/2026 04:45:00;ETHUSDT;ETH_M15_SNR48_REJEICAO_EXP_FIM_M15_ATUAL;PUT;2458.0;2458.29;LOSS;1.82;5.0;-5.0
ETH_M15_SNR48_REJEICAO_EXP_FIM_M15_ATUAL|ETHUSDT|1788594360;05/09/2026 04:46:00;05/09/2026 05:00:00;ETHUSDT;ETH_M15_SNR48_REJEICAO_EXP_FIM_M15_ATUAL;PUT;2457.94;2457.53;WIN;1.82;5.0;4.1
ETH_M15_SNR48_REJEICAO_EXP_FIM_M15_ATUAL|ETHUSDT|1788599760;05/09/2026 06:16:00;05/09/2026 06:30:00;ETHUSDT;ETH_M15_SNR48_REJEICAO_EXP_FIM_M15_ATUAL;PUT;2457.88;2458.25;LOSS;1.82;5.0;-5.0
ETH_M15_SNR48_REJEICAO_EXP_FIM_M15_ATUAL|ETHUSDT|1788601560;05/09/2026 06:46:00;05/09/2026 07:00:00;ETHUSDT;ETH_M15_SNR48_REJEICAO_EXP_FIM_M15_ATUAL;PUT;2459.34;2458.54;WIN;1.82;5.0;4.1
DOGE_RSI14_M5_K3_EXP_M1|DOGEUSDT|1788612180;05/09/2026 09:43:00;05/09/2026 09:44:00;DOGEUSDT;DOGE_RSI14_M5_K3_EXP_M1;PUT;0.08747;0.08741;WIN;1.82;5.0;4.1
DOGE_RSI14_M5_K3_EXP_M1|DOGEUSDT|1788612480;05/09/2026 09:48:00;05/09/2026 09:49:00;DOGEUSDT;DOGE_RSI14_M5_K3_EXP_M1;PUT;0.08728;0.08709;WIN;1.82;5.0;4.1
ETH_M15_SNR48_REJEICAO_EXP_FIM_M15_ATUAL|ETHUSDT|1788612540;05/09/2026 09:49:00;05/09/2026 10:00:00;ETHUSDT;ETH_M15_SNR48_REJEICAO_EXP_FIM_M15_ATUAL;PUT;2458.22;2458.93;LOSS;1.82;5.0;-5.0
DOGE_RSI14_M5_K3_EXP_M1|DOGEUSDT|1788613680;05/09/2026 10:08:00;05/09/2026 10:09:00;DOGEUSDT;DOGE_RSI14_M5_K3_EXP_M1;PUT;0.08736;0.08737;LOSS;1.82;5.0;-5.0
ETH_M15_SNR48_REJEICAO_EXP_FIM_M15_ATUAL|ETHUSDT|1788613560;05/09/2026 10:06:00;05/09/2026 10:15:00;ETHUSDT;ETH_M15_SNR48_REJEICAO_EXP_FIM_M15_ATUAL;PUT;2460.39;2459.65;WIN;1.82;5.0;4.1
ETH_M15_SNR48_REJEICAO_EXP_FIM_M15_ATUAL|ETHUSDT|1788614760;05/09/2026 10:26:00;05/09/2026 10:30:00;ETHUSDT;ETH_M15_SNR48_REJEICAO_EXP_FIM_M15_ATUAL;PUT;2459.99;2459.61;WIN;1.82;5.0;4.1
DOGE_RSI14_M5_K3_EXP_M1|DOGEUSDT|1788615480;05/09/2026 10:38:00;05/09/2026 10:39:00;DOGEUSDT;DOGE_RSI14_M5_K3_EXP_M1;PUT;0.08764;0.08759;WIN;1.82;5.0;4.1
ETH_M15_SNR48_REJEICAO_EXP_FIM_M15_ATUAL|ETHUSDT|1788625680;05/09/2026 13:28:00;05/09/2026 13:30:00;ETHUSDT;ETH_M15_SNR48_REJEICAO_EXP_FIM_M15_ATUAL;PUT;2461.56;2463.29;LOSS;1.82;5.0;-5.0
DOGE_RSI14_M5_K3_EXP_M1|DOGEUSDT|1788628380;05/09/2026 14:13:00;05/09/2026 14:14:00;DOGEUSDT;DOGE_RSI14_M5_K3_EXP_M1;PUT;0.08877;0.0893;LOSS;1.82;5.0;-5.0
DOGE_RSI14_M5_K3_EXP_M1|DOGEUSDT|1788628680;05/09/2026 14:18:00;05/09/2026 14:19:00;DOGEUSDT;DOGE_RSI14_M5_K3_EXP_M1;PUT;0.08916;0.08921;LOSS;1.82;5.0;-5.0
ETH_M15_SNR48_REJEICAO_EXP_FIM_M15_ATUAL|ETHUSDT|1788629760;05/09/2026 14:36:00;05/09/2026 14:45:00;ETHUSDT;ETH_M15_SNR48_REJEICAO_EXP_FIM_M15_ATUAL;PUT;2478.79;2476.86;WIN;1.82;5.0;4.1
DOGE_RSI14_M5_K3_EXP_M1|DOGEUSDT|1788631080;05/09/2026 14:58:00;05/09/2026 14:59:00;DOGEUSDT;DOGE_RSI14_M5_K3_EXP_M1;PUT;0.09287;0.09485;LOSS;1.82;5.0;-5.0
DOGE_M15_SNR48_REJEICAO_EXP_FIM_PROX_M15|DOGEUSDT|1788629820;05/09/2026 14:37:00;05/09/2026 15:00:00;DOGEUSDT;DOGE_M15_SNR48_REJEICAO_EXP_FIM_PROX_M15;PUT;0.08913;0.094697;LOSS;1.82;5.0;-5.0
DOGE_RSI14_M5_K3_EXP_M1|DOGEUSDT|1788631380;05/09/2026 15:03:00;05/09/2026 15:04:00;DOGEUSDT;DOGE_RSI14_M5_K3_EXP_M1;PUT;0.093535;0.09327;WIN;1.82;5.0;4.1
ETH_M15_SNR48_REJEICAO_EXP_FIM_M15_ATUAL|ETHUSDT|1788644460;05/09/2026 18:41:00;05/09/2026 18:45:00;ETHUSDT;ETH_M15_SNR48_REJEICAO_EXP_FIM_M15_ATUAL;PUT;2483.29;2491.33;LOSS;1.82;5.0;-5.0
ETH_M15_SNR48_REJEICAO_EXP_FIM_M15_ATUAL|ETHUSDT|1788657720;05/09/2026 22:22:00;05/09/2026 22:30:00;ETHUSDT;ETH_M15_SNR48_REJEICAO_EXP_FIM_M15_ATUAL;PUT;2492.73;2493.9;LOSS;1.82;5.0;-5.0
ETH_M15_SNR48_REJEICAO_EXP_FIM_M15_ATUAL|ETHUSDT|1788660240;05/09/2026 23:04:00;05/09/2026 23:15:00;ETHUSDT;ETH_M15_SNR48_REJEICAO_EXP_FIM_M15_ATUAL;PUT;2504.66;2507.03;LOSS;1.82;5.0;-5.0
ETH_M15_SNR48_REJEICAO_EXP_FIM_M15_ATUAL|ETHUSDT|1788661020;05/09/2026 23:17:00;05/09/2026 23:30:00;ETHUSDT;ETH_M15_SNR48_REJEICAO_EXP_FIM_M15_ATUAL;PUT;2505.01;2502.17;WIN;1.82;5.0;4.1
DOGE_RSI14_M5_K3_EXP_M1|DOGEUSDT|1788666480;06/09/2026 00:48:00;06/09/2026 00:49:00;DOGEUSDT;DOGE_RSI14_M5_K3_EXP_M1;PUT;0.09142;0.09139;WIN;1.82;5.0;4.1
ETH_M15_SNR48_REJEICAO_EXP_FIM_M15_ATUAL|ETHUSDT|1788666420;06/09/2026 00:47:00;06/09/2026 01:00:00;ETHUSDT;ETH_M15_SNR48_REJEICAO_EXP_FIM_M15_ATUAL;PUT;2511.05;2509.67;WIN;1.82;5.0;4.1
ETH_M15_SNR48_REJEICAO_EXP_FIM_M15_ATUAL|ETHUSDT|1788673620;06/09/2026 02:47:00;06/09/2026 03:00:00;ETHUSDT;ETH_M15_SNR48_REJEICAO_EXP_FIM_M15_ATUAL;PUT;2513.84;2513.26;WIN;1.82;5.0;4.1
ETH_M15_SNR48_REJEICAO_EXP_FIM_M15_ATUAL|ETHUSDT|1788701760;06/09/2026 10:36:00;06/09/2026 10:45:00;ETHUSDT;ETH_M15_SNR48_REJEICAO_EXP_FIM_M15_ATUAL;CALL;2490.77;2492.74;WIN;1.82;5.0;4.1
DOGE_RSI14_M5_K3_EXP_M1|DOGEUSDT|1788705480;06/09/2026 11:38:00;06/09/2026 11:39:00;DOGEUSDT;DOGE_RSI14_M5_K3_EXP_M1;CALL;0.08875;0.08874;LOSS;1.82;5.0;-5.0
DOGE_M15_SNR48_REJEICAO_EXP_FIM_PROX_M15|DOGEUSDT|1788704760;06/09/2026 11:26:00;06/09/2026 11:45:00;DOGEUSDT;DOGE_M15_SNR48_REJEICAO_EXP_FIM_PROX_M15;CALL;0.08885;0.08889;WIN;1.82;5.0;4.1
ETH_M15_SNR48_REJEICAO_EXP_FIM_M15_ATUAL|ETHUSDT|1788706260;06/09/2026 11:51:00;06/09/2026 12:00:00;ETHUSDT;ETH_M15_SNR48_REJEICAO_EXP_FIM_M15_ATUAL;CALL;2484.58;2478.41;LOSS;1.82;5.0;-5.0
DOGE_RSI14_M5_K3_EXP_M1|DOGEUSDT|1788707280;06/09/2026 12:08:00;06/09/2026 12:09:00;DOGEUSDT;DOGE_RSI14_M5_K3_EXP_M1;CALL;0.08841;0.0884;LOSS;1.82;5.0;-5.0
DOGE_M15_SNR48_REJEICAO_EXP_FIM_PROX_M15|DOGEUSDT|1788706260;06/09/2026 11:51:00;06/09/2026 12:15:00;DOGEUSDT;DOGE_M15_SNR48_REJEICAO_EXP_FIM_PROX_M15;CALL;0.08883;0.08841;LOSS;1.82;5.0;-5.0
DOGE_RSI14_M5_K3_EXP_M1|DOGEUSDT|1788726780;06/09/2026 17:33:00;06/09/2026 17:34:00;DOGEUSDT;DOGE_RSI14_M5_K3_EXP_M1;PUT;0.09003;0.09008;LOSS;1.82;5.0;-5.0
DOGE_RSI14_M5_K3_EXP_M1|DOGEUSDT|1788727080;06/09/2026 17:38:00;06/09/2026 17:39:00;DOGEUSDT;DOGE_RSI14_M5_K3_EXP_M1;PUT;0.09002;0.09002;EMPATE;1.82;5.0;0.0
DOGE_RSI14_M5_K3_EXP_M1|DOGEUSDT|1788727380;06/09/2026 17:43:00;06/09/2026 17:44:00;DOGEUSDT;DOGE_RSI14_M5_K3_EXP_M1;PUT;0.09002;0.0901;LOSS;1.82;5.0;-5.0
DOGE_M15_SNR48_REJEICAO_EXP_FIM_PROX_M15|DOGEUSDT|1788731040;06/09/2026 18:44:00;06/09/2026 19:00:00;DOGEUSDT;DOGE_M15_SNR48_REJEICAO_EXP_FIM_PROX_M15;PUT;0.09066;0.09048;WIN;1.82;5.0;4.1
ETH_M15_SNR48_REJEICAO_EXP_FIM_M15_ATUAL|ETHUSDT|1788729720;06/09/2026 18:22:00;06/09/2026 18:30:00;ETHUSDT;ETH_M15_SNR48_REJEICAO_EXP_FIM_M15_ATUAL;PUT;2510.8;2506.04;WIN;1.82;5.0;4.1
DOGE_M15_SNR48_REJEICAO_EXP_FIM_PROX_M15|DOGEUSDT|1788738660;06/09/2026 20:51:00;06/09/2026 21:15:00;DOGEUSDT;DOGE_M15_SNR48_REJEICAO_EXP_FIM_PROX_M15;PUT;0.09092;0.09106;LOSS;1.82;5.0;-5.0
ETH_M15_SNR48_REJEICAO_EXP_FIM_M15_ATUAL|ETHUSDT|1788735960;06/09/2026 20:06:00;06/09/2026 20:15:00;ETHUSDT;ETH_M15_SNR48_REJEICAO_EXP_FIM_M15_ATUAL;PUT;2510.52;2511.78;LOSS;1.82;5.0;-5.0
ETH_M15_SNR48_REJEICAO_EXP_FIM_M15_ATUAL|ETHUSDT|1788738660;06/09/2026 20:51:00;06/09/2026 21:00:00;ETHUSDT;ETH_M15_SNR48_REJEICAO_EXP_FIM_M15_ATUAL;PUT;2519.03;2514.48;WIN;1.82;5.0;4.1
DOGE_M15_SNR48_REJEICAO_EXP_FIM_PROX_M15|DOGEUSDT|1788740160;06/09/2026 21:16:00;06/09/2026 21:45:00;DOGEUSDT;DOGE_M15_SNR48_REJEICAO_EXP_FIM_PROX_M15;PUT;0.09095;0.0912;LOSS;1.82;5.0;-5.0
DOGE_M15_SNR48_REJEICAO_EXP_FIM_PROX_M15|DOGEUSDT|1788741960;06/09/2026 21:46:00;06/09/2026 22:15:00;DOGEUSDT;DOGE_M15_SNR48_REJEICAO_EXP_FIM_PROX_M15;PUT;0.09101;0.09032;WIN;1.82;5.0;4.1
DOGE_M15_SNR48_REJEICAO_EXP_FIM_PROX_M15|DOGEUSDT|1788748860;06/09/2026 23:41:00;07/09/2026 00:00:00;DOGEUSDT;DOGE_M15_SNR48_REJEICAO_EXP_FIM_PROX_M15;PUT;0.09103;0.09014;WIN;1.82;5.0;4.1
ETH_M15_SNR48_REJEICAO_EXP_FIM_M15_ATUAL|ETHUSDT|1788749160;06/09/2026 23:46:00;07/09/2026 00:00:00;ETHUSDT;ETH_M15_SNR48_REJEICAO_EXP_FIM_M15_ATUAL;PUT;2525.97;2511.76;WIN;1.82;5.0;4.1
DOGE_RSI14_M5_K3_EXP_M1|DOGEUSDT|1788766980;07/09/2026 04:43:00;07/09/2026 04:44:00;DOGEUSDT;DOGE_RSI14_M5_K3_EXP_M1;CALL;0.08916;0.08918;WIN;1.82;5.0;4.1
ETH_M15_SNR48_REJEICAO_EXP_FIM_M15_ATUAL|ETHUSDT|1788766260;07/09/2026 04:31:00;07/09/2026 04:45:00;ETHUSDT;ETH_M15_SNR48_REJEICAO_EXP_FIM_M15_ATUAL;CALL;2491.4;2486.0;LOSS;1.82;5.0;-5.0
DOGE_M15_SNR48_REJEICAO_EXP_FIM_PROX_M15|DOGEUSDT|1788766980;07/09/2026 04:43:00;07/09/2026 05:00:00;DOGEUSDT;DOGE_M15_SNR48_REJEICAO_EXP_FIM_PROX_M15;CALL;0.08916;0.08941;WIN;1.82;5.0;4.1
ETH_M15_SNR48_REJEICAO_EXP_FIM_M15_ATUAL|ETHUSDT|1788767160;07/09/2026 04:46:00;07/09/2026 05:00:00;ETHUSDT;ETH_M15_SNR48_REJEICAO_EXP_FIM_M15_ATUAL;CALL;2487.71;2489.14;WIN;1.82;5.0;4.1
DOGE_RSI14_M5_K3_EXP_M1|DOGEUSDT|1788784980;07/09/2026 09:43:00;07/09/2026 09:44:00;DOGEUSDT;DOGE_RSI14_M5_K3_EXP_M1;PUT;0.09057;0.09059;LOSS;1.82;5.0;-5.0
DOGE_RSI14_M5_K3_EXP_M1|DOGEUSDT|1788785580;07/09/2026 09:53:00;07/09/2026 09:54:00;DOGEUSDT;DOGE_RSI14_M5_K3_EXP_M1;PUT;0.09111;0.09124;LOSS;1.82;5.0;-5.0
DOGE_RSI14_M5_K3_EXP_M1|DOGEUSDT|1788785880;07/09/2026 09:58:00;07/09/2026 09:59:00;DOGEUSDT;DOGE_RSI14_M5_K3_EXP_M1;PUT;0.0914;0.09135;WIN;1.82;5.0;4.1
DOGE_RSI14_M5_K3_EXP_M1|DOGEUSDT|1788786180;07/09/2026 10:03:00;07/09/2026 10:04:00;DOGEUSDT;DOGE_RSI14_M5_K3_EXP_M1;PUT;0.0913;0.0913;EMPATE;1.82;5.0;0.0
DOGE_RSI14_M5_K3_EXP_M1|DOGEUSDT|1788786480;07/09/2026 10:08:00;07/09/2026 10:09:00;DOGEUSDT;DOGE_RSI14_M5_K3_EXP_M1;PUT;0.09112;0.09106;WIN;1.82;5.0;4.1
DOGE_M15_SNR48_REJEICAO_EXP_FIM_PROX_M15|DOGEUSDT|1788785760;07/09/2026 09:56:00;07/09/2026 10:15:00;DOGEUSDT;DOGE_M15_SNR48_REJEICAO_EXP_FIM_PROX_M15;PUT;0.09134;0.09122;WIN;1.82;5.0;4.1
DOGE_M15_SNR48_REJEICAO_EXP_FIM_PROX_M15|DOGEUSDT|1788787860;07/09/2026 10:31:00;07/09/2026 11:00:00;DOGEUSDT;DOGE_M15_SNR48_REJEICAO_EXP_FIM_PROX_M15;PUT;0.09151;0.09092;WIN;1.82;5.0;4.1
DOGE_M15_SNR48_REJEICAO_EXP_FIM_PROX_M15|DOGEUSDT|1788813480;07/09/2026 17:38:00;07/09/2026 18:00:00;DOGEUSDT;DOGE_M15_SNR48_REJEICAO_EXP_FIM_PROX_M15;PUT;0.09079;0.09059;WIN;1.82;5.0;4.1
DOGE_M15_SNR48_REJEICAO_EXP_FIM_PROX_M15|DOGEUSDT|1788822960;07/09/2026 20:16:00;07/09/2026 20:45:00;DOGEUSDT;DOGE_M15_SNR48_REJEICAO_EXP_FIM_PROX_M15;PUT;0.0907;0.09063;WIN;1.82;5.0;4.1
DOGE_M15_SNR48_REJEICAO_EXP_FIM_PROX_M15|DOGEUSDT|1788826260;07/09/2026 21:11:00;07/09/2026 21:30:00;DOGEUSDT;DOGE_M15_SNR48_REJEICAO_EXP_FIM_PROX_M15;PUT;0.09081;0.09076;WIN;1.82;5.0;4.1
DOGE_M15_SNR48_REJEICAO_EXP_FIM_PROX_M15|DOGEUSDT|1788833220;07/09/2026 23:07:00;07/09/2026 23:30:00;DOGEUSDT;DOGE_M15_SNR48_REJEICAO_EXP_FIM_PROX_M15;PUT;0.09098;0.09095;WIN;1.82;5.0;4.1
DOGE_M15_SNR48_REJEICAO_EXP_FIM_PROX_M15|DOGEUSDT|1788834660;07/09/2026 23:31:00;08/09/2026 00:00:00;DOGEUSDT;DOGE_M15_SNR48_REJEICAO_EXP_FIM_PROX_M15;PUT;0.09093;0.08998;WIN;1.82;5.0;4.1
DOGE_M15_SNR48_REJEICAO_EXP_FIM_PROX_M15|DOGEUSDT|1788863220;08/09/2026 07:27:00;08/09/2026 07:45:00;DOGEUSDT;DOGE_M15_SNR48_REJEICAO_EXP_FIM_PROX_M15;PUT;0.09067;0.09039;WIN;1.82;5.0;4.1
DOGE_M15_SNR48_REJEICAO_EXP_FIM_PROX_M15|DOGEUSDT|1788885840;08/09/2026 13:44:00;08/09/2026 14:00:00;DOGEUSDT;DOGE_M15_SNR48_REJEICAO_EXP_FIM_PROX_M15;PUT;0.09061;0.09063;LOSS;1.82;5.0;-5.0
ETH_M15_SNR48_REJEICAO_EXP_FIM_M15_ATUAL|ETHUSDT|1788834360;07/09/2026 23:26:00;07/09/2026 23:30:00;ETHUSDT;ETH_M15_SNR48_REJEICAO_EXP_FIM_M15_ATUAL;PUT;2503.64;2496.88;WIN;1.82;5.0;4.1
ETH_M15_SNR48_REJEICAO_EXP_FIM_M15_ATUAL|ETHUSDT|1788891960;08/09/2026 15:26:00;08/09/2026 15:30:00;ETHUSDT;ETH_M15_SNR48_REJEICAO_EXP_FIM_M15_ATUAL;PUT;2502.43;2500.33;WIN;1.82;5.0;4.1
DOGE_RSI14_M5_K3_EXP_M1|DOGEUSDT|1788913080;08/09/2026 21:18:00;08/09/2026 21:19:00;DOGEUSDT;DOGE_RSI14_M5_K3_EXP_M1;PUT;0.09073;0.09072;WIN;1.82;5.0;4.1
DOGE_M15_SNR48_REJEICAO_EXP_FIM_PROX_M15|DOGEUSDT|1788912660;08/09/2026 21:11:00;08/09/2026 21:30:00;DOGEUSDT;DOGE_M15_SNR48_REJEICAO_EXP_FIM_PROX_M15;PUT;0.09058;0.09063;LOSS;1.82;5.0;-5.0
ETH_M15_SNR48_REJEICAO_EXP_FIM_M15_ATUAL|ETHUSDT|1788929160;09/09/2026 01:46:00;09/09/2026 02:00:00;ETHUSDT;ETH_M15_SNR48_REJEICAO_EXP_FIM_M15_ATUAL;PUT;2507.96;2509.2;LOSS;1.82;5.0;-5.0
ETH_M15_SNR48_REJEICAO_EXP_FIM_M15_ATUAL|ETHUSDT|1788937920;09/09/2026 04:12:00;09/09/2026 04:15:00;ETHUSDT;ETH_M15_SNR48_REJEICAO_EXP_FIM_M15_ATUAL;PUT;2513.01;2512.16;WIN;1.82;5.0;4.1
DOGE_M15_SNR48_REJEICAO_EXP_FIM_PROX_M15|DOGEUSDT|1788938040;09/09/2026 04:14:00;09/09/2026 04:30:00;DOGEUSDT;DOGE_M15_SNR48_REJEICAO_EXP_FIM_PROX_M15;PUT;0.09067;0.09074;LOSS;1.82;5.0;-5.0
ETH_M15_SNR48_REJEICAO_EXP_FIM_M15_ATUAL|ETHUSDT|1788938220;09/09/2026 04:17:00;09/09/2026 04:30:00;ETHUSDT;ETH_M15_SNR48_REJEICAO_EXP_FIM_M15_ATUAL;PUT;2510.54;2515.0;LOSS;1.82;5.0;-5.0
ETH_M15_SNR48_REJEICAO_EXP_FIM_M15_ATUAL|ETHUSDT|1788939060;09/09/2026 04:31:00;09/09/2026 04:45:00;ETHUSDT;ETH_M15_SNR48_REJEICAO_EXP_FIM_M15_ATUAL;PUT;2514.28;2511.44;WIN;1.82;5.0;4.1
ETH_M15_SNR48_REJEICAO_EXP_FIM_M15_ATUAL|ETHUSDT|1788941160;09/09/2026 05:06:00;09/09/2026 05:15:00;ETHUSDT;ETH_M15_SNR48_REJEICAO_EXP_FIM_M15_ATUAL;PUT;2515.44;2514.72;WIN;1.82;5.0;4.1
DOGE_M15_SNR48_REJEICAO_EXP_FIM_PROX_M15|DOGEUSDT|1788940860;09/09/2026 05:01:00;09/09/2026 05:30:00;DOGEUSDT;DOGE_M15_SNR48_REJEICAO_EXP_FIM_PROX_M15;PUT;0.09085;0.09122;LOSS;1.82;5.0;-5.0
ETH_M15_SNR48_REJEICAO_EXP_FIM_M15_ATUAL|ETHUSDT|1788942060;09/09/2026 05:21:00;09/09/2026 05:30:00;ETHUSDT;ETH_M15_SNR48_REJEICAO_EXP_FIM_M15_ATUAL;PUT;2516.73;2521.31;LOSS;1.82;5.0;-5.0
ETH_M15_SNR48_REJEICAO_EXP_FIM_M15_ATUAL|ETHUSDT|1788942660;09/09/2026 05:31:00;09/09/2026 05:45:00;ETHUSDT;ETH_M15_SNR48_REJEICAO_EXP_FIM_M15_ATUAL;PUT;2518.98;2517.43;WIN;1.82;5.0;4.1
DOGE_M15_SNR48_REJEICAO_EXP_FIM_PROX_M15|DOGEUSDT|1788942660;09/09/2026 05:31:00;09/09/2026 06:00:00;DOGEUSDT;DOGE_M15_SNR48_REJEICAO_EXP_FIM_PROX_M15;PUT;0.09115;0.09143;LOSS;1.82;5.0;-5.0
ETH_M15_SNR48_REJEICAO_EXP_FIM_M15_ATUAL|ETHUSDT|1788944160;09/09/2026 05:56:00;09/09/2026 06:00:00;ETHUSDT;ETH_M15_SNR48_REJEICAO_EXP_FIM_M15_ATUAL;PUT;2520.3;2519.73;WIN;1.82;5.0;4.1
DOGE_M15_SNR48_REJEICAO_EXP_FIM_PROX_M15|DOGEUSDT|1788944820;09/09/2026 06:07:00;09/09/2026 06:30:00;DOGEUSDT;DOGE_M15_SNR48_REJEICAO_EXP_FIM_PROX_M15;PUT;0.09127;0.09083;WIN;1.82;5.0;4.1
ETH_M15_SNR48_REJEICAO_EXP_FIM_M15_ATUAL|ETHUSDT|1788951360;09/09/2026 07:56:00;09/09/2026 08:00:00;ETHUSDT;ETH_M15_SNR48_REJEICAO_EXP_FIM_M15_ATUAL;CALL;2486.37;2487.36;WIN;1.82;5.0;4.1
ETH_M15_SNR48_REJEICAO_EXP_FIM_M15_ATUAL|ETHUSDT|1788952080;09/09/2026 08:08:00;09/09/2026 08:15:00;ETHUSDT;ETH_M15_SNR48_REJEICAO_EXP_FIM_M15_ATUAL;CALL;2485.28;2486.6;WIN;1.82;5.0;4.1
DOGE_M15_SNR48_REJEICAO_EXP_FIM_PROX_M15|DOGEUSDT|1788958080;09/09/2026 09:48:00;09/09/2026 10:15:00;DOGEUSDT;DOGE_M15_SNR48_REJEICAO_EXP_FIM_PROX_M15;PUT;0.09129;0.09118;WIN;1.82;5.0;4.1
DOGE_M15_SNR48_REJEICAO_EXP_FIM_PROX_M15|DOGEUSDT|1788991740;09/09/2026 19:09:00;09/09/2026 19:30:00;DOGEUSDT;DOGE_M15_SNR48_REJEICAO_EXP_FIM_PROX_M15;PUT;0.08532;0.08599;LOSS;1.82;5.0;-5.0
DOGE_M15_SNR48_REJEICAO_EXP_FIM_PROX_M15|DOGEUSDT|1788994560;09/09/2026 19:56:00;09/09/2026 20:15:00;DOGEUSDT;DOGE_M15_SNR48_REJEICAO_EXP_FIM_PROX_M15;PUT;0.08553;0.08591;LOSS;1.82;5.0;-5.0
DOGE_M15_SNR48_REJEICAO_EXP_FIM_PROX_M15|DOGEUSDT|1789003980;09/09/2026 22:33:00;09/09/2026 23:00:00;DOGEUSDT;DOGE_M15_SNR48_REJEICAO_EXP_FIM_PROX_M15;PUT;0.08555;0.08553;WIN;1.82;5.0;4.1
DOGE_M15_SNR48_REJEICAO_EXP_FIM_PROX_M15|DOGEUSDT|1789005660;09/09/2026 23:01:00;09/09/2026 23:30:00;DOGEUSDT;DOGE_M15_SNR48_REJEICAO_EXP_FIM_PROX_M15;PUT;0.08552;0.0854;WIN;1.82;5.0;4.1
DOGE_M15_SNR48_REJEICAO_EXP_FIM_PROX_M15|DOGEUSDT|1789016700;10/09/2026 02:05:00;10/09/2026 02:30:00;DOGEUSDT;DOGE_M15_SNR48_REJEICAO_EXP_FIM_PROX_M15;PUT;0.08554;0.08593;LOSS;1.82;5.0;-5.0
DOGE_M15_SNR48_REJEICAO_EXP_FIM_PROX_M15|DOGEUSDT|1789020780;10/09/2026 03:13:00;10/09/2026 03:30:00;DOGEUSDT;DOGE_M15_SNR48_REJEICAO_EXP_FIM_PROX_M15;PUT;0.08556;0.08559;LOSS;1.82;5.0;-5.0
DOGE_M15_SNR48_REJEICAO_EXP_FIM_PROX_M15|DOGEUSDT|1789021920;10/09/2026 03:32:00;10/09/2026 04:00:00;DOGEUSDT;DOGE_M15_SNR48_REJEICAO_EXP_FIM_PROX_M15;PUT;0.08556;0.08579;LOSS;1.82;5.0;-5.0
DOGE_M15_SNR48_REJEICAO_EXP_FIM_PROX_M15|DOGEUSDT|1789023840;10/09/2026 04:04:00;10/09/2026 04:30:00;DOGEUSDT;DOGE_M15_SNR48_REJEICAO_EXP_FIM_PROX_M15;PUT;0.08553;0.08524;WIN;1.82;5.0;4.1
DOGE_M15_SNR48_REJEICAO_EXP_FIM_PROX_M15|DOGEUSDT|1789028040;10/09/2026 05:14:00;10/09/2026 05:30:00;DOGEUSDT;DOGE_M15_SNR48_REJEICAO_EXP_FIM_PROX_M15;PUT;0.08531;0.08542;LOSS;1.82;5.0;-5.0
DOGE_M15_SNR48_REJEICAO_EXP_FIM_PROX_M15|DOGEUSDT|1789040220;10/09/2026 08:37:00;10/09/2026 09:00:00;DOGEUSDT;DOGE_M15_SNR48_REJEICAO_EXP_FIM_PROX_M15;PUT;0.08536;0.08512;WIN;1.82;5.0;4.1
DOGE_M15_SNR48_REJEICAO_EXP_FIM_PROX_M15|DOGEUSDT|1789044660;10/09/2026 09:51:00;10/09/2026 10:15:00;DOGEUSDT;DOGE_M15_SNR48_REJEICAO_EXP_FIM_PROX_M15;CALL;0.08417;0.08352;LOSS;1.82;5.0;-5.0
ETH_M15_SNR48_REJEICAO_EXP_FIM_M15_ATUAL|ETHUSDT|1788967380;09/09/2026 12:23:00;09/09/2026 12:30:00;ETHUSDT;ETH_M15_SNR48_REJEICAO_EXP_FIM_M15_ATUAL;PUT;2473.54;2479.5;LOSS;1.82;5.0;-5.0
ETH_M15_SNR48_REJEICAO_EXP_FIM_M15_ATUAL|ETHUSDT|1788982680;09/09/2026 16:38:00;09/09/2026 16:45:00;ETHUSDT;ETH_M15_SNR48_REJEICAO_EXP_FIM_M15_ATUAL;PUT;2475.05;2471.72;WIN;1.82;5.0;4.1
ETH_M15_SNR48_REJEICAO_EXP_FIM_M15_ATUAL|ETHUSDT|1789002660;09/09/2026 22:11:00;09/09/2026 22:15:00;ETHUSDT;ETH_M15_SNR48_REJEICAO_EXP_FIM_M15_ATUAL;PUT;2473.97;2470.34;WIN;1.82;5.0;4.1
ETH_M15_SNR48_REJEICAO_EXP_FIM_M15_ATUAL|ETHUSDT|1789008660;09/09/2026 23:51:00;10/09/2026 00:00:00;ETHUSDT;ETH_M15_SNR48_REJEICAO_EXP_FIM_M15_ATUAL;PUT;2472.61;2474.86;LOSS;1.82;5.0;-5.0
ETH_M15_SNR48_REJEICAO_EXP_FIM_M15_ATUAL|ETHUSDT|1789010160;10/09/2026 00:16:00;10/09/2026 00:30:00;ETHUSDT;ETH_M15_SNR48_REJEICAO_EXP_FIM_M15_ATUAL;PUT;2475.14;2476.56;LOSS;1.82;5.0;-5.0
ETH_M15_SNR48_REJEICAO_EXP_FIM_M15_ATUAL|ETHUSDT|1789011360;10/09/2026 00:36:00;10/09/2026 00:45:00;ETHUSDT;ETH_M15_SNR48_REJEICAO_EXP_FIM_M15_ATUAL;PUT;2473.69;2476.38;LOSS;1.82;5.0;-5.0
ETH_M15_SNR48_REJEICAO_EXP_FIM_M15_ATUAL|ETHUSDT|1789012320;10/09/2026 00:52:00;10/09/2026 01:00:00;ETHUSDT;ETH_M15_SNR48_REJEICAO_EXP_FIM_M15_ATUAL;PUT;2475.26;2475.41;LOSS;1.82;5.0;-5.0
ETH_M15_SNR48_REJEICAO_EXP_FIM_M15_ATUAL|ETHUSDT|1789012980;10/09/2026 01:03:00;10/09/2026 01:15:00;ETHUSDT;ETH_M15_SNR48_REJEICAO_EXP_FIM_M15_ATUAL;PUT;2475.01;2475.21;LOSS;1.82;5.0;-5.0
ETH_M15_SNR48_REJEICAO_EXP_FIM_M15_ATUAL|ETHUSDT|1789016700;10/09/2026 02:05:00;10/09/2026 02:15:00;ETHUSDT;ETH_M15_SNR48_REJEICAO_EXP_FIM_M15_ATUAL;PUT;2474.41;2481.23;LOSS;1.82;5.0;-5.0
ETH_M15_SNR48_REJEICAO_EXP_FIM_M15_ATUAL|ETHUSDT|1789020840;10/09/2026 03:14:00;10/09/2026 03:15:00;ETHUSDT;ETH_M15_SNR48_REJEICAO_EXP_FIM_M15_ATUAL;PUT;2475.54;2475.58;LOSS;1.82;5.0;-5.0
ETH_M15_SNR48_REJEICAO_EXP_FIM_M15_ATUAL|ETHUSDT|1789020960;10/09/2026 03:16:00;10/09/2026 03:30:00;ETHUSDT;ETH_M15_SNR48_REJEICAO_EXP_FIM_M15_ATUAL;PUT;2474.86;2473.6;WIN;1.82;5.0;4.1
ETH_M15_SNR48_REJEICAO_EXP_FIM_M15_ATUAL|ETHUSDT|1789021920;10/09/2026 03:32:00;10/09/2026 03:45:00;ETHUSDT;ETH_M15_SNR48_REJEICAO_EXP_FIM_M15_ATUAL;PUT;2472.91;2475.3;LOSS;1.82;5.0;-5.0
ETH_M15_SNR48_REJEICAO_EXP_FIM_M15_ATUAL|ETHUSDT|1789023900;10/09/2026 04:05:00;10/09/2026 04:15:00;ETHUSDT;ETH_M15_SNR48_REJEICAO_EXP_FIM_M15_ATUAL;PUT;2474.88;2475.29;LOSS;1.82;5.0;-5.0
ETH_M15_SNR48_REJEICAO_EXP_FIM_M15_ATUAL|ETHUSDT|1789024620;10/09/2026 04:17:00;10/09/2026 04:30:00;ETHUSDT;ETH_M15_SNR48_REJEICAO_EXP_FIM_M15_ATUAL;PUT;2475.0;2468.1;WIN;1.82;5.0;4.1
ETH_M15_SNR48_REJEICAO_EXP_FIM_M15_ATUAL|ETHUSDT|1789027020;10/09/2026 04:57:00;10/09/2026 05:00:00;ETHUSDT;ETH_M15_SNR48_REJEICAO_EXP_FIM_M15_ATUAL;PUT;2472.34;2472.97;LOSS;1.82;5.0;-5.0
ETH_M15_SNR48_REJEICAO_EXP_FIM_M15_ATUAL|ETHUSDT|1789027320;10/09/2026 05:02:00;10/09/2026 05:15:00;ETHUSDT;ETH_M15_SNR48_REJEICAO_EXP_FIM_M15_ATUAL;PUT;2471.75;2470.52;WIN;1.82;5.0;4.1
ETH_M15_SNR48_REJEICAO_EXP_FIM_M15_ATUAL|ETHUSDT|1789028760;10/09/2026 05:26:00;10/09/2026 05:30:00;ETHUSDT;ETH_M15_SNR48_REJEICAO_EXP_FIM_M15_ATUAL;PUT;2472.61;2474.64;LOSS;1.82;5.0;-5.0
ETH_M15_SNR48_REJEICAO_EXP_FIM_M15_ATUAL|ETHUSDT|1789029060;10/09/2026 05:31:00;10/09/2026 05:45:00;ETHUSDT;ETH_M15_SNR48_REJEICAO_EXP_FIM_M15_ATUAL;PUT;2473.3;2470.75;WIN;1.82;5.0;4.1
ETH_M15_SNR48_REJEICAO_EXP_FIM_M15_ATUAL|ETHUSDT|1789031160;10/09/2026 06:06:00;10/09/2026 06:15:00;ETHUSDT;ETH_M15_SNR48_REJEICAO_EXP_FIM_M15_ATUAL;PUT;2473.53;2474.33;LOSS;1.82;5.0;-5.0
ETH_M15_SNR48_REJEICAO_EXP_FIM_M15_ATUAL|ETHUSDT|1789032660;10/09/2026 06:31:00;10/09/2026 06:45:00;ETHUSDT;ETH_M15_SNR48_REJEICAO_EXP_FIM_M15_ATUAL;PUT;2475.44;2467.8;WIN;1.82;5.0;4.1
ETH_M15_SNR48_REJEICAO_EXP_FIM_M15_ATUAL|ETHUSDT|1789061820;10/09/2026 14:37:00;10/09/2026 14:45:00;ETHUSDT;ETH_M15_SNR48_REJEICAO_EXP_FIM_M15_ATUAL;PUT;2471.31;2465.87;WIN;1.82;5.0;4.1
DOGE_RSI14_M5_K3_EXP_M1|DOGEUSDT|1789081980;10/09/2026 20:13:00;10/09/2026 20:14:00;DOGEUSDT;DOGE_RSI14_M5_K3_EXP_M1;CALL;0.08332;0.08318;LOSS;1.82;5.0;-5.0
DOGE_RSI14_M5_K3_EXP_M1|DOGEUSDT|1789082280;10/09/2026 20:18:00;10/09/2026 20:19:00;DOGEUSDT;DOGE_RSI14_M5_K3_EXP_M1;CALL;0.0832;0.0831;LOSS;1.82;5.0;-5.0
ETH_M15_SNR48_REJEICAO_EXP_FIM_M15_ATUAL|ETHUSDT|1789107480;11/09/2026 03:18:00;11/09/2026 03:30:00;ETHUSDT;ETH_M15_SNR48_REJEICAO_EXP_FIM_M15_ATUAL;PUT;2469.34;2466.84;WIN;1.82;5.0;4.1
ETH_M15_SNR48_REJEICAO_EXP_FIM_M15_ATUAL|ETHUSDT|1789110720;11/09/2026 04:12:00;11/09/2026 04:15:00;ETHUSDT;ETH_M15_SNR48_REJEICAO_EXP_FIM_M15_ATUAL;PUT;2469.72;2468.65;WIN;1.82;5.0;4.1
ETH_M15_SNR48_REJEICAO_EXP_FIM_M15_ATUAL|ETHUSDT|1789111560;11/09/2026 04:26:00;11/09/2026 04:30:00;ETHUSDT;ETH_M15_SNR48_REJEICAO_EXP_FIM_M15_ATUAL;PUT;2470.22;2469.25;WIN;1.82;5.0;4.1
ETH_M15_SNR48_REJEICAO_EXP_FIM_M15_ATUAL|ETHUSDT|1789112340;11/09/2026 04:39:00;11/09/2026 04:45:00;ETHUSDT;ETH_M15_SNR48_REJEICAO_EXP_FIM_M15_ATUAL;PUT;2467.91;2467.72;WIN;1.82;5.0;4.1
DOGE_M15_SNR48_REJEICAO_EXP_FIM_PROX_M15|DOGEUSDT|1789149840;11/09/2026 15:04:00;11/09/2026 15:30:00;DOGEUSDT;DOGE_M15_SNR48_REJEICAO_EXP_FIM_PROX_M15;PUT;0.08434;0.08448;LOSS;1.82;5.0;-5.0
DOGE_M15_SNR48_REJEICAO_EXP_FIM_PROX_M15|DOGEUSDT|1789157160;11/09/2026 17:06:00;11/09/2026 17:30:00;DOGEUSDT;DOGE_M15_SNR48_REJEICAO_EXP_FIM_PROX_M15;PUT;0.0846;0.0844;WIN;1.82;5.0;4.1
DOGE_M15_SNR48_REJEICAO_EXP_FIM_PROX_M15|DOGEUSDT|1789159320;11/09/2026 17:42:00;11/09/2026 18:00:00;DOGEUSDT;DOGE_M15_SNR48_REJEICAO_EXP_FIM_PROX_M15;PUT;0.0845;0.08438;WIN;1.82;5.0;4.1
DOGE_M15_SNR48_REJEICAO_EXP_FIM_PROX_M15|DOGEUSDT|1789161180;11/09/2026 18:13:00;11/09/2026 18:30:00;DOGEUSDT;DOGE_M15_SNR48_REJEICAO_EXP_FIM_PROX_M15;PUT;0.08459;0.08451;WIN;1.82;5.0;4.1
DOGE_M15_SNR48_REJEICAO_EXP_FIM_PROX_M15|DOGEUSDT|1789162560;11/09/2026 18:36:00;11/09/2026 19:00:00;DOGEUSDT;DOGE_M15_SNR48_REJEICAO_EXP_FIM_PROX_M15;PUT;0.08451;0.08398;WIN;1.82;5.0;4.1
DOGE_M15_SNR48_REJEICAO_EXP_FIM_PROX_M15|DOGEUSDT|1789198020;12/09/2026 04:27:00;12/09/2026 04:45:00;DOGEUSDT;DOGE_M15_SNR48_REJEICAO_EXP_FIM_PROX_M15;PUT;0.08462;0.08468;LOSS;1.82;5.0;-5.0
DOGE_M15_SNR48_REJEICAO_EXP_FIM_PROX_M15|DOGEUSDT|1789199160;12/09/2026 04:46:00;12/09/2026 05:15:00;DOGEUSDT;DOGE_M15_SNR48_REJEICAO_EXP_FIM_PROX_M15;PUT;0.08466;0.08471;LOSS;1.82;5.0;-5.0
DOGE_M15_SNR48_REJEICAO_EXP_FIM_PROX_M15|DOGEUSDT|1789201920;12/09/2026 05:32:00;12/09/2026 06:00:00;DOGEUSDT;DOGE_M15_SNR48_REJEICAO_EXP_FIM_PROX_M15;PUT;0.08466;0.08479;LOSS;1.82;5.0;-5.0
DOGE_M15_SNR48_REJEICAO_EXP_FIM_PROX_M15|DOGEUSDT|1789241880;12/09/2026 16:38:00;12/09/2026 17:00:00;DOGEUSDT;DOGE_M15_SNR48_REJEICAO_EXP_FIM_PROX_M15;PUT;0.08466;0.0848;LOSS;1.82;5.0;-5.0
DOGE_M15_SNR48_REJEICAO_EXP_FIM_PROX_M15|DOGEUSDT|1789249860;12/09/2026 18:51:00;12/09/2026 19:15:00;DOGEUSDT;DOGE_M15_SNR48_REJEICAO_EXP_FIM_PROX_M15;PUT;0.08466;0.08473;LOSS;1.82;5.0;-5.0
DOGE_M15_SNR48_REJEICAO_EXP_FIM_PROX_M15|DOGEUSDT|1789252140;12/09/2026 19:29:00;12/09/2026 19:45:00;DOGEUSDT;DOGE_M15_SNR48_REJEICAO_EXP_FIM_PROX_M15;PUT;0.08467;0.08462;WIN;1.82;5.0;4.1
DOGE_M15_SNR48_REJEICAO_EXP_FIM_PROX_M15|DOGEUSDT|1789253400;12/09/2026 19:50:00;12/09/2026 20:15:00;DOGEUSDT;DOGE_M15_SNR48_REJEICAO_EXP_FIM_PROX_M15;PUT;0.08459;0.08474;LOSS;1.82;5.0;-5.0
DOGE_M15_SNR48_REJEICAO_EXP_FIM_PROX_M15|DOGEUSDT|1789273380;13/09/2026 01:23:00;13/09/2026 01:45:00;DOGEUSDT;DOGE_M15_SNR48_REJEICAO_EXP_FIM_PROX_M15;PUT;0.08465;0.0847;LOSS;1.82;5.0;-5.0
DOGE_M15_SNR48_REJEICAO_EXP_FIM_PROX_M15|DOGEUSDT|1789274820;13/09/2026 01:47:00;13/09/2026 02:15:00;DOGEUSDT;DOGE_M15_SNR48_REJEICAO_EXP_FIM_PROX_M15;PUT;0.08466;0.08479;LOSS;1.82;5.0;-5.0
DOGE_M15_SNR48_REJEICAO_EXP_FIM_PROX_M15|DOGEUSDT|1789281720;13/09/2026 03:42:00;13/09/2026 04:00:00;DOGEUSDT;DOGE_M15_SNR48_REJEICAO_EXP_FIM_PROX_M15;PUT;0.08463;0.08443;WIN;1.82;5.0;4.1
DOGE_M15_SNR48_REJEICAO_EXP_FIM_PROX_M15|DOGEUSDT|1789306260;13/09/2026 10:31:00;13/09/2026 11:00:00;DOGEUSDT;DOGE_M15_SNR48_REJEICAO_EXP_FIM_PROX_M15;CALL;0.08296;0.08343;WIN;1.82;5.0;4.1
DOGE_M15_SNR48_REJEICAO_EXP_FIM_PROX_M15|DOGEUSDT|1789320660;13/09/2026 14:31:00;13/09/2026 15:00:00;DOGEUSDT;DOGE_M15_SNR48_REJEICAO_EXP_FIM_PROX_M15;PUT;0.08458;0.08444;WIN;1.82;5.0;4.1
ETH_M15_SNR48_REJEICAO_EXP_FIM_M15_ATUAL|ETHUSDT|1789163760;11/09/2026 18:56:00;11/09/2026 19:00:00;ETHUSDT;ETH_M15_SNR48_REJEICAO_EXP_FIM_M15_ATUAL;PUT;2518.4;2514.185;WIN;1.82;5.0;4.1
ETH_M15_SNR48_REJEICAO_EXP_FIM_M15_ATUAL|ETHUSDT|1789164960;11/09/2026 19:16:00;11/09/2026 19:30:00;ETHUSDT;ETH_M15_SNR48_REJEICAO_EXP_FIM_M15_ATUAL;PUT;2517.57;2518.69;LOSS;1.82;5.0;-5.0
ETH_M15_SNR48_REJEICAO_EXP_FIM_M15_ATUAL|ETHUSDT|1789195980;12/09/2026 03:53:00;12/09/2026 04:00:00;ETHUSDT;ETH_M15_SNR48_REJEICAO_EXP_FIM_M15_ATUAL;PUT;2520.6;2519.63;WIN;1.82;5.0;4.1
ETH_M15_SNR48_REJEICAO_EXP_FIM_M15_ATUAL|ETHUSDT|1789239240;12/09/2026 15:54:00;12/09/2026 16:00:00;ETHUSDT;ETH_M15_SNR48_REJEICAO_EXP_FIM_M15_ATUAL;PUT;2520.9;2521.36;LOSS;1.82;5.0;-5.0
ETH_M15_SNR48_REJEICAO_EXP_FIM_M15_ATUAL|ETHUSDT|1789240260;12/09/2026 16:11:00;12/09/2026 16:15:00;ETHUSDT;ETH_M15_SNR48_REJEICAO_EXP_FIM_M15_ATUAL;PUT;2519.64;2522.91;LOSS;1.82;5.0;-5.0
ETH_M15_SNR48_REJEICAO_EXP_FIM_M15_ATUAL|ETHUSDT|1789240860;12/09/2026 16:21:00;12/09/2026 16:30:00;ETHUSDT;ETH_M15_SNR48_REJEICAO_EXP_FIM_M15_ATUAL;PUT;2520.175;2520.05;WIN;1.82;5.0;4.1
ETH_M15_SNR48_REJEICAO_EXP_FIM_M15_ATUAL|ETHUSDT|1789241460;12/09/2026 16:31:00;12/09/2026 16:45:00;ETHUSDT;ETH_M15_SNR48_REJEICAO_EXP_FIM_M15_ATUAL;PUT;2519.88;2515.56;WIN;1.82;5.0;4.1
ETH_M15_SNR48_REJEICAO_EXP_FIM_M15_ATUAL|ETHUSDT|1789246380;12/09/2026 17:53:00;12/09/2026 18:00:00;ETHUSDT;ETH_M15_SNR48_REJEICAO_EXP_FIM_M15_ATUAL;PUT;2520.53;2520.82;LOSS;1.82;5.0;-5.0
ETH_M15_SNR48_REJEICAO_EXP_FIM_M15_ATUAL|ETHUSDT|1789246860;12/09/2026 18:01:00;12/09/2026 18:15:00;ETHUSDT;ETH_M15_SNR48_REJEICAO_EXP_FIM_M15_ATUAL;PUT;2520.39;2525.97;LOSS;1.82;5.0;-5.0
ETH_M15_SNR48_REJEICAO_EXP_FIM_M15_ATUAL|ETHUSDT|1789252440;12/09/2026 19:34:00;12/09/2026 19:45:00;ETHUSDT;ETH_M15_SNR48_REJEICAO_EXP_FIM_M15_ATUAL;PUT;2520.63;2521.67;LOSS;1.82;5.0;-5.0
ETH_M15_SNR48_REJEICAO_EXP_FIM_M15_ATUAL|ETHUSDT|1789268460;13/09/2026 00:01:00;13/09/2026 00:15:00;ETHUSDT;ETH_M15_SNR48_REJEICAO_EXP_FIM_M15_ATUAL;PUT;2520.85;2520.81;WIN;1.82;5.0;4.1
ETH_M15_SNR48_REJEICAO_EXP_FIM_M15_ATUAL|ETHUSDT|1789269360;13/09/2026 00:16:00;13/09/2026 00:30:00;ETHUSDT;ETH_M15_SNR48_REJEICAO_EXP_FIM_M15_ATUAL;PUT;2520.35;2520.84;LOSS;1.82;5.0;-5.0
ETH_M15_SNR48_REJEICAO_EXP_FIM_M15_ATUAL|ETHUSDT|1789270260;13/09/2026 00:31:00;13/09/2026 00:45:00;ETHUSDT;ETH_M15_SNR48_REJEICAO_EXP_FIM_M15_ATUAL;PUT;2519.45;2521.92;LOSS;1.82;5.0;-5.0
ETH_M15_SNR48_REJEICAO_EXP_FIM_M15_ATUAL|ETHUSDT|1789271220;13/09/2026 00:47:00;13/09/2026 01:00:00;ETHUSDT;ETH_M15_SNR48_REJEICAO_EXP_FIM_M15_ATUAL;PUT;2520.88;2520.82;WIN;1.82;5.0;4.1
ETH_M15_SNR48_REJEICAO_EXP_FIM_M15_ATUAL|ETHUSDT|1789272060;13/09/2026 01:01:00;13/09/2026 01:15:00;ETHUSDT;ETH_M15_SNR48_REJEICAO_EXP_FIM_M15_ATUAL;PUT;2520.73;2521.42;LOSS;1.82;5.0;-5.0
ETH_M15_SNR48_REJEICAO_EXP_FIM_M15_ATUAL|ETHUSDT|1789274280;13/09/2026 01:38:00;13/09/2026 01:45:00;ETHUSDT;ETH_M15_SNR48_REJEICAO_EXP_FIM_M15_ATUAL;PUT;2520.53;2520.01;WIN;1.82;5.0;4.1
ETH_M15_SNR48_REJEICAO_EXP_FIM_M15_ATUAL|ETHUSDT|1789274880;13/09/2026 01:48:00;13/09/2026 02:00:00;ETHUSDT;ETH_M15_SNR48_REJEICAO_EXP_FIM_M15_ATUAL;PUT;2520.0;2520.03;LOSS;1.82;5.0;-5.0
ETH_M15_SNR48_REJEICAO_EXP_FIM_M15_ATUAL|ETHUSDT|1789281600;13/09/2026 03:40:00;13/09/2026 03:45:00;ETHUSDT;ETH_M15_SNR48_REJEICAO_EXP_FIM_M15_ATUAL;PUT;2520.4;2519.84;WIN;1.82;5.0;4.1
ETH_M15_SNR48_REJEICAO_EXP_FIM_M15_ATUAL|ETHUSDT|1789281960;13/09/2026 03:46:00;13/09/2026 04:00:00;ETHUSDT;ETH_M15_SNR48_REJEICAO_EXP_FIM_M15_ATUAL;PUT;2517.46;2513.19;WIN;1.82;5.0;4.1
ETH_M15_SNR48_REJEICAO_EXP_FIM_M15_ATUAL|ETHUSDT|1789285560;13/09/2026 04:46:00;13/09/2026 05:00:00;ETHUSDT;ETH_M15_SNR48_REJEICAO_EXP_FIM_M15_ATUAL;PUT;2519.46;2517.95;WIN;1.82;5.0;4.1
ETH_M15_SNR48_REJEICAO_EXP_FIM_M15_ATUAL|ETHUSDT|1789286760;13/09/2026 05:06:00;13/09/2026 05:15:00;ETHUSDT;ETH_M15_SNR48_REJEICAO_EXP_FIM_M15_ATUAL;PUT;2517.32;2515.2;WIN;1.82;5.0;4.1
ETH_M15_SNR48_REJEICAO_EXP_FIM_M15_ATUAL|ETHUSDT|1789333080;13/09/2026 17:58:00;13/09/2026 18:00:00;ETHUSDT;ETH_M15_SNR48_REJEICAO_EXP_FIM_M15_ATUAL;PUT;2512.69;2512.85;LOSS;1.82;5.0;-5.0
ETH_M15_SNR48_REJEICAO_EXP_FIM_M15_ATUAL|ETHUSDT|1789334760;13/09/2026 18:26:00;13/09/2026 18:30:00;ETHUSDT;ETH_M15_SNR48_REJEICAO_EXP_FIM_M15_ATUAL;PUT;2513.91;2513.5;WIN;1.82;5.0;4.1
DOGE_RSI14_M5_K3_EXP_M1|DOGEUSDT|1789337280;13/09/2026 19:08:00;13/09/2026 19:09:00;DOGEUSDT;DOGE_RSI14_M5_K3_EXP_M1;CALL;0.08329;0.08314;LOSS;1.82;5.0;-5.0
DOGE_RSI14_M5_K3_EXP_M1|DOGEUSDT|1789337580;13/09/2026 19:13:00;13/09/2026 19:14:00;DOGEUSDT;DOGE_RSI14_M5_K3_EXP_M1;CALL;0.08306;0.08309;WIN;1.82;5.0;4.1
DOGE_RSI14_M5_K3_EXP_M1|DOGEUSDT|1789337880;13/09/2026 19:18:00;13/09/2026 19:19:00;DOGEUSDT;DOGE_RSI14_M5_K3_EXP_M1;CALL;0.08256;0.08255;LOSS;1.82;5.0;-5.0
DOGE_RSI14_M5_K3_EXP_M1|DOGEUSDT|1789338180;13/09/2026 19:23:00;13/09/2026 19:24:00;DOGEUSDT;DOGE_RSI14_M5_K3_EXP_M1;CALL;0.08254;0.08248;LOSS;1.82;5.0;-5.0
DOGE_RSI14_M5_K3_EXP_M1|DOGEUSDT|1789338480;13/09/2026 19:28:00;13/09/2026 19:29:00;DOGEUSDT;DOGE_RSI14_M5_K3_EXP_M1;CALL;0.08242;0.08246;WIN;1.82;5.0;4.1
DOGE_RSI14_M5_K3_EXP_M1|DOGEUSDT|1789338780;13/09/2026 19:33:00;13/09/2026 19:34:00;DOGEUSDT;DOGE_RSI14_M5_K3_EXP_M1;CALL;0.08237;0.08255;WIN;1.82;5.0;4.1
DOGE_RSI14_M5_K3_EXP_M1|DOGEUSDT|1789339080;13/09/2026 19:38:00;13/09/2026 19:39:00;DOGEUSDT;DOGE_RSI14_M5_K3_EXP_M1;CALL;0.08261;0.08257;LOSS;1.82;5.0;-5.0
DOGE_RSI14_M5_K3_EXP_M1|DOGEUSDT|1789339380;13/09/2026 19:43:00;13/09/2026 19:44:00;DOGEUSDT;DOGE_RSI14_M5_K3_EXP_M1;CALL;0.08218;0.08222;WIN;1.82;5.0;4.1
DOGE_RSI14_M5_K3_EXP_M1|DOGEUSDT|1789339680;13/09/2026 19:48:00;13/09/2026 19:49:00;DOGEUSDT;DOGE_RSI14_M5_K3_EXP_M1;CALL;0.08226;0.08227;WIN;1.82;5.0;4.1
DOGE_RSI14_M5_K3_EXP_M1|DOGEUSDT|1789339980;13/09/2026 19:53:00;13/09/2026 19:54:00;DOGEUSDT;DOGE_RSI14_M5_K3_EXP_M1;CALL;0.08237;0.08239;WIN;1.82;5.0;4.1
DOGE_RSI14_M5_K3_EXP_M1|DOGEUSDT|1789340280;13/09/2026 19:58:00;13/09/2026 19:59:00;DOGEUSDT;DOGE_RSI14_M5_K3_EXP_M1;CALL;0.08222;0.08225;WIN;1.82;5.0;4.1
DOGE_RSI14_M5_K3_EXP_M1|DOGEUSDT|1789340580;13/09/2026 20:03:00;13/09/2026 20:04:00;DOGEUSDT;DOGE_RSI14_M5_K3_EXP_M1;CALL;0.08248;0.08241;LOSS;1.82;5.0;-5.0
DOGE_M15_SNR48_REJEICAO_EXP_FIM_PROX_M15|DOGEUSDT|1789339560;13/09/2026 19:46:00;13/09/2026 20:15:00;DOGEUSDT;DOGE_M15_SNR48_REJEICAO_EXP_FIM_PROX_M15;CALL;0.08236;0.08231;LOSS;1.82;5.0;-5.0
DOGE_M15_SNR48_REJEICAO_EXP_FIM_PROX_M15|DOGEUSDT|1789341660;13/09/2026 20:21:00;13/09/2026 20:45:00;DOGEUSDT;DOGE_M15_SNR48_REJEICAO_EXP_FIM_PROX_M15;CALL;0.08231;0.08257;WIN;1.82;5.0;4.1
DOGE_M15_SNR48_REJEICAO_EXP_FIM_PROX_M15|DOGEUSDT|1789345860;13/09/2026 21:31:00;13/09/2026 22:00:00;DOGEUSDT;DOGE_M15_SNR48_REJEICAO_EXP_FIM_PROX_M15;CALL;0.08233;0.08267;WIN;1.82;5.0;4.1
ETH_M15_SNR48_REJEICAO_EXP_FIM_M15_ATUAL|ETHUSDT|1789355880;14/09/2026 00:18:00;14/09/2026 00:30:00;ETHUSDT;ETH_M15_SNR48_REJEICAO_EXP_FIM_M15_ATUAL;PUT;2516.44;2514.23113;WIN;1.82;5.0;4.1
ETH_M15_SNR48_REJEICAO_EXP_FIM_M15_ATUAL|ETHUSDT|1789367220;14/09/2026 03:27:00;14/09/2026 03:30:00;ETHUSDT;ETH_M15_SNR48_REJEICAO_EXP_FIM_M15_ATUAL;PUT;2518.7;2514.92;WIN;1.82;5.0;4.1
DOGE_M15_SNR48_REJEICAO_EXP_FIM_PROX_M15|DOGEUSDT|1789366560;14/09/2026 03:16:00;14/09/2026 03:45:00;DOGEUSDT;DOGE_M15_SNR48_REJEICAO_EXP_FIM_PROX_M15;PUT;0.084551;0.084448;WIN;1.82;5.0;4.1
DOGE_M15_SNR48_REJEICAO_EXP_FIM_PROX_M15|DOGEUSDT|1789391460;14/09/2026 10:11:00;14/09/2026 10:30:00;DOGEUSDT;DOGE_M15_SNR48_REJEICAO_EXP_FIM_PROX_M15;CALL;0.08345;0.08356;WIN;1.82;5.0;4.1
DOGE_M15_SNR48_REJEICAO_EXP_FIM_PROX_M15|DOGEUSDT|1789417560;14/09/2026 17:26:00;14/09/2026 17:45:00;DOGEUSDT;DOGE_M15_SNR48_REJEICAO_EXP_FIM_PROX_M15;PUT;0.08588;0.08557;WIN;1.82;5.0;4.1
ETH_M15_SNR48_REJEICAO_EXP_FIM_M15_ATUAL|ETHUSDT|1789391460;14/09/2026 10:11:00;14/09/2026 10:15:00;ETHUSDT;ETH_M15_SNR48_REJEICAO_EXP_FIM_M15_ATUAL;CALL;2497.82;2498.71;WIN;1.82;5.0;4.1
ETH_M15_SNR48_REJEICAO_EXP_FIM_M15_ATUAL|ETHUSDT|1789417560;14/09/2026 17:26:00;14/09/2026 17:30:00;ETHUSDT;ETH_M15_SNR48_REJEICAO_EXP_FIM_M15_ATUAL;PUT;2602.72;2599.08;WIN;1.82;5.0;4.1
DOGE_M15_SNR48_REJEICAO_EXP_FIM_PROX_M15|DOGEUSDT|1789435860;14/09/2026 22:31:00;14/09/2026 23:00:00;DOGEUSDT;DOGE_M15_SNR48_REJEICAO_EXP_FIM_PROX_M15;CALL;0.08365;0.08379;WIN;1.82;5.0;4.1
ETH_M15_SNR48_REJEICAO_EXP_FIM_M15_ATUAL|ETHUSDT|1789442340;15/09/2026 00:19:00;15/09/2026 00:30:00;ETHUSDT;ETH_M15_SNR48_REJEICAO_EXP_FIM_M15_ATUAL;CALL;2500.63;2502.78;WIN;1.82;5.0;4.1
DOGE_M15_SNR48_REJEICAO_EXP_FIM_PROX_M15|DOGEUSDT|1789442460;15/09/2026 00:21:00;15/09/2026 00:45:00;DOGEUSDT;DOGE_M15_SNR48_REJEICAO_EXP_FIM_PROX_M15;CALL;0.0835;0.08349;LOSS;1.82;5.0;-5.0
DOGE_M15_SNR48_REJEICAO_EXP_FIM_PROX_M15|DOGEUSDT|1789444320;15/09/2026 00:52:00;15/09/2026 01:15:00;DOGEUSDT;DOGE_M15_SNR48_REJEICAO_EXP_FIM_PROX_M15;CALL;0.08343;0.08329;LOSS;1.82;5.0;-5.0
ETH_M15_SNR48_REJEICAO_EXP_FIM_M15_ATUAL|ETHUSDT|1789444860;15/09/2026 01:01:00;15/09/2026 01:15:00;ETHUSDT;ETH_M15_SNR48_REJEICAO_EXP_FIM_M15_ATUAL;CALL;2499.33;2498.53;LOSS;1.82;5.0;-5.0
DOGE_M15_SNR48_REJEICAO_EXP_FIM_PROX_M15|DOGEUSDT|1789445760;15/09/2026 01:16:00;15/09/2026 01:45:00;DOGEUSDT;DOGE_M15_SNR48_REJEICAO_EXP_FIM_PROX_M15;CALL;0.08331;0.08322;LOSS;1.82;5.0;-5.0
DOGE_M15_SNR48_REJEICAO_EXP_FIM_PROX_M15|DOGEUSDT|1789447620;15/09/2026 01:47:00;15/09/2026 02:15:00;DOGEUSDT;DOGE_M15_SNR48_REJEICAO_EXP_FIM_PROX_M15;CALL;0.08328;0.08286;LOSS;1.82;5.0;-5.0
ETH_M15_SNR48_REJEICAO_EXP_FIM_M15_ATUAL|ETHUSDT|1789448460;15/09/2026 02:01:00;15/09/2026 02:15:00;ETHUSDT;ETH_M15_SNR48_REJEICAO_EXP_FIM_M15_ATUAL;CALL;2491.59;2484.1;LOSS;1.82;5.0;-5.0
DOGE_RSI14_M5_K3_EXP_M1|DOGEUSDT|1789449780;15/09/2026 02:23:00;15/09/2026 02:24:00;DOGEUSDT;DOGE_RSI14_M5_K3_EXP_M1;CALL;0.08277;0.08272;LOSS;1.82;5.0;-5.0
DOGE_RSI14_M5_K3_EXP_M1|DOGEUSDT|1789450080;15/09/2026 02:28:00;15/09/2026 02:29:00;DOGEUSDT;DOGE_RSI14_M5_K3_EXP_M1;CALL;0.08283;0.08285;WIN;1.82;5.0;4.1
ETH_M15_SNR48_REJEICAO_EXP_FIM_M15_ATUAL|ETHUSDT|1789450140;15/09/2026 02:29:00;15/09/2026 02:30:00;ETHUSDT;ETH_M15_SNR48_REJEICAO_EXP_FIM_M15_ATUAL;CALL;2489.46;2489.0;LOSS;1.82;5.0;-5.0
DOGE_M15_SNR48_REJEICAO_EXP_FIM_PROX_M15|DOGEUSDT|1789455420;15/09/2026 03:57:00;15/09/2026 04:15:00;DOGEUSDT;DOGE_M15_SNR48_REJEICAO_EXP_FIM_PROX_M15;CALL;0.08266;0.08273;WIN;1.82;5.0;4.1
ETH_M15_SNR48_REJEICAO_EXP_FIM_M15_ATUAL|ETHUSDT|1789456200;15/09/2026 04:10:00;15/09/2026 04:15:00;ETHUSDT;ETH_M15_SNR48_REJEICAO_EXP_FIM_M15_ATUAL;CALL;2486.376188;2481.14;LOSS;1.82;5.0;-5.0
ETH_M15_SNR48_REJEICAO_EXP_FIM_M15_ATUAL|ETHUSDT|1789456740;15/09/2026 04:19:00;15/09/2026 04:30:00;ETHUSDT;ETH_M15_SNR48_REJEICAO_EXP_FIM_M15_ATUAL;CALL;2482.74;2483.78;WIN;1.82;5.0;4.1
ETH_M15_SNR48_REJEICAO_EXP_FIM_M15_ATUAL|ETHUSDT|1789457760;15/09/2026 04:36:00;15/09/2026 04:45:00;ETHUSDT;ETH_M15_SNR48_REJEICAO_EXP_FIM_M15_ATUAL;CALL;2480.09;2478.35;LOSS;1.82;5.0;-5.0
ETH_M15_SNR48_REJEICAO_EXP_FIM_M15_ATUAL|ETHUSDT|1789458360;15/09/2026 04:46:00;15/09/2026 05:00:00;ETHUSDT;ETH_M15_SNR48_REJEICAO_EXP_FIM_M15_ATUAL;CALL;2481.56;2474.33;LOSS;1.82;5.0;-5.0
DOGE_M15_SNR48_REJEICAO_EXP_FIM_PROX_M15|DOGEUSDT|1789458960;15/09/2026 04:56:00;15/09/2026 05:15:00;DOGEUSDT;DOGE_M15_SNR48_REJEICAO_EXP_FIM_PROX_M15;CALL;0.0825;0.08252;WIN;1.82;5.0;4.1
ETH_M15_SNR48_REJEICAO_EXP_FIM_M15_ATUAL|ETHUSDT|1789460400;15/09/2026 05:20:00;15/09/2026 05:30:00;ETHUSDT;ETH_M15_SNR48_REJEICAO_EXP_FIM_M15_ATUAL;CALL;2472.16;2472.48;WIN;1.82;5.0;4.1
DOGE_M15_SNR48_REJEICAO_EXP_FIM_PROX_M15|DOGEUSDT|1789460340;15/09/2026 05:19:00;15/09/2026 05:45:00;DOGEUSDT;DOGE_M15_SNR48_REJEICAO_EXP_FIM_PROX_M15;CALL;0.08256;0.08245;LOSS;1.82;5.0;-5.0
DOGE_M15_SNR48_REJEICAO_EXP_FIM_PROX_M15|DOGEUSDT|1789472400;15/09/2026 08:40:00;15/09/2026 09:00:00;DOGEUSDT;DOGE_M15_SNR48_REJEICAO_EXP_FIM_PROX_M15;CALL;0.08249;0.08251;WIN;1.82;5.0;4.1
DOGE_M15_SNR48_REJEICAO_EXP_FIM_PROX_M15|DOGEUSDT|1789479660;15/09/2026 10:41:00;15/09/2026 11:00:00;DOGEUSDT;DOGE_M15_SNR48_REJEICAO_EXP_FIM_PROX_M15;CALL;0.08262;0.08283;WIN;1.82;5.0;4.1
