fase;horario_sinal;horario_expiracao;ativo;estrategia;lado;entrada;saida;resultado;odd;stake_virtual;pnl_virtual
FORWARD_POS100;20/08/2026 14:15:00;20/08/2026 14:20:00;XLMUSDT;XLM_CHAMP_RSI14_25_75;PUT;0.1872;0.1879;LOSS;1.8;5.0;-5.0
FORWARD_POS100;20/08/2026 14:15:00;20/08/2026 14:20:00;XLMUSDT;XLM_CHAL_RSI14_22_78;PUT;0.1872;0.1879;LOSS;1.8;5.0;-5.0
FORWARD_POS100;20/08/2026 14:15:00;20/08/2026 14:20:00;XLMUSDT;XLM_CHAL_RSI14_25_75_BB20;PUT;0.1872;0.1879;LOSS;1.8;5.0;-5.0
FORWARD_POS100;20/08/2026 14:15:00;20/08/2026 14:20:00;XLMUSDT;XLM_CHAL_RSI21_ATR02;PUT;0.1872;0.1879;LOSS;1.8;5.0;-5.0
FORWARD_POS100;20/08/2026 14:20:00;20/08/2026 14:25:00;XLMUSDT;XLM_CHAMP_RSI14_25_75;PUT;0.1879;0.1887;LOSS;1.8;5.0;-5.0
FORWARD_POS100;20/08/2026 14:20:00;20/08/2026 14:25:00;XLMUSDT;XLM_CHAL_RSI14_22_78;PUT;0.1879;0.1887;LOSS;1.8;5.0;-5.0
FORWARD_POS100;20/08/2026 14:20:00;20/08/2026 14:25:00;XLMUSDT;XLM_CHAL_RSI14_25_75_BB20;PUT;0.1879;0.1887;LOSS;1.8;5.0;-5.0
FORWARD_POS100;20/08/2026 14:20:00;20/08/2026 14:25:00;XLMUSDT;XLM_CHAL_RSI21_ATR02;PUT;0.1879;0.1887;LOSS;1.8;5.0;-5.0
FORWARD_POS100;20/08/2026 14:25:00;20/08/2026 14:30:00;XLMUSDT;XLM_CHAMP_RSI14_25_75;PUT;0.1887;0.1894;LOSS;1.8;5.0;-5.0
FORWARD_POS100;20/08/2026 14:25:00;20/08/2026 14:30:00;XLMUSDT;XLM_CHAL_RSI14_22_78;PUT;0.1887;0.1894;LOSS;1.8;5.0;-5.0
FORWARD_POS100;20/08/2026 14:25:00;20/08/2026 14:30:00;XLMUSDT;XLM_CHAL_RSI14_25_75_BB20;PUT;0.1887;0.1894;LOSS;1.8;5.0;-5.0
FORWARD_POS100;20/08/2026 14:25:00;20/08/2026 14:30:00;XLMUSDT;XLM_CHAL_RSI21_ATR02;PUT;0.1887;0.1894;LOSS;1.8;5.0;-5.0
FORWARD_POS100;20/08/2026 14:30:00;20/08/2026 14:35:00;XLMUSDT;XLM_CHAMP_RSI14_25_75;PUT;0.1894;0.1902;LOSS;1.8;5.0;-5.0
FORWARD_POS100;20/08/2026 14:30:00;20/08/2026 14:35:00;XLMUSDT;XLM_CHAL_RSI14_22_78;PUT;0.1894;0.1902;LOSS;1.8;5.0;-5.0
FORWARD_POS100;20/08/2026 14:30:00;20/08/2026 14:35:00;XLMUSDT;XLM_CHAL_RSI14_25_75_BB20;PUT;0.1894;0.1902;LOSS;1.8;5.0;-5.0
FORWARD_POS100;20/08/2026 14:30:00;20/08/2026 14:35:00;XLMUSDT;XLM_CHAL_RSI21_ATR02;PUT;0.1894;0.1902;LOSS;1.8;5.0;-5.0
FORWARD_POS100;20/08/2026 14:35:00;20/08/2026 14:40:00;XLMUSDT;XLM_CHAMP_RSI14_25_75;PUT;0.1902;0.1916;LOSS;1.8;5.0;-5.0
FORWARD_POS100;20/08/2026 14:35:00;20/08/2026 14:40:00;XLMUSDT;XLM_CHAL_RSI14_22_78;PUT;0.1902;0.1916;LOSS;1.8;5.0;-5.0
FORWARD_POS100;20/08/2026 14:35:00;20/08/2026 14:40:00;XLMUSDT;XLM_CHAL_RSI21_ATR02;PUT;0.1902;0.1916;LOSS;1.8;5.0;-5.0
FORWARD_POS100;20/08/2026 14:40:00;20/08/2026 14:45:00;XLMUSDT;XLM_CHAMP_RSI14_25_75;PUT;0.1916;0.1899;WIN;1.8;5.0;4.0
FORWARD_POS100;20/08/2026 14:40:00;20/08/2026 14:45:00;XLMUSDT;XLM_CHAL_RSI14_22_78;PUT;0.1916;0.1899;WIN;1.8;5.0;4.0
FORWARD_POS100;20/08/2026 14:40:00;20/08/2026 14:45:00;XLMUSDT;XLM_CHAL_RSI21_ATR02;PUT;0.1916;0.1899;WIN;1.8;5.0;4.0
FORWARD_POS100;20/08/2026 14:45:00;20/08/2026 14:50:00;XLMUSDT;XLM_CHAMP_RSI14_25_75;PUT;0.1899;0.1901;LOSS;1.8;5.0;-5.0
FORWARD_POS100;20/08/2026 14:45:00;20/08/2026 14:50:00;XLMUSDT;XLM_CHAL_RSI14_22_78;PUT;0.1899;0.1901;LOSS;1.8;5.0;-5.0
FORWARD_POS100;20/08/2026 14:45:00;20/08/2026 14:50:00;XLMUSDT;XLM_CHAL_RSI21_ATR02;PUT;0.1899;0.1901;LOSS;1.8;5.0;-5.0
FORWARD_POS100;20/08/2026 14:50:00;20/08/2026 14:55:00;XLMUSDT;XLM_CHAMP_RSI14_25_75;PUT;0.1901;0.1886;WIN;1.8;5.0;4.0
FORWARD_POS100;20/08/2026 14:50:00;20/08/2026 14:55:00;XLMUSDT;XLM_CHAL_RSI14_22_78;PUT;0.1901;0.1886;WIN;1.8;5.0;4.0
FORWARD_POS100;20/08/2026 14:50:00;20/08/2026 14:55:00;XLMUSDT;XLM_CHAL_RSI21_ATR02;PUT;0.1901;0.1886;WIN;1.8;5.0;4.0
FORWARD_POS100;20/08/2026 14:55:00;20/08/2026 15:00:00;XLMUSDT;XLM_CHAMP_RSI14_25_75;PUT;0.1886;0.1864;WIN;1.8;5.0;4.0
FORWARD_POS100;20/08/2026 14:55:00;20/08/2026 15:00:00;XLMUSDT;XLM_CHAL_RSI14_22_78;PUT;0.1886;0.1864;WIN;1.8;5.0;4.0
FORWARD_POS100;20/08/2026 14:55:00;20/08/2026 15:00:00;XLMUSDT;XLM_CHAL_RSI21_ATR02;PUT;0.1886;0.1864;WIN;1.8;5.0;4.0
FORWARD_POS100;20/08/2026 15:00:00;20/08/2026 15:05:00;XLMUSDT;XLM_CHAMP_RSI14_25_75;PUT;0.1864;0.1844;WIN;1.8;5.0;4.0
FORWARD_POS100;20/08/2026 15:00:00;20/08/2026 15:05:00;XLMUSDT;XLM_CHAL_RSI21_ATR02;PUT;0.1864;0.1844;WIN;1.8;5.0;4.0
FORWARD_POS100;20/08/2026 22:55:00;20/08/2026 23:00:00;XLMUSDT;XLM_CHAMP_RSI14_25_75;PUT;0.1868;0.1859;WIN;1.8;5.0;4.0
FORWARD_POS100;20/08/2026 22:55:00;20/08/2026 23:00:00;XLMUSDT;XLM_CHAL_RSI14_25_75_BB20;PUT;0.1868;0.1859;WIN;1.8;5.0;4.0
FORWARD_POS100;21/08/2026 05:55:00;21/08/2026 06:00:00;XLMUSDT;XLM_CHAMP_RSI14_25_75;PUT;0.1941;0.1943;LOSS;1.8;5.0;-5.0
FORWARD_POS100;21/08/2026 05:55:00;21/08/2026 06:00:00;XLMUSDT;XLM_CHAL_RSI14_25_75_BB20;PUT;0.1941;0.1943;LOSS;1.8;5.0;-5.0
FORWARD_POS100;21/08/2026 06:00:00;21/08/2026 06:05:00;XLMUSDT;XLM_CHAMP_RSI14_25_75;PUT;0.1943;0.1901;WIN;1.8;5.0;4.0
FORWARD_POS100;21/08/2026 06:00:00;21/08/2026 06:05:00;XLMUSDT;XLM_CHAL_RSI14_25_75_BB20;PUT;0.1943;0.1901;WIN;1.8;5.0;4.0
FORWARD_POS100;20/08/2026 19:20:00;20/08/2026 19:25:00;DOGEUSDT;DOGE_CHAL_RSI7_TREND_ATR01;CALL;0.07918;0.07964;WIN;1.82;5.0;4.1
FORWARD_POS100;20/08/2026 14:15:00;20/08/2026 14:20:00;BTCUSDT;BTC_CONTROLE_RSI14_ATR02;PUT;72691.99;72636.11;WIN;1.82;5.0;4.1
FORWARD_POS100;20/08/2026 14:20:00;20/08/2026 14:25:00;BTCUSDT;BTC_CONTROLE_RSI14_ATR02;PUT;72636.11;72724.0;LOSS;1.82;5.0;-5.0
FORWARD_POS100;20/08/2026 14:25:00;20/08/2026 14:30:00;BTCUSDT;BTC_CONTROLE_RSI14_ATR02;PUT;72724.0;72810.0;LOSS;1.82;5.0;-5.0
FORWARD_POS100;20/08/2026 14:30:00;20/08/2026 14:35:00;BTCUSDT;BTC_CONTROLE_RSI14_ATR02;PUT;72810.0;72805.99;WIN;1.82;5.0;4.1
FORWARD_POS100;20/08/2026 14:35:00;20/08/2026 14:40:00;BTCUSDT;BTC_CONTROLE_RSI14_ATR02;PUT;72805.99;72816.0;LOSS;1.82;5.0;-5.0
FORWARD_POS100;20/08/2026 14:40:00;20/08/2026 14:45:00;BTCUSDT;BTC_CONTROLE_RSI14_ATR02;PUT;72816.0;72762.0;WIN;1.82;5.0;4.1
FORWARD_POS100;20/08/2026 14:45:00;20/08/2026 14:50:00;BTCUSDT;BTC_CONTROLE_RSI14_ATR02;PUT;72762.0;72804.74;LOSS;1.82;5.0;-5.0
FORWARD_POS100;20/08/2026 14:50:00;20/08/2026 14:55:00;BTCUSDT;BTC_CONTROLE_RSI14_ATR02;PUT;72804.74;72890.48;LOSS;1.82;5.0;-5.0
FORWARD_POS100;20/08/2026 14:55:00;20/08/2026 15:00:00;BTCUSDT;BTC_CONTROLE_RSI14_ATR02;PUT;72890.48;72737.51;WIN;1.82;5.0;4.1
FORWARD_POS100;20/08/2026 15:00:00;20/08/2026 15:05:00;BTCUSDT;BTC_CONTROLE_RSI14_ATR02;PUT;72737.51;72615.94;WIN;1.82;5.0;4.1
FORWARD_POS100;20/08/2026 15:05:00;20/08/2026 15:10:00;BTCUSDT;BTC_CONTROLE_RSI14_ATR02;PUT;72615.94;72557.66;WIN;1.82;5.0;4.1
FORWARD_POS100;20/08/2026 15:10:00;20/08/2026 15:15:00;BTCUSDT;BTC_CONTROLE_RSI14_ATR02;PUT;72557.66;72617.79;LOSS;1.82;5.0;-5.0
FORWARD_POS100;20/08/2026 15:15:00;20/08/2026 15:20:00;BTCUSDT;BTC_CONTROLE_RSI14_ATR02;PUT;72617.79;72632.39;LOSS;1.82;5.0;-5.0
FORWARD_POS100;20/08/2026 15:20:00;20/08/2026 15:25:00;BTCUSDT;BTC_CONTROLE_RSI14_ATR02;PUT;72632.39;72735.39;LOSS;1.82;5.0;-5.0
FORWARD_POS100;20/08/2026 15:25:00;20/08/2026 15:30:00;BTCUSDT;BTC_CONTROLE_RSI14_ATR02;PUT;72735.39;72688.0;WIN;1.82;5.0;4.1
FORWARD_POS100;20/08/2026 15:30:00;20/08/2026 15:35:00;BTCUSDT;BTC_CONTROLE_RSI14_ATR02;PUT;72688.0;72433.1;WIN;1.82;5.0;4.1
FORWARD_POS100;20/08/2026 15:35:00;20/08/2026 15:40:00;BTCUSDT;BTC_CONTROLE_RSI14_ATR02;PUT;72433.1;72460.0;LOSS;1.82;5.0;-5.0
FORWARD_POS100;20/08/2026 15:40:00;20/08/2026 15:45:00;BTCUSDT;BTC_CONTROLE_RSI14_ATR02;PUT;72460.0;72498.5;LOSS;1.82;5.0;-5.0
FORWARD_POS100;20/08/2026 15:45:00;20/08/2026 15:50:00;BTCUSDT;BTC_CONTROLE_RSI14_ATR02;PUT;72498.5;72534.0;LOSS;1.82;5.0;-5.0
FORWARD_POS100;20/08/2026 15:50:00;20/08/2026 15:55:00;BTCUSDT;BTC_CONTROLE_RSI14_ATR02;PUT;72534.0;72491.99;WIN;1.82;5.0;4.1
FORWARD_POS100;20/08/2026 15:55:00;20/08/2026 16:00:00;BTCUSDT;BTC_CONTROLE_RSI14_ATR02;PUT;72491.99;72431.36;WIN;1.82;5.0;4.1
FORWARD_POS100;20/08/2026 16:00:00;20/08/2026 16:05:00;BTCUSDT;BTC_CONTROLE_RSI14_ATR02;PUT;72431.36;72406.0;WIN;1.82;5.0;4.1
FORWARD_POS100;20/08/2026 16:05:00;20/08/2026 16:10:00;BTCUSDT;BTC_CONTROLE_RSI14_ATR02;PUT;72406.0;72470.09;LOSS;1.82;5.0;-5.0
FORWARD_POS100;20/08/2026 16:10:00;20/08/2026 16:15:00;BTCUSDT;BTC_CONTROLE_RSI14_ATR02;PUT;72470.09;72484.61;LOSS;1.82;5.0;-5.0
FORWARD_POS100;20/08/2026 16:15:00;20/08/2026 16:20:00;BTCUSDT;BTC_CONTROLE_RSI14_ATR02;PUT;72484.61;72532.0;LOSS;1.82;5.0;-5.0
FORWARD_POS100;20/08/2026 16:20:00;20/08/2026 16:25:00;BTCUSDT;BTC_CONTROLE_RSI14_ATR02;PUT;72532.0;72625.96;LOSS;1.82;5.0;-5.0
FORWARD_POS100;20/08/2026 16:25:00;20/08/2026 16:30:00;BTCUSDT;BTC_CONTROLE_RSI14_ATR02;PUT;72625.96;72610.0;WIN;1.82;5.0;4.1
FORWARD_POS100;20/08/2026 16:30:00;20/08/2026 16:35:00;BTCUSDT;BTC_CONTROLE_RSI14_ATR02;PUT;72610.0;72588.59;WIN;1.82;5.0;4.1
FORWARD_POS100;20/08/2026 16:35:00;20/08/2026 16:40:00;BTCUSDT;BTC_CONTROLE_RSI14_ATR02;PUT;72588.59;72704.69;LOSS;1.82;5.0;-5.0
FORWARD_POS100;20/08/2026 16:40:00;20/08/2026 16:45:00;BTCUSDT;BTC_CONTROLE_RSI14_ATR02;PUT;72704.69;72719.54;LOSS;1.82;5.0;-5.0
FORWARD_POS100;20/08/2026 16:45:00;20/08/2026 16:50:00;BTCUSDT;BTC_CONTROLE_RSI14_ATR02;PUT;72719.54;72674.92;WIN;1.82;5.0;4.1
FORWARD_POS100;20/08/2026 16:50:00;20/08/2026 16:55:00;BTCUSDT;BTC_CONTROLE_RSI14_ATR02;PUT;72674.92;72677.02;LOSS;1.82;5.0;-5.0
FORWARD_POS100;20/08/2026 16:55:00;20/08/2026 17:00:00;BTCUSDT;BTC_CONTROLE_RSI14_ATR02;PUT;72677.02;72639.99;WIN;1.82;5.0;4.1
FORWARD_POS100;20/08/2026 17:00:00;20/08/2026 17:05:00;BTCUSDT;BTC_CONTROLE_RSI14_ATR02;PUT;72639.99;72709.43;LOSS;1.82;5.0;-5.0
FORWARD_POS100;20/08/2026 17:05:00;20/08/2026 17:10:00;BTCUSDT;BTC_CONTROLE_RSI14_ATR02;PUT;72709.43;72733.54;LOSS;1.82;5.0;-5.0
FORWARD_POS100;20/08/2026 17:10:00;20/08/2026 17:15:00;BTCUSDT;BTC_CONTROLE_RSI14_ATR02;PUT;72733.54;72695.87;WIN;1.82;5.0;4.1
FORWARD_POS100;20/08/2026 21:20:00;20/08/2026 21:25:00;BTCUSDT;BTC_CONTROLE_RSI14_ATR02;PUT;73664.01;73799.18;LOSS;1.82;5.0;-5.0
FORWARD_POS100;20/08/2026 21:25:00;20/08/2026 21:30:00;BTCUSDT;BTC_CONTROLE_RSI14_ATR02;PUT;73799.18;73690.15;WIN;1.82;5.0;4.1
FORWARD_POS100;20/08/2026 22:20:00;20/08/2026 22:25:00;BTCUSDT;BTC_CONTROLE_RSI14_ATR02;PUT;74664.98;74511.84;WIN;1.82;5.0;4.1
FORWARD_POS100;20/08/2026 22:25:00;20/08/2026 22:30:00;BTCUSDT;BTC_CONTROLE_RSI14_ATR02;PUT;74511.84;74730.17;LOSS;1.82;5.0;-5.0
FORWARD_POS100;20/08/2026 22:30:00;20/08/2026 22:35:00;BTCUSDT;BTC_CONTROLE_RSI14_ATR02;PUT;74730.17;74746.341667;LOSS;1.82;5.0;-5.0
FORWARD_POS100;20/08/2026 22:35:00;20/08/2026 22:40:00;BTCUSDT;BTC_CONTROLE_RSI14_ATR02;PUT;74746.341667;74605.26;WIN;1.82;5.0;4.1
FORWARD_POS100;20/08/2026 22:45:00;20/08/2026 22:50:00;BTCUSDT;BTC_CONTROLE_RSI14_ATR02;PUT;74741.368333;75585.71;LOSS;1.82;5.0;-5.0
FORWARD_POS100;20/08/2026 22:50:00;20/08/2026 22:55:00;BTCUSDT;BTC_CONTROLE_RSI14_ATR02;PUT;75585.71;75390.22;WIN;1.82;5.0;4.1
FORWARD_POS100;20/08/2026 22:55:00;20/08/2026 23:00:00;BTCUSDT;BTC_CONTROLE_RSI14_ATR02;PUT;75390.22;75129.22;WIN;1.82;5.0;4.1
FORWARD_POS100;21/08/2026 04:20:00;21/08/2026 04:25:00;BTCUSDT;BTC_CONTROLE_RSI14_ATR02;PUT;76719.924334;76700.13;WIN;1.82;5.0;4.1
FORWARD_POS100;21/08/2026 04:25:00;21/08/2026 04:30:00;BTCUSDT;BTC_CONTROLE_RSI14_ATR02;PUT;76700.13;76671.86;WIN;1.82;5.0;4.1
FORWARD_POS100;21/08/2026 04:30:00;21/08/2026 04:35:00;BTCUSDT;BTC_CONTROLE_RSI14_ATR02;PUT;76671.86;76384.61;WIN;1.82;5.0;4.1
FORWARD_POS100;21/08/2026 05:20:00;21/08/2026 05:25:00;BTCUSDT;BTC_CONTROLE_RSI14_ATR02;PUT;77173.0;77037.28;WIN;1.82;5.0;4.1
FORWARD_POS100;21/08/2026 05:35:00;21/08/2026 05:40:00;BTCUSDT;BTC_CONTROLE_RSI14_ATR02;PUT;77561.06;77496.67;WIN;1.82;5.0;4.1
FORWARD_POS100;21/08/2026 05:45:00;21/08/2026 05:50:00;BTCUSDT;BTC_CONTROLE_RSI14_ATR02;PUT;77720.25;77823.027908;LOSS;1.82;5.0;-5.0
FORWARD_POS100;21/08/2026 05:50:00;21/08/2026 05:55:00;BTCUSDT;BTC_CONTROLE_RSI14_ATR02;PUT;77823.027908;78661.68;LOSS;1.82;5.0;-5.0
FORWARD_POS100;21/08/2026 05:55:00;21/08/2026 06:00:00;BTCUSDT;BTC_CONTROLE_RSI14_ATR02;PUT;78661.68;79240.39;LOSS;1.82;5.0;-5.0
FORWARD_POS100;21/08/2026 06:00:00;21/08/2026 06:05:00;BTCUSDT;BTC_CONTROLE_RSI14_ATR02;PUT;79240.39;79452.07891;LOSS;1.82;5.0;-5.0
FORWARD_POS100;21/08/2026 06:05:00;21/08/2026 06:10:00;BTCUSDT;BTC_CONTROLE_RSI14_ATR02;PUT;79452.07891;77838.28;WIN;1.82;5.0;4.1
FORWARD_POS100;21/08/2026 18:35:00;21/08/2026 18:40:00;BTCUSDT;BTC_CONTROLE_RSI14_ATR02;PUT;78401.6;78056.49;WIN;1.82;5.0;4.1
FORWARD_POS100;21/08/2026 18:50:00;21/08/2026 18:55:00;XLMUSDT;XLM_CHAMP_RSI14_25_75;PUT;0.1977;0.1976;WIN;1.8;5.0;4.0
FORWARD_POS100;21/08/2026 18:50:00;21/08/2026 18:55:00;XLMUSDT;XLM_CHAL_RSI14_25_75_BB20;PUT;0.1977;0.1976;WIN;1.8;5.0;4.0
FORWARD_POS100;21/08/2026 18:55:00;21/08/2026 19:00:00;XLMUSDT;XLM_CHAMP_RSI14_25_75;PUT;0.1976;0.1979;LOSS;1.8;5.0;-5.0
FORWARD_POS100;21/08/2026 19:00:00;21/08/2026 19:05:00;XLMUSDT;XLM_CHAMP_RSI14_25_75;PUT;0.1979;0.1982;LOSS;1.8;5.0;-5.0
FORWARD_POS100;21/08/2026 19:05:00;21/08/2026 19:10:00;XLMUSDT;XLM_CHAMP_RSI14_25_75;PUT;0.1982;0.198;WIN;1.8;5.0;4.0
FORWARD_POS100;21/08/2026 19:10:00;21/08/2026 19:15:00;XLMUSDT;XLM_CHAMP_RSI14_25_75;PUT;0.198;0.1983;LOSS;1.8;5.0;-5.0
FORWARD_POS100;21/08/2026 19:15:00;21/08/2026 19:20:00;XLMUSDT;XLM_CHAMP_RSI14_25_75;PUT;0.1983;0.1985;LOSS;1.8;5.0;-5.0
FORWARD_POS100;21/08/2026 19:20:00;21/08/2026 19:25:00;XLMUSDT;XLM_CHAMP_RSI14_25_75;PUT;0.1985;0.1974;WIN;1.8;5.0;4.0
FORWARD_POS100;21/08/2026 19:40:00;21/08/2026 19:45:00;XLMUSDT;XLM_CHAMP_RSI14_25_75;PUT;0.2002;0.2008;LOSS;1.8;5.0;-5.0
FORWARD_POS100;21/08/2026 19:45:00;21/08/2026 19:50:00;XLMUSDT;XLM_CHAMP_RSI14_25_75;PUT;0.2008;0.2014;LOSS;1.8;5.0;-5.0
FORWARD_POS100;21/08/2026 19:50:00;21/08/2026 19:55:00;XLMUSDT;XLM_CHAMP_RSI14_25_75;PUT;0.2014;0.2031;LOSS;1.8;5.0;-5.0
FORWARD_POS100;21/08/2026 19:50:00;21/08/2026 19:55:00;XLMUSDT;XLM_CHAL_RSI14_22_78;PUT;0.2014;0.2031;LOSS;1.8;5.0;-5.0
FORWARD_POS100;21/08/2026 19:55:00;21/08/2026 20:00:00;XLMUSDT;XLM_CHAMP_RSI14_25_75;PUT;0.2031;0.2028;WIN;1.8;5.0;4.0
FORWARD_POS100;21/08/2026 19:55:00;21/08/2026 20:00:00;XLMUSDT;XLM_CHAL_RSI14_22_78;PUT;0.2031;0.2028;WIN;1.8;5.0;4.0
FORWARD_POS100;21/08/2026 19:55:00;21/08/2026 20:00:00;XLMUSDT;XLM_CHAL_RSI14_25_75_BB20;PUT;0.2031;0.2028;WIN;1.8;5.0;4.0
FORWARD_POS100;21/08/2026 19:55:00;21/08/2026 20:00:00;XLMUSDT;XLM_CHAL_RSI21_ATR02;PUT;0.2031;0.2028;WIN;1.8;5.0;4.0
FORWARD_POS100;21/08/2026 20:00:00;21/08/2026 20:05:00;XLMUSDT;XLM_CHAMP_RSI14_25_75;PUT;0.2028;0.2023;WIN;1.8;5.0;4.0
FORWARD_POS100;21/08/2026 20:00:00;21/08/2026 20:05:00;XLMUSDT;XLM_CHAL_RSI14_22_78;PUT;0.2028;0.2023;WIN;1.8;5.0;4.0
FORWARD_POS100;21/08/2026 20:00:00;21/08/2026 20:05:00;XLMUSDT;XLM_CHAL_RSI21_ATR02;PUT;0.2028;0.2023;WIN;1.8;5.0;4.0
FORWARD_POS100;21/08/2026 20:05:00;21/08/2026 20:10:00;XLMUSDT;XLM_CHAMP_RSI14_25_75;PUT;0.2023;0.2015;WIN;1.8;5.0;4.0
FORWARD_POS100;21/08/2026 20:35:00;21/08/2026 20:40:00;XLMUSDT;XLM_CHAMP_RSI14_25_75;PUT;0.2036;0.2022;WIN;1.8;5.0;4.0
FORWARD_POS100;22/08/2026 00:25:00;22/08/2026 00:30:00;XLMUSDT;XLM_CHAMP_RSI14_25_75;PUT;0.216;0.2159;WIN;1.8;5.0;4.0
FORWARD_POS100;22/08/2026 00:25:00;22/08/2026 00:30:00;XLMUSDT;XLM_CHAL_RSI14_22_78;PUT;0.216;0.2159;WIN;1.8;5.0;4.0
FORWARD_POS100;22/08/2026 00:25:00;22/08/2026 00:30:00;XLMUSDT;XLM_CHAL_RSI14_25_75_BB20;PUT;0.216;0.2159;WIN;1.8;5.0;4.0
FORWARD_POS100;22/08/2026 00:25:00;22/08/2026 00:30:00;XLMUSDT;XLM_CHAL_RSI21_ATR02;PUT;0.216;0.2159;WIN;1.8;5.0;4.0
FORWARD_POS100;22/08/2026 00:30:00;22/08/2026 00:35:00;XLMUSDT;XLM_CHAMP_RSI14_25_75;PUT;0.2159;0.2142;WIN;1.8;5.0;4.0
FORWARD_POS100;22/08/2026 00:30:00;22/08/2026 00:35:00;XLMUSDT;XLM_CHAL_RSI14_22_78;PUT;0.2159;0.2142;WIN;1.8;5.0;4.0
FORWARD_POS100;22/08/2026 00:30:00;22/08/2026 00:35:00;XLMUSDT;XLM_CHAL_RSI14_25_75_BB20;PUT;0.2159;0.2142;WIN;1.8;5.0;4.0
FORWARD_POS100;22/08/2026 00:30:00;22/08/2026 00:35:00;XLMUSDT;XLM_CHAL_RSI21_ATR02;PUT;0.2159;0.2142;WIN;1.8;5.0;4.0
FORWARD_POS100;22/08/2026 01:45:00;22/08/2026 01:50:00;XLMUSDT;XLM_CHAMP_RSI14_25_75;PUT;0.2199;0.2199;EMPATE;1.8;5.0;0.0
FORWARD_POS100;22/08/2026 01:50:00;22/08/2026 01:55:00;XLMUSDT;XLM_CHAMP_RSI14_25_75;PUT;0.2199;0.2212;LOSS;1.8;5.0;-5.0
FORWARD_POS100;22/08/2026 01:55:00;22/08/2026 02:00:00;XLMUSDT;XLM_CHAMP_RSI14_25_75;PUT;0.2212;0.2214;LOSS;1.8;5.0;-5.0
FORWARD_POS100;22/08/2026 01:55:00;22/08/2026 02:00:00;XLMUSDT;XLM_CHAL_RSI14_22_78;PUT;0.2212;0.2214;LOSS;1.8;5.0;-5.0
FORWARD_POS100;22/08/2026 01:55:00;22/08/2026 02:00:00;XLMUSDT;XLM_CHAL_RSI14_25_75_BB20;PUT;0.2212;0.2214;LOSS;1.8;5.0;-5.0
FORWARD_POS100;22/08/2026 01:55:00;22/08/2026 02:00:00;XLMUSDT;XLM_CHAL_RSI21_ATR02;PUT;0.2212;0.2214;LOSS;1.8;5.0;-5.0
FORWARD_POS100;22/08/2026 02:00:00;22/08/2026 02:05:00;XLMUSDT;XLM_CHAMP_RSI14_25_75;PUT;0.2214;0.2214;EMPATE;1.8;5.0;0.0
FORWARD_POS100;22/08/2026 02:00:00;22/08/2026 02:05:00;XLMUSDT;XLM_CHAL_RSI14_22_78;PUT;0.2214;0.2214;EMPATE;1.8;5.0;0.0
FORWARD_POS100;22/08/2026 02:00:00;22/08/2026 02:05:00;XLMUSDT;XLM_CHAL_RSI21_ATR02;PUT;0.2214;0.2214;EMPATE;1.8;5.0;0.0
FORWARD_POS100;22/08/2026 02:05:00;22/08/2026 02:10:00;XLMUSDT;XLM_CHAMP_RSI14_25_75;PUT;0.2214;0.222866;LOSS;1.8;5.0;-5.0
FORWARD_POS100;22/08/2026 02:05:00;22/08/2026 02:10:00;XLMUSDT;XLM_CHAL_RSI14_22_78;PUT;0.2214;0.222866;LOSS;1.8;5.0;-5.0
FORWARD_POS100;22/08/2026 02:05:00;22/08/2026 02:10:00;XLMUSDT;XLM_CHAL_RSI21_ATR02;PUT;0.2214;0.222866;LOSS;1.8;5.0;-5.0
FORWARD_POS100;22/08/2026 02:10:00;22/08/2026 02:15:00;XLMUSDT;XLM_CHAMP_RSI14_25_75;PUT;0.222866;0.2003;WIN;1.8;5.0;4.0
FORWARD_POS100;22/08/2026 02:10:00;22/08/2026 02:15:00;XLMUSDT;XLM_CHAL_RSI14_22_78;PUT;0.222866;0.2003;WIN;1.8;5.0;4.0
FORWARD_POS100;22/08/2026 02:10:00;22/08/2026 02:15:00;XLMUSDT;XLM_CHAL_RSI21_ATR02;PUT;0.222866;0.2003;WIN;1.8;5.0;4.0
FORWARD_POS100;22/08/2026 02:15:00;22/08/2026 02:20:00;BTCUSDT;BTC_CONTROLE_RSI14_ATR02;CALL;76523.91;76416.644948;LOSS;1.82;5.0;-5.0
FORWARD_POS100;22/08/2026 02:20:00;22/08/2026 02:25:00;DOGEUSDT;DOGE_CHAL_RSI7_TREND_ATR01;CALL;0.0897;0.09006;WIN;1.82;5.0;4.1
FORWARD_POS100;22/08/2026 02:20:00;22/08/2026 02:25:00;BTCUSDT;BTC_CONTROLE_RSI14_ATR02;CALL;76416.644948;77144.92;WIN;1.82;5.0;4.1
FORWARD_POS100;22/08/2026 07:20:00;22/08/2026 07:25:00;XLMUSDT;XLM_CHAMP_RSI14_25_75;CALL;0.195;0.1939;LOSS;1.8;5.0;-5.0
FORWARD_POS100;22/08/2026 07:20:00;22/08/2026 07:25:00;XLMUSDT;XLM_CHAL_RSI14_25_75_BB20;CALL;0.195;0.1939;LOSS;1.8;5.0;-5.0
FORWARD_POS100;22/08/2026 07:25:00;22/08/2026 07:30:00;XLMUSDT;XLM_CHAMP_RSI14_25_75;CALL;0.1939;0.1968;WIN;1.8;5.0;4.0
FORWARD_POS100;22/08/2026 07:25:00;22/08/2026 07:30:00;XLMUSDT;XLM_CHAL_RSI14_25_75_BB20;CALL;0.1939;0.1968;WIN;1.8;5.0;4.0
FORWARD_POS100;22/08/2026 09:50:00;22/08/2026 09:55:00;DOGEUSDT;DOGE_CHAL_RSI7_TREND_ATR01;PUT;0.09188;0.09166;WIN;1.82;5.0;4.1
FORWARD_POS100;22/08/2026 19:00:00;22/08/2026 19:05:00;DOGEUSDT;DOGE_CHAL_RSI7_TREND_ATR01;CALL;0.09166;0.09174;WIN;1.82;5.0;4.1
FORWARD_POS100;22/08/2026 21:40:00;22/08/2026 21:45:00;DOGEUSDT;DOGE_CHAL_RSI7_TREND_ATR01;PUT;0.09334;0.09353;LOSS;1.82;5.0;-5.0
FORWARD_POS100;22/08/2026 21:45:00;22/08/2026 21:50:00;DOGEUSDT;DOGE_CHAL_RSI7_TREND_ATR01;PUT;0.09353;0.09419;LOSS;1.82;5.0;-5.0
FORWARD_POS100;22/08/2026 22:00:00;22/08/2026 22:05:00;XLMUSDT;XLM_CHAMP_RSI14_25_75;PUT;0.2006;0.199;WIN;1.8;5.0;4.0
FORWARD_POS100;22/08/2026 22:00:00;22/08/2026 22:05:00;XLMUSDT;XLM_CHAL_RSI14_25_75_BB20;PUT;0.2006;0.199;WIN;1.8;5.0;4.0
FORWARD_POS100;22/08/2026 23:15:00;22/08/2026 23:20:00;DOGEUSDT;DOGE_CHAL_RSI7_TREND_ATR01;CALL;0.09169;0.09186;WIN;1.82;5.0;4.1
FORWARD_POS100;23/08/2026 02:20:00;23/08/2026 02:25:00;BTCUSDT;BTC_CONTROLE_RSI14_ATR02;CALL;75558.981357;75474.059714;LOSS;1.82;5.0;-5.0
FORWARD_POS100;23/08/2026 02:25:00;23/08/2026 02:30:00;BTCUSDT;BTC_CONTROLE_RSI14_ATR02;CALL;75474.059714;76228.07;WIN;1.82;5.0;4.1
FORWARD_POS100;23/08/2026 11:45:00;23/08/2026 11:50:00;DOGEUSDT;DOGE_CHAL_RSI7_TREND_ATR01;CALL;0.09221;0.0927;WIN;1.82;5.0;4.1
FORWARD_POS100;23/08/2026 23:10:00;23/08/2026 23:15:00;XLMUSDT;XLM_CHAMP_RSI14_25_75;CALL;0.1923;0.1939;WIN;1.8;5.0;4.0
FORWARD_POS100;24/08/2026 08:45:00;24/08/2026 08:50:00;BTCUSDT;BTC_CONTROLE_RSI14_ATR02;PUT;78562.43;78190.58;WIN;1.82;5.0;4.1
FORWARD_POS100;24/08/2026 09:55:00;24/08/2026 10:00:00;BTCUSDT;BTC_CONTROLE_RSI14_ATR02;PUT;79139.65;79159.99;LOSS;1.82;5.0;-5.0
FORWARD_POS100;24/08/2026 10:00:00;24/08/2026 10:05:00;BTCUSDT;BTC_CONTROLE_RSI14_ATR02;PUT;79159.99;79021.53;WIN;1.82;5.0;4.1
FORWARD_POS100;24/08/2026 10:45:00;24/08/2026 10:50:00;DOGEUSDT;DOGE_CHAL_RSI7_TREND_ATR01;CALL;0.09096;0.09076;LOSS;1.82;5.0;-5.0
FORWARD_POS100;24/08/2026 10:50:00;24/08/2026 10:55:00;DOGEUSDT;DOGE_CHAL_RSI7_TREND_ATR01;CALL;0.09076;0.09055;LOSS;1.82;5.0;-5.0
FORWARD_POS100;24/08/2026 10:55:00;24/08/2026 11:00:00;DOGEUSDT;DOGE_CHAL_RSI7_TREND_ATR01;CALL;0.09055;0.09089;WIN;1.82;5.0;4.1
FORWARD_POS100;24/08/2026 19:00:00;24/08/2026 19:05:00;DOGEUSDT;DOGE_CHAL_RSI7_TREND_ATR01;PUT;0.09026;0.09004;WIN;1.82;5.0;4.1
FORWARD_POS100;24/08/2026 21:50:00;24/08/2026 21:55:00;BTCUSDT;BTC_CONTROLE_RSI14_ATR02;PUT;79578.38;79730.95;LOSS;1.82;5.0;-5.0
FORWARD_POS100;24/08/2026 21:55:00;24/08/2026 22:00:00;BTCUSDT;BTC_CONTROLE_RSI14_ATR02;PUT;79730.95;79739.99;LOSS;1.82;5.0;-5.0
FORWARD_POS100;24/08/2026 22:00:00;24/08/2026 22:05:00;BTCUSDT;BTC_CONTROLE_RSI14_ATR02;PUT;79739.99;79936.77;LOSS;1.82;5.0;-5.0
FORWARD_POS100;24/08/2026 22:05:00;24/08/2026 22:10:00;BTCUSDT;BTC_CONTROLE_RSI14_ATR02;PUT;79936.77;79815.31;WIN;1.82;5.0;4.1
FORWARD_POS100;24/08/2026 23:20:00;24/08/2026 23:25:00;BTCUSDT;BTC_CONTROLE_RSI14_ATR02;PUT;80860.4;80869.037017;LOSS;1.82;5.0;-5.0
FORWARD_POS100;24/08/2026 23:25:00;24/08/2026 23:30:00;BTCUSDT;BTC_CONTROLE_RSI14_ATR02;PUT;80869.037017;81027.274666;LOSS;1.82;5.0;-5.0
FORWARD_POS100;24/08/2026 23:30:00;24/08/2026 23:35:00;XLMUSDT;XLM_CHAMP_RSI14_25_75;PUT;0.1999;0.1994;WIN;1.8;5.0;4.0
FORWARD_POS100;24/08/2026 23:30:00;24/08/2026 23:35:00;XLMUSDT;XLM_CHAL_RSI14_25_75_BB20;PUT;0.1999;0.1994;WIN;1.8;5.0;4.0
FORWARD_POS100;24/08/2026 23:30:00;24/08/2026 23:35:00;BTCUSDT;BTC_CONTROLE_RSI14_ATR02;PUT;81027.274666;81019.865336;WIN;1.82;5.0;4.1
FORWARD_POS100;24/08/2026 23:35:00;24/08/2026 23:40:00;BTCUSDT;BTC_CONTROLE_RSI14_ATR02;PUT;81019.865336;80955.81;WIN;1.82;5.0;4.1
